"slug","title","category","audience","platform","cluster","primary_keyword","secondary_keywords","related","inbound_links"
"creator-contracts","Creator Contracts: The Agreements and Legal Documents a Creator Business Needs","Creator Resources","creator","multi-platform","Creator Protection > Contracts & Intellectual Property","creator contracts","creator legal documents; creator agreements; management agreement creator; freelancer agreement creator; creator contract types India","influencer-contract-guide-for-creators; creator-intellectual-property; creator-contracts-vs-emails","6"
"creator-intellectual-property","Creator Intellectual Property: What Creators Own and What They Don't","Creator Resources","creator","multi-platform","Creator Protection > Contracts & Intellectual Property","creator intellectual property","who owns creator content; creator IP India; personality rights India creators; creator ownership rights; AI content ownership creators","creator-copyright; creator-trademark; creator-usage-rights","6"
"creator-trademark","Creator Trademark Guide: How Creators Can Protect Their Brand Name and Logo in India","Creator Resources","creator","multi-platform","Creator Protection > Contracts & Intellectual Property","creator trademark","trademark channel name India; YouTuber trademark; influencer trademark registration; trademark classes creators; TM vs registered symbol","creator-intellectual-property; creator-copyright; creator-contracts","3"
"creator-bookkeeping","Creator Bookkeeping and Accounting: What Professional Creators Should Track Every Month","Creator Resources","creator","multi-platform","Creator Business > Money & Tax","creator bookkeeping","creator business accounting; creator business bank account; accounting for influencers India; monthly bookkeeping creators; separate bank account creator","creator-invoice-management; creator-profit-loss-statement; creator-income-tracker","5"
"creator-invoice-management","Creator Invoice Management: How to Track Brand Deals From Invoice to Payment","Creator Resources","creator","multi-platform","Creator Business > Money & Tax","creator invoice management","creator payment tracking; track brand payments; creator accounts receivable; invoice log creators; invoice tracker influencers","creators-handle-late-brand-payments; how-to-invoice-brands-as-a-creator-india; creator-bookkeeping","7"
"creator-profit-loss-statement","Creator Profit and Loss Statement: How to Read and Build a P&L for Your Creator Business","Creator Resources","creator","multi-platform","Creator Business > Creator Finance","creator profit and loss statement","creator P&L; profit and loss for influencers; creator business income statement; creator gross profit; creator operating profit","creator-profit-margin; creator-break-even-analysis; creator-bookkeeping","5"
"creator-break-even-analysis","Creator Break-Even Analysis: How to Calculate Your Break-Even Point","Creator Resources","creator","multi-platform","Creator Business > Creator Finance","creator break even analysis","creator break-even calculator; break even point creator business; how many brand deals to break even; creator fixed costs; contribution margin creators","creator-profit-loss-statement; creator-business-budget; creator-team-compensation","5"
"creator-crisis-communication","Creator Crisis Communication: How to Respond to Brands and Audiences When Something Goes Wrong","Creator Resources","creator","multi-platform","Creator Protection > Reputation & Crisis","creator crisis communication","creator apology; influencer public statement; tell brands about a controversy; creator holding statement; crisis statement template","creator-crisis-management; creator-reputation-management; creator-brand-safety","5"
"creator-advertising-rules","Creator Advertising Rules in India: What Creators Should Know Before Promoting Brands","Creator Resources","creator","multi-platform","Creator Protection > Responsible Partnerships","creator advertising rules","influencer advertising rules India; CCPA endorsement guidelines; ASCI influencer guidelines; SEBI finfluencer rules; misleading advertisement creators","creator-disclosure-guide; creator-brand-safety; ai-disclosure-creators","5"
"creator-content-moderation","Creator Content Moderation: How to Manage Comments, Spam and Harmful Content","Creator Resources","creator","multi-platform","Creator Community > Audience & Community","creator content moderation","moderate comments creators; Instagram hidden words; YouTube comment moderation; creator spam comments; harassment comments creators","creator-community-engagement; creator-reputation-management; creator-crisis-communication","2"
"creator-business-email","Creator Business Email: How to Set Up a Professional Creator Email System","Creator Resources","creator","multi-platform","Creator Business > Business Infrastructure","creator business email","professional email for influencers; creator email address; business email for YouTube; custom domain email creator; brand enquiry email","how-to-build-a-creator-website; manage-brand-collaboration-leads; creator-account-security","3"
"creator-file-management","Creator File Management: How to Organise Content, Contracts and Brand Assets","Creator Resources","creator","multi-platform","Creator Business > Business Infrastructure","creator file management","creator brand assets; creator digital asset management; folder structure for creators; organise video files; creator press kit","creator-backup-strategy; creator-campaign-documentation; creator-media-kit","4"
"creator-backup-strategy","Creator Backup Strategy: How to Protect Your Content and Business Data","Creator Resources","creator","multi-platform","Creator Business > Business Infrastructure","creator backup strategy","back up YouTube videos; 3-2-1 backup creators; backup raw footage; creator data backup; protect content creator files","creator-file-management; creator-account-security; creator-business-continuity","3"
"start-creator-management-agency-india","How to Start a Creator Management Agency in India: A Step-by-Step Guide","Creator Resources","creator","multi-platform","Creator Agencies > Start & Run an Agency","creator management agency","start creator management agency India; build creator management agency; talent management agency India; influencer management company India; start influencer agency","creator-management-agency-business-model; creator-talent-management; creator-agency-client-acquisition","4"
"creator-management-agency-business-model","Creator Management Agency Business Model: How Agencies Make Money","Creator Resources","creator","multi-platform","Creator Agencies > Agency Growth & Commercials","creator management agency business model","creator agency revenue model; creator agency commission; how talent agencies make money; influencer agency commission; agency revenue calculator; talent management fees","creator-agency-pricing-strategy; creator-agency-profitability; creator-agency-operations","7"
"creator-talent-management","Creator Talent Management: How to Manage Creators and a Roster Professionally","Creator Resources","creator","multi-platform","Creator Agencies > Talent & Roster","creator talent management","creator talent retention; creator roster management; how to manage influencers; talent manager responsibilities; keep creators at agency","creator-talent-acquisition; creator-roster-strategy; creator-talent-development","6"
"creator-agency-client-acquisition","Creator Agency Client Acquisition: How to Find and Win Brand Clients","Creator Resources","creator","multi-platform","Creator Agencies > Agency Growth & Commercials","creator agency client acquisition","creator agency sales funnel; find brand clients agency; influencer agency new business; agency lead qualification; agency roster deck","creator-agency-client-retention; creator-agency-pricing-strategy; creator-management-agency-business-model","4"
"creator-agency-operations","Creator Agency Operations: How to Run a Creator Management Business","Creator Resources","creator","multi-platform","Creator Agencies > Start & Run an Agency","creator agency operations","run a talent management agency; agency campaign workflow; pay creators agency; agency operations metrics; influencer agency processes","creator-talent-management; creator-management-agency-business-model; creator-operations","8"
"creator-studio-business-model","Creator Studio Business Model: How to Build a Content Production Studio","Creator Resources","creator","multi-platform","Creator Agencies > Start & Run an Agency","creator studio business model","content production studio; start a content studio; creator production company; UGC studio; video production studio pricing","creator-management-agency-business-model; scaling-creator-business; creator-production-team","5"
"creator-agency-growth-strategy","Creator Agency Growth Strategy: How to Grow a Creator Management Business","Creator Resources","creator","multi-platform","Creator Agencies > Agency Growth & Commercials","creator agency growth strategy","grow a creator management agency; influencer agency growth; talent agency growth plan; scale creator agency; agency growth levers","creator-agency-profitability; creator-agency-client-retention; creator-talent-acquisition","5"
"creator-agency-business-plan","Creator Agency Business Plan: How to Build a Sustainable Agency","Creator Resources","creator","multi-platform","Creator Agencies > Start & Run an Agency","creator agency business plan","influencer agency business plan; talent management agency business plan; agency business plan template; creator agency financial model; influencer marketing agency plan","start-creator-management-agency-india; creator-management-agency-business-model; creator-agency-profitability","2"
"creator-agency-pricing-strategy","Creator Agency Pricing Strategy: How to Price Your Services","Creator Resources","creator","multi-platform","Creator Agencies > Agency Growth & Commercials","creator agency pricing strategy","influencer agency pricing; creator agency retainers; influencer marketing retainer; agency management fee; how to price agency services","creator-management-agency-business-model; creator-agency-profitability; creator-agency-client-retention","5"
"creator-agency-profitability","Creator Agency Profitability: How to Build a Profitable Creator Business","Creator Resources","creator","multi-platform","Creator Agencies > Agency Growth & Commercials","creator agency profitability","influencer agency profit margin; agency net revenue; talent agency unit economics; agency profitability calculator; creator agency margins","creator-agency-pricing-strategy; creator-management-agency-business-model; creator-campaign-capacity-planning","7"
"creator-agency-client-retention","Creator Agency Client Retention: How to Build Long-Term Brand Relationships","Creator Resources","creator","multi-platform","Creator Agencies > Agency Growth & Commercials","creator agency client retention","influencer agency client retention; creator agency upselling; agency account management; quarterly business review agency; grow existing clients agency","creator-agency-client-acquisition; creator-agency-growth-strategy; creator-campaign-post-mortem","4"
"creator-talent-acquisition","Creator Talent Acquisition: How Agencies Find and Sign New Creators","Creator Resources","creator","multi-platform","Creator Agencies > Talent & Roster","creator talent acquisition","recruit creators for agency; how agencies find creators; sign influencers to agency; talent scouting creators; creator recruitment","creator-talent-screening; creator-roster-strategy; creator-talent-management","3"
"creator-talent-screening","Creator Talent Screening: How Agencies Should Evaluate Creators","Creator Resources","creator","multi-platform","Creator Agencies > Talent & Roster","creator talent screening","evaluate creators agency; creator evaluation scorecard; influencer talent assessment; screen influencers before signing; talent evaluation criteria","creator-talent-acquisition; creator-roster-strategy; how-to-vet-influencers","5"
"creator-roster-strategy","Creator Roster Strategy: How to Build a Valuable Creator Network","Creator Resources","creator","multi-platform","Creator Agencies > Talent & Roster","creator roster strategy","creator roster diversity; creator talent categories; influencer roster building; talent roster balance; creator network strategy","creator-talent-acquisition; creator-roster-evaluation; creator-talent-database","6"
"creator-talent-database","Creator Talent Database: How to Build and Manage a Creator Database","Creator Resources","creator","multi-platform","Creator Agencies > Talent & Roster","creator talent database","influencer database; creator database agency; roster database; talent management database; creator data management","creator-roster-strategy; creator-talent-screening; creator-crm","8"
"creator-roster-evaluation","Creator Roster Evaluation: How to Know Which Creators to Keep","Creator Resources","creator","multi-platform","Creator Agencies > Talent & Roster","creator roster evaluation","talent roster review; which creators to keep; influencer roster audit; drop creator from agency; roster performance review","creator-roster-strategy; creator-talent-development; creator-talent-management","5"
"creator-talent-development","Creator Talent Development: How Agencies Can Help Creators Grow","Creator Resources","creator","multi-platform","Creator Agencies > Talent & Roster","creator talent development","develop influencers agency; creator coaching agency; talent development plan creators; help creators grow; creator career development","creator-talent-management; creator-roster-evaluation; creator-growth-strategy","2"
"creator-campaign-operations","Creator Campaign Operations: How Agencies Manage Campaigns at Scale","Creator Resources","brand","multi-platform","Creator Agencies > Campaign Operations","creator campaign operations","influencer campaign operations; creator campaign project management; manage multiple influencer campaigns; agency campaign workflow; campaign operations at scale","creator-campaign-capacity-planning; creator-campaign-quality-assurance; influencer-campaign-management","4"
"creator-campaign-capacity-planning","Creator Campaign Capacity Planning: How Agencies Know How Many Campaigns They Can Handle","Creator Resources","brand","multi-platform","Creator Agencies > Campaign Operations","creator campaign capacity planning","creator campaign resource planning; agency capacity planning; influencer campaign resourcing; how many campaigns can an agency handle; campaign workload planning","creator-campaign-operations; creator-agency-profitability; creator-agency-growth-strategy","3"
"creator-campaign-quality-assurance","Creator Campaign Quality Assurance: How Agencies Check Deliverables","Creator Resources","brand","multi-platform","Creator Agencies > Campaign Operations","creator campaign quality assurance","influencer content QA; check influencer deliverables; influencer content approval checklist; campaign QA checklist; pre-live content checks","creator-campaign-operations; creator-campaign-escalation; creator-disclosure-guide","4"
"creator-campaign-escalation","Creator Campaign Escalation Process: How to Handle Problems Before They Grow","Creator Resources","brand","multi-platform","Creator Agencies > Campaign Operations","creator campaign escalation","influencer campaign problems; campaign escalation process; influencer campaign issue management; agency escalation matrix; campaign crisis handling","creator-campaign-quality-assurance; creator-campaign-operations; creator-crisis-communication","2"
"creator-campaign-post-mortem","Creator Campaign Post-Mortem: How to Review Campaigns and Capture What Works","Creator Resources","brand","multi-platform","Creator Agencies > Campaign Operations","creator campaign post mortem","influencer campaign debrief; campaign retrospective template; creator campaign knowledge base; agency knowledge management; campaign learnings","creator-campaign-operations; influencer-marketing-report; creator-agency-client-retention","6"
"creator-operations","Creator Operations: How to Run Your Content Business Like a Company","Creator Resources","creator","multi-platform","Creator Business > Creator Operations","creator operations","creator business systems; run a creator business; creator operating model; creator business management; creator back office; creator business operating system; central system creator business","creator-operations-checklist; creator-business-sops; creator-workflow-automation","8"
"creator-workflow-automation","Creator Workflow Automation: How to Automate Repetitive Business Tasks","Creator Resources","creator","multi-platform","Creator Business > Creator Operations","creator workflow automation","automate creator business; tasks creators can automate; creator automation; automate brand deal admin; automation ideas for creators","no-code-automation-creators; creator-operations; creator-tech-stack","3"
"creator-project-management","Creator Project Management: How to Run Launches, Series and Multi-Deliverable Campaigns","Creator Resources","creator","multi-platform","Creator Business > Creator Operations","creator project management","creator project management tools; manage content projects; campaign project plan creator; project board for creators; creator launch plan","creator-task-management; creator-operations; creator-workflow","6"
"creator-task-management","Creator Task Management: How to Organize Your Daily Content Business","Creator Resources","creator","multi-platform","Creator Business > Creator Operations","creator task management","creator productivity; to-do list for creators; time blocking creators; organize creator work; daily routine content creator","creator-project-management; creator-content-calendar; content-batching-for-creators","3"
"creator-operations-checklist","Creator Operations Checklist: 30 Processes to Run Your Creator Business","Creator Resources","creator","multi-platform","Creator Business > Creator Operations","creator operations checklist","creator business checklist; creator process audit; creator business systems checklist; run a creator business checklist","creator-operations; creator-business-sops; creator-business-continuity","2"
"creator-team-roles","Creator Team Roles: 15 People You Can Hire as Your Business Grows","Creator Resources","creator","multi-platform","Creator Business > Team, Hiring & Representation","creator team roles","content manager for creators; hire content manager; creator manager vs talent manager; creator business manager; youtube team roles","creator-team-building; creator-manager-vs-agency; creator-team-compensation","3"
"creator-assistant","Creator Assistant: What Does a Creator Virtual Assistant Do?","Creator Resources","creator","multi-platform","Creator Business > Team, Hiring & Representation","creator assistant","creator virtual assistant; virtual assistant for content creators; youtuber assistant; influencer assistant tasks; hire a VA India","creator-team-roles; creator-outsourcing; creator-account-security","3"
"hire-video-editor-creator","How to Hire a Video Editor as a Creator (and When to Outsource Editing)","Creator Resources","creator","multi-platform","Creator Business > Team, Hiring & Representation","hire video editor for creator","video editing outsourcing for creators; youtube video editor; reels editor; outsource video editing; freelance video editor India","creator-outsourcing; creator-content-quality-control; creator-team-compensation","3"
"hire-social-media-manager-creator","How to Hire a Social Media Manager as a Creator (or Outsource It)","Creator Resources","creator","multi-platform","Creator Business > Team, Hiring & Representation","hire social media manager","social media outsourcing for creators; social media manager for influencers; outsource social media creator; social media manager India","creator-team-roles; creator-account-security; creator-content-distribution","3"
"creator-team-compensation","Creator Team Salary and Compensation: How to Structure Pay","Creator Resources","creator","multi-platform","Creator Business > Team, Hiring & Representation","creator team compensation","creator team salary; how to pay a video editor; pay freelancers India creator; talent manager commission; creator team budget","creator-team-roles; creator-business-budget; creator-team-building","6"
"creator-team-management","Creator Team Management: How to Build a Productive Content Team","Creator Resources","creator","multi-platform","Creator Business > Team, Hiring & Representation","creator team management","manage content team; manage freelancers creator; creator team meetings; remote content team; creator team communication","creator-production-team; creator-team-roles; creator-business-sops","3"
"creator-outsourcing","Creator Outsourcing: What Should Creators Delegate First?","Creator Resources","creator","multi-platform","Creator Business > Outsourcing & Production","creator outsourcing","what should creators delegate; delegate as a creator; outsourcing for content creators; creator delegation calculator; outsource vs hire creator","outsource-content-creation; creator-team-building; creator-workflow-automation","4"
"outsource-content-creation","How to Outsource Content Creation Without Losing Your Voice","Creator Resources","creator","multi-platform","Creator Business > Outsourcing & Production","outsource content creation","content writing outsourcing for creators; creator ghostwriter; outsource scriptwriting; creator voice guide; hire a writer creator","creator-outsourcing; creator-content-quality-control; ai-content-workflow-for-creators","3"
"creator-production-team","Creator Production Team: How to Build a Repeatable Content Production Process","Creator Resources","creator","multi-platform","Creator Business > Outsourcing & Production","creator production team","content production process; youtube production team; content team structure; production capacity creator; content buffer","creator-content-workflow; creator-team-management; creator-content-quality-control","5"
"creator-content-quality-control","Creator Content Quality Control: How to Review Content Faster and Maintain Quality at Scale","Creator Resources","creator","multi-platform","Creator Business > Outsourcing & Production","creator content quality control","creator content approval workflow; content review process; content QA checklist; video review checklist; team content approval","creator-production-team; creator-brand-revisions; hire-video-editor-creator","5"
"creator-tech-stack","Creator Tech Stack: The Tools a Professional Creator Business Needs","Creator Resources","creator","multi-platform","Creator Business > Tools & Automation","creator tech stack","creator business tools; tools for content creators; creator software; creator business integrations; creator tools India","no-code-automation-creators; creator-operations; ai-tools-for-creators","7"
"no-code-automation-creators","No-Code Automation for Creators: How to Connect Your Business Tools","Creator Resources","creator","multi-platform","Creator Business > Tools & Automation","no-code automation for creators","creator automation tools; Zapier for creators; Make automation creators; connect creator tools; automate creator business","creator-workflow-automation; creator-tech-stack; ai-agents-for-creators","4"
"ai-agents-for-creators","AI Agents for Creators: What Creator Businesses Can (and Shouldn't) Automate","Creator Resources","creator","multi-platform","Creator Business > Tools & Automation","AI agents for creators","agentic AI creators; AI assistant creator business; AI automation creators; AI agent tasks; AI for creator operations","ai-tools-for-creators; no-code-automation-creators; ai-content-workflow-for-creators","2"
"scaling-creator-business","Scaling a Creator Business: How to Grow Beyond a One-Person Operation","Creator Resources","creator","multi-platform","Creator Business > Scaling & Resilience","scaling a creator business","creator business growth stages; creator business scalability; creator agency vs solo creator; grow creator business; creator-led company","creator-operations; creator-team-building; creator-business-model","4"
"creator-business-risk-management","Creator Business Risk Management: Risks Every Professional Creator Should Understand","Creator Resources","creator","multi-platform","Creator Business > Scaling & Resilience","creator business risk management","creator business risks; creator risk register; influencer business risk; protect creator business; creator risk checklist","creator-business-continuity; creator-platform-risk; creator-account-security","3"
"creator-account-security","Creator Account Security: How to Protect Your Social Media Business","Creator Resources","creator","multi-platform","Creator Protection > Content & Identity Protection","creator account security","protect Instagram account; YouTube channel hacked; two-factor authentication creators; passkeys Instagram; creator account hacked India; creator password management; password manager for creators","creator-impersonation; creator-scams-fake-brand-collaborations; creator-business-continuity","14"
"creator-platform-risk","Creator Platform Risk: How to Reduce Dependence on One Social Platform","Creator Resources","creator","multi-platform","Creator Business > Scaling & Resilience","creator platform risk","platform dependence creators; diversify social platforms; creator platform diversification; TikTok ban India creators; second platform strategy","creator-audience-ownership; creator-revenue-diversification; creator-business-risk-management","5"
"creator-business-continuity","Creator Business Continuity: How to Keep Your Business Running When You Can't Create","Creator Resources","creator","multi-platform","Creator Business > Scaling & Resilience","creator business continuity","creator burnout plan; creator break; content buffer; creator time off; creator business continuity checklist","creator-business-risk-management; creator-account-security; creator-operations-checklist","7"
"creator-revenue-forecasting","Creator Revenue Forecasting: How to Plan Your Income","Creator Resources","creator","multi-platform","Creator Business > Creator Finance","creator revenue forecasting","forecast creator income; income planning for creators; creator income forecast calculator; predict creator income; freelance income forecast; creator financial forecast; forecast creator costs and profit","creator-cash-flow-management; creator-financial-planning; creator-brand-partnership-pipeline","11"
"creator-financial-planning","Creator Financial Planning: How to Manage Irregular Creator Income","Creator Resources","creator","multi-platform","Creator Business > Creator Finance","creator financial planning","irregular income creators; manage creator income; pay yourself creator; creator emergency fund; freelancer financial planning India","creator-cash-flow-management; creator-business-budget; creator-revenue-forecasting","6"
"creator-cash-flow-management","Creator Cash Flow Management: How to Manage Uneven Monthly Income","Creator Resources","creator","multi-platform","Creator Business > Creator Finance","creator cash flow","cash flow management creators; uneven income; late payments creators; 13 week cash flow; freelancer cash flow India","creator-revenue-forecasting; creator-financial-planning; creators-handle-late-brand-payments","8"
"creator-business-budget","Creator Business Budget: How to Plan Your Monthly Expenses","Creator Resources","creator","multi-platform","Creator Business > Creator Finance","creator business budget","creator monthly expenses; budget for content creators; creator costs; YouTube channel budget; creator business spending","creator-business-expenses-india; creator-profit-margin; creator-financial-planning","8"
"creator-profit-margin","Creator Profit Margin: How to Calculate the Real Profit From Your Content Business","Creator Resources","creator","multi-platform","Creator Business > Creator Finance","creator profit margin","content business profit; calculate profit creators; creator business profitability; gross margin creators; net profit creator business","creator-brand-deal-profit; creator-business-budget; creator-content-roi","5"
"creator-digital-product-validation","Creator Digital Product Validation: How to Test an Idea Before Building It","Creator Resources","creator","multi-platform","Creator Monetization > Digital Products","digital product validation","validate product idea; pre-sell digital product; test product demand; creator product validation; waitlist validation","sell-digital-products-as-a-creator-india; digital-product-ideas-for-creators; launch-digital-product-creators","8"
"launch-digital-product-creators","How to Launch Your First Digital Product as a Creator","Creator Resources","creator","multi-platform","Creator Monetization > Digital Products","launch digital product","product launch creators; first digital product launch; launch plan creators; sell digital product launch; creator product launch India","creator-digital-product-validation; creator-digital-product-pricing; creator-email-funnel","3"
"creator-digital-product-pricing","Creator Digital Product Pricing: How Much Should You Charge?","Creator Resources","creator","multi-platform","Creator Monetization > Digital Products","digital product pricing","how to price digital products; pricing templates ebooks courses; creator product pricing India; price digital download; product pricing strategy","creator-digital-product-validation; launch-digital-product-creators; creator-profit-margin","8"
"sell-templates-guides-creators","How Creators Can Sell Templates, Guides and Toolkits","Creator Resources","creator","multi-platform","Creator Monetization > Digital Products","sell templates","sell guides online; creator toolkits; sell Canva templates; sell spreadsheet templates; digital downloads India","digital-product-ideas-for-creators; notion-templates-creators; creator-digital-product-pricing","5"
"notion-templates-creators","Notion Templates for Creators: How to Build and Sell Them","Creator Resources","creator","multi-platform","Creator Monetization > Digital Products","Notion templates","sell Notion templates; Notion template business; Notion Marketplace; build Notion templates; Notion templates for creators","sell-templates-guides-creators; creator-digital-product-pricing; digital-product-ideas-for-creators","3"
"creator-ebooks","Creator Ebooks: How to Write, Publish and Sell an Ebook","Creator Resources","creator","multi-platform","Creator Monetization > Digital Products","creator ebooks","write and sell an ebook; self-publish ebook India; ebook for creators; sell ebook online; digital book creators","sell-templates-guides-creators; creator-digital-product-validation; creator-digital-product-pricing","3"
"creator-printables","Creator Printables: How to Create and Sell Digital Printables","Creator Resources","creator","multi-platform","Creator Monetization > Digital Products","creator printables","sell printables online; digital printables India; printable planners; printable worksheets; how to sell printables","sell-templates-guides-creators; creator-digital-product-pricing; digital-product-ideas-for-creators","2"
"creator-services","Creator Services: How to Turn Your Expertise Into a Paid Service","Creator Resources","creator","multi-platform","Creator Business > Creator Services","creator services","sell services as a creator; turn expertise into income; creator consulting coaching; done for you services creators; service business creators","creator-offer-packaging; creator-service-pricing; creator-business-model","5"
"creator-consulting-services","How Creators Can Sell Consulting and Advisory Services","Creator Resources","creator","multi-platform","Creator Business > Creator Services","creator consulting","sell consulting services; advisory services creators; consultant creator; social media consulting India; niche consulting","creator-services; creator-coaching-business; creator-service-pricing","3"
"creator-coaching-business","Creator Coaching Business: How to Turn Expertise Into a Coaching Offer","Creator Resources","creator","multi-platform","Creator Business > Creator Services","creator coaching business","coaching offer; online coaching India; group coaching creators; how to start coaching; coaching programme design","creator-services; creator-consulting-services; creator-offer-packaging","3"
"creator-offer-packaging","How to Package Your Expertise Into a High-Value Creator Offer","Creator Resources","creator","multi-platform","Creator Business > Creator Services","creator offer packaging","package your expertise; high value offer; productised service; offer design creators; sellable offer","creator-services; creator-service-pricing; creator-consulting-services","5"
"creator-service-pricing","Creator Service Pricing: How to Price Consulting, Coaching and Freelance Services","Creator Resources","creator","multi-platform","Creator Business > Creator Services","creator service pricing","price consulting services; coaching pricing India; freelance pricing creators; retainer pricing; value based pricing","creator-offer-packaging; creator-pricing-strategy; creator-services","5"
"creator-discovery-call","Creator Discovery Call: How to Structure a Call With a Potential Client","Creator Resources","creator","multi-platform","Creator Business > Creator Services","creator discovery call","discovery call questions; sales call for coaches; consultation call structure; client call creators; discovery call template","creator-service-pricing; creator-client-onboarding; creator-offer-packaging","5"
"creator-client-onboarding","Creator Client Onboarding: A Complete Process for New Clients","Creator Resources","creator","multi-platform","Creator Business > Creator Services","creator client onboarding","client onboarding process; onboarding checklist coaches; new client welcome pack; consulting onboarding; freelance onboarding","creator-discovery-call; creator-client-management; creator-services","4"
"creator-paywall-content","How to Decide What to Put Behind a Creator Paywall","Creator Resources","creator","multi-platform","Creator Monetization > Monetization","creator paywall","free vs paid content; what to put behind a paywall; paid content strategy; premium content creators; content funnel free paid","creator-memberships; creator-paid-community-india; creator-newsletter-monetization","2"
"creator-course-business","Creator Course Business: How to Build and Sell an Online Course","Creator Resources","creator","multi-platform","Creator Monetization > Courses & Workshops","creator course business","sell online course India; build an online course; course creator business; cohort course; self-paced course","creator-course-topic; creator-course-pricing; creator-course-launch","6"
"creator-course-topic","How to Choose a Course Topic People Will Pay to Learn","Creator Resources","creator","multi-platform","Creator Monetization > Courses & Workshops","course topic ideas","choose a course topic; online course ideas India; what course to create; profitable course topics; course idea validation","creator-course-business; creator-digital-product-validation; creator-audience-research","3"
"creator-course-pricing","Creator Course Pricing: How Much Should an Online Course Cost?","Creator Resources","creator","multi-platform","Creator Monetization > Courses & Workshops","course pricing","how to price an online course; online course price India; cohort course pricing; course payment plans; pricing a course","creator-course-business; creator-digital-product-pricing; creator-course-launch","2"
"creator-course-launch","Creator Course Launch Strategy: From Audience Building to First Sale","Creator Resources","creator","multi-platform","Creator Monetization > Courses & Workshops","course launch strategy","launch an online course; course launch plan; founding cohort; open cart launch; course waitlist","creator-course-business; creator-webinar-strategy; creator-email-funnel","6"
"creator-workshops","Creator Workshop Business: How to Sell Live Workshops Online","Creator Resources","creator","multi-platform","Creator Monetization > Courses & Workshops","creator workshops","sell online workshops; paid workshop India; live workshop creators; workshop business; team workshops for companies","creator-course-business; creator-webinar-strategy; creator-offer-packaging","4"
"creator-webinar-strategy","Creator Webinar Strategy: How to Turn Educational Sessions Into Revenue","Creator Resources","creator","multi-platform","Creator Monetization > Courses & Workshops","creator webinar strategy","webinar to sell course; free webinar funnel; webinar structure; webinar for creators India; live training sales","creator-course-launch; creator-workshops; creator-email-funnel","2"
"creator-email-funnel","Creator Email Funnel: How to Turn Subscribers Into Customers","Creator Resources","creator","multi-platform","Creator Commerce > Funnels & Audience Ownership","creator email funnel","email marketing for creators; email sequence; welcome email sequence; sell with email; nurture sequence","creator-lead-magnets; creator-funnel; creator-newsletter-india","5"
"creator-checkout","Creator Checkout Experience: How to Reduce Friction When Selling Online","Creator Resources","creator","multi-platform","Creator Commerce > Funnels & Audience Ownership","creator checkout","reduce checkout friction; UPI checkout creators; sell online India checkout; payment page creators; abandoned checkout","creator-landing-pages; creator-storefront; creator-product-analytics","7"
"creator-product-analytics","Creator Product Analytics: What to Measure After Launching a Paid Offer","Creator Resources","creator","multi-platform","Creator Commerce > Funnels & Audience Ownership","creator product analytics","measure digital product sales; course completion rate; membership churn; conversion tracking creators; product metrics","creator-checkout; creator-conversion-rate; creator-analytics-dashboard","5"
"creator-goals","How to Set Creator Goals That Actually Improve Your Business","Creator Resources","creator","multi-platform","Creator Growth > Audience & Goals","creator goals","content creator goals; set goals as a creator; creator business goals; social media goals for creators; creator OKRs","creator-growth-strategy; follower-growth-vs-audience-growth; creator-business-plan","4"
"identify-ideal-audience-creator","How to Identify Your Ideal Audience as a Creator","Creator Resources","creator","multi-platform","Creator Growth > Audience & Goals","ideal audience creator","target audience for creators; define your audience; audience persona creator; who is my audience; creator target market","creator-audience-research; creator-niche-selection; creator-positioning","4"
"creator-audience-research","Creator Audience Research: How to Understand What Your Followers Want","Creator Resources","creator","multi-platform","Creator Growth > Audience & Goals","creator audience research","understand your audience; audience survey creators; what do my followers want; audience insights; creator market research","identify-ideal-audience-creator; how-to-find-content-gaps; creator-content-strategy","7"
"creator-content-strategy","Creator Content Strategy: How to Build a Repeatable Content System","Creator Resources","creator","multi-platform","Creator Content > Content Strategy","creator content strategy","content strategy for creators; content system; content planning creators; social media content strategy; content marketing for creators","content-pillars-for-creators; creator-content-workflow; creator-content-distribution","6"
"content-pillars-for-creators","Content Pillars for Creators: How to Choose Topics That Build Authority","Creator Resources","creator","multi-platform","Creator Content > Content Strategy","content pillars","content pillars for creators; content themes; social media content pillars; content categories; creator topics","creator-content-strategy; creator-positioning; creator-content-frameworks","4"
"creator-content-frameworks","Creator Content Frameworks: 15 Systems for Planning Better Content","Creator Resources","creator","multi-platform","Creator Content > Content Strategy","content frameworks","content planning frameworks; creator content framework; Hero Hub Help; content mix framework; content ideas system","creator-content-strategy; content-pillars-for-creators; how-to-write-video-scripts","3"
"creator-content-workflow","Creator Content Workflow: From Idea to Published Post","Creator Resources","creator","multi-platform","Creator Content > Content Strategy","creator content workflow","content production workflow; content creation process; idea to publish; content workflow template; creator production process; creator content production workflow; brief to published","creator-content-strategy; content-batching-for-creators; ai-content-workflow-for-creators","5"
"creator-content-distribution","Creator Content Distribution: How to Get More Reach From Every Post","Creator Resources","creator","multi-platform","Creator Content > Content Strategy","creator content distribution","content distribution strategy; promote your content; get more reach; cross-posting; content promotion without spamming","creator-content-strategy; content-repurposing-for-creators; creator-cross-promotion","5"
"creator-competitor-analysis","Creator Competitor Analysis: How to Study Other Creators Without Copying Them","Creator Resources","creator","multi-platform","Creator Content > Content Ideas & Research","creator competitor analysis","analyse other creators; competitor research YouTube; Instagram competitor analysis; content inspiration without copying; niche research","how-to-find-content-gaps; creator-positioning; how-to-analyze-a-viral-video","4"
"creator-trend-research","Creator Trend Research: How to Find Trends Before They Become Saturated","Creator Resources","creator","multi-platform","Creator Content > Content Ideas & Research","creator trend research","find trends early; social media trends creators; trending topics; trend spotting; Reels trends","trend-vs-evergreen-content-creators; creator-growth-strategy; evergreen-content-ideas-creators","3"
"evergreen-content-ideas-creators","How to Find Evergreen Content Ideas as a Creator","Creator Resources","creator","multi-platform","Creator Content > Content Ideas & Research","evergreen content ideas","evergreen content creators; evergreen YouTube videos; long-lasting content; timeless content ideas; searchable content ideas","trend-vs-evergreen-content-creators; creator-seo; how-to-find-content-gaps","3"
"trend-vs-evergreen-content-creators","Trend Content vs Evergreen Content: What Should Creators Post?","Creator Resources","creator","multi-platform","Creator Content > Content Ideas & Research","trend vs evergreen content","trending content vs evergreen; content mix creators; what should creators post; evergreen and trending content; content balance","creator-trend-research; evergreen-content-ideas-creators; creator-content-strategy","4"
"creator-storytelling","Creator Storytelling: How to Turn Information Into Content People Remember","Creator Resources","creator","multi-platform","Creator Content > Video Craft","creator storytelling","storytelling for content creators; storytelling frameworks; storytelling for Reels; YouTube storytelling; story-based content","how-to-write-video-scripts; short-form-video-hooks; creator-content-frameworks","4"
"creator-thumbnail-strategy","Creator Thumbnail Strategy: How to Design Thumbnails That Earn Clicks","Creator Resources","creator","multi-platform","Creator Content > Video Craft","thumbnail strategy","YouTube thumbnail tips; thumbnail psychology; thumbnails that get clicks; YouTube thumbnail design; test thumbnails; thumbnail design outsourcing; hire thumbnail designer","creator-title-strategy; creator-ab-testing; youtube-seo-for-creators","4"
"creator-title-strategy","Creator Title Strategy: How to Write Titles That Get Clicks and Search Traffic","Creator Resources","creator","multi-platform","Creator Content > Video Craft","creator title strategy","YouTube title tips; how to write video titles; titles for search; clickable titles; SEO titles for creators","creator-thumbnail-strategy; youtube-seo-for-creators; creator-seo","5"
"creator-thought-leadership","Creator Thought Leadership: How to Build Influence Beyond Social Media","Creator Resources","creator","multi-platform","Creator Growth > Personal Brand & Authority","creator thought leadership","thought leadership for creators; build influence; industry influence creators; original point of view; speaking and writing creators","how-to-build-authority-as-a-creator; creator-positioning; founder-creator-brand","4"
"founder-creator-brand","Founder Creator Brand: How Founders Can Build an Audience Through Content","Creator Resources","brand","multi-platform","Creator Growth > Personal Brand & Authority","founder creator brand","founder creator programs; founder-led content; founder personal brand; founder LinkedIn strategy; founder marketing India","b2b-creator-economy; executive-influencer-marketing-linkedin; employee-influencer-marketing","6"
"creator-community-engagement","Creator Community Engagement: How to Build Conversations Around Your Content","Creator Resources","creator","multi-platform","Creator Community > Audience & Community","creator community engagement","build conversations; comment strategy creators; increase comments; audience engagement; community engagement ideas","how-to-build-a-creator-community; creator-engagement-analytics; instagram-broadcast-channels","4"
"creator-brand-partnership-pipeline","How Creators Can Build a Brand Partnership Pipeline","Creator Resources","creator","multi-platform","Creator Brand Deals > Deal Operations","brand partnership pipeline","creator pipeline; creator sales pipeline; brand deal pipeline; creator outreach system; find brand deals consistently; pitch to payment; track brand deals to payment","creator-crm; manage-brand-collaboration-leads; how-to-find-brands-to-collaborate-with","7"
"creator-crm","Creator CRM: How to Track Brand Leads, Deals and Follow-Ups","Creator Resources","creator","multi-platform","Creator Brand Deals > Deal Operations","creator CRM","CRM for influencers; track brand deals; brand contacts creators; creator follow-up system; influencer CRM spreadsheet; creator CRM tools; creator client CRM; manage brand relationships","creator-brand-partnership-pipeline; manage-brand-collaboration-leads; creator-workflow","8"
"manage-brand-collaboration-leads","How to Manage Brand Collaboration Leads as a Creator","Creator Resources","creator","multi-platform","Creator Brand Deals > Deal Operations","brand collaboration leads","manage brand enquiries; inbound brand deals; reply to brand collaboration; qualify brand leads; creator enquiry process","creator-crm; creator-brand-partnership-pipeline; creator-scams-fake-brand-collaborations","5"
"creator-income-tracker","Creator Income Tracker: How to Track Brand Deals and Creator Revenue","Creator Resources","creator","multi-platform","Creator Business > Money & Tax","creator income tracker","track creator revenue; influencer income spreadsheet; brand deal income tracking; creator revenue tracker; creator bookkeeping India","creator-tax-records-india; creator-analytics-dashboard; how-to-invoice-brands-as-a-creator-india","13"
"creator-contracts-vs-emails","Creator Contracts vs Emails: What Should Be in Writing?","Creator Resources","creator","multi-platform","Creator Brand Deals > Deal Operations","creator contract vs email","influencer agreement email; brand deal in writing; confirmation email brand deal; do creators need contracts; influencer contract India","influencer-contract-guide-for-creators; creator-campaign-documentation; creator-deliverables","6"
"creator-campaign-documentation","Creator Campaign Documentation: The Documents Every Professional Creator Needs","Creator Resources","creator","multi-platform","Creator Brand Deals > Deal Operations","creator campaign documentation","influencer campaign documents; creator paperwork; brand deal records; creator folder system; proof of disclosure","creator-contracts-vs-emails; creator-tax-records-india; creator-workflow","9"
"creator-tax-records-india","Creator Tax Records: What Indian Creators Should Keep for Brand Deals","Creator Resources","creator","multi-platform","Creator Business > Money & Tax","creator tax records India","influencer tax records; TDS certificate creators; creator bookkeeping India; records for CA creators; GST records influencers","tds-for-influencers-india; gst-for-influencers-india; creator-business-expenses-india","7"
"creators-handle-late-brand-payments","How Creators Can Handle Late Brand Payments","Creator Resources","creator","multi-platform","Creator Brand Deals > Manage Campaigns","late brand payments","brand not paying influencer; creator payment delay; payment reminder email; MSME Samadhaan creators; unpaid influencer invoice; creator accounts receivable; unpaid brand invoices","creator-payment-terms; how-to-invoice-brands-as-a-creator-india; creator-income-tracker","9"
"creator-cancellation-policy","Creator Cancellation Policy: What Happens When a Brand Cancels a Campaign?","Creator Resources","creator","multi-platform","Creator Brand Deals > Manage Campaigns","creator cancellation policy","kill fee influencer; brand cancels campaign; influencer contract cancellation; campaign postponed creator; cancellation fee creators","creator-contracts-vs-emails; influencer-contract-guide-for-creators; creator-payment-terms","4"
"creator-pricing-calculator","Creator Pricing Calculator: What Should You Charge Brands?","Creator Resources","creator","multi-platform","Creator Business > Pricing & Profit","creator pricing calculator","influencer rate calculator; how much to charge brands; influencer pricing calculator India; creator rate calculator; sponsored post price calculator","how-much-should-creators-charge-india; influencer-rate-card-india; creator-brand-deal-profit","6"
"how-to-raise-creator-rates","How to Raise Your Rates as a Creator Without Losing Brand Deals","Creator Resources","creator","multi-platform","Creator Business > Pricing & Profit","raise creator rates","increase influencer rates; creator price increase; how to raise rates brands; influencer rate increase email; creator pricing","creator-pricing-calculator; creator-pricing-strategy; how-to-negotiate-brand-deals-as-a-creator","7"
"creator-brand-deal-profit","Creator Brand Deal Profit: How to Calculate What You Actually Earn","Creator Resources","creator","multi-platform","Creator Business > Pricing & Profit","creator brand deal profit","influencer profit calculation; effective hourly rate creator; brand deal costs; creator earnings calculation; is a brand deal worth it","creator-content-production-cost; creator-pricing-calculator; creator-opportunity-cost","7"
"creator-content-production-cost","Cost Per Content: How Creators Can Understand Their Real Production Costs","Creator Resources","creator","multi-platform","Creator Business > Pricing & Profit","content production cost","cost per content creator; creator production costs; cost of making a Reel; video production cost creators; creator overheads","creator-brand-deal-profit; creator-pricing-calculator; creator-content-roi","7"
"creator-opportunity-cost","Creator Opportunity Cost: How to Decide Which Brand Deals to Accept","Creator Resources","creator","multi-platform","Creator Brand Deals > Choosing the Right Deals","creator opportunity cost","which brand deals to accept; compare brand deals; creator capacity; brand deal decision; exclusivity cost creators","creator-brand-fit; creator-brand-deal-profit; how-creators-say-no-to-brand-deals","4"
"creator-brand-fit","Creator Brand Fit: How to Decide Whether a Collaboration Makes Sense","Creator Resources","creator","multi-platform","Creator Brand Deals > Choosing the Right Deals","creator brand fit","brand fit scorecard; influencer brand alignment; choose brand collaborations; brand partnership fit; right brands for creators","creator-opportunity-cost; creator-brand-safety; how-creators-say-no-to-brand-deals","8"
"how-creators-say-no-to-brand-deals","How Creators Can Say No to Brand Collaborations Professionally","Creator Resources","creator","multi-platform","Creator Brand Deals > Choosing the Right Deals","say no to brand deals","decline brand collaboration; how to decline influencer offer; reject brand deal email; creator boundaries; decline gifted collaboration","creator-brand-fit; creator-opportunity-cost; manage-brand-collaboration-leads","3"
"negotiate-creative-control-brand-deals","How to Negotiate Creative Control in Brand Collaborations","Creator Resources","creator","multi-platform","Creator Brand Deals > Manage Campaigns","creative control brand deals","negotiate creative freedom influencer; brand script vs talking points; influencer creative control clause; creator voice brand deal; brand mandatories","creator-brand-revisions; creator-brand-brief; influencer-contract-guide-for-creators","4"
"creator-audience-trust-sponsored-content","Creator Audience Trust: How Sponsored Content Can Stay Authentic","Creator Resources","creator","multi-platform","Creator Content > Sponsored Content & Trust","audience trust sponsored content","authentic sponsored content; influencer authenticity; sponsored posts trust; creator credibility; honest brand partnerships","sponsored-content-fatigue-creators; creator-content-mix-sponsored-organic; creator-product-recommendations","5"
"sponsored-content-fatigue-creators","Sponsored Content Fatigue: How Creators Can Avoid Overloading Their Audience","Creator Resources","creator","multi-platform","Creator Content > Sponsored Content & Trust","sponsored content fatigue","too many sponsored posts; audience fatigue influencer; ad fatigue creators; sponsored post frequency; creator engagement drop","creator-content-mix-sponsored-organic; creator-audience-trust-sponsored-content; creator-content-analytics","5"
"creator-content-mix-sponsored-organic","Creator Content Mix: How to Balance Sponsored and Organic Content","Creator Resources","creator","multi-platform","Creator Content > Sponsored Content & Trust","creator content mix","sponsored vs organic content; how often to post sponsored content; brand collaboration frequency; influencer content balance; sponsored content ratio","sponsored-content-fatigue-creators; creator-content-calendar; creator-audience-trust-sponsored-content","4"
"creator-product-seeding","Creator Product Seeding: How to Turn Gifting Into Long-Term Brand Relationships","Creator Resources","creator","multi-platform","Creator Brand Deals > Choosing the Right Deals","creator product seeding","gifted products influencer; PR package creators; gifted collaboration India; influencer gifting disclosure; seeding to paid partnership","manage-brand-collaboration-leads; creator-brand-partnerships; creator-disclosure-guide","3"
"creator-conversion-rate","Creator Conversion Rate: How to Measure Content That Drives Sales","Creator Resources","creator","multi-platform","Creator Commerce > Commerce Measurement","creator conversion rate","influencer conversion rate; content conversion; click-through rate creators; affiliate conversion rate; sales from content","creator-attribution; creator-discount-codes; creator-affiliate-links","6"
"creator-attribution","Creator Attribution: How to Prove Your Content Generated Sales","Creator Resources","creator","multi-platform","Creator Commerce > Commerce Measurement","creator attribution","influencer attribution; prove influencer sales; UTM links creators; attribution window; influencer marketing attribution","creator-conversion-rate; creator-discount-codes; creator-campaign-reporting","8"
"creator-discount-codes","Creator Discount Codes: How to Use Promo Codes to Measure Sales","Creator Resources","creator","multi-platform","Creator Commerce > Commerce Measurement","creator discount codes","influencer promo code; discount code tracking; influencer coupon code India; promo code sales; affiliate code creators","creator-attribution; creator-conversion-rate; creator-affiliate-links","3"
"ai-for-creator-brand-collaborations","AI for Brand Collaborations: How Creators Can Work Faster Without Losing Authenticity","Creator Resources","creator","multi-platform","Creator Content > AI for Creators","AI for brand collaborations","AI for influencers; AI pitch emails creators; AI brand deals; ChatGPT for creators brand deals; AI proposal creators","ai-tools-for-creators; ai-content-workflow-for-creators; ai-disclosure-creators","4"
"ai-disclosure-creators","AI Disclosure for Creators: What to Consider When Using AI-Generated Content","Creator Resources","creator","multi-platform","Creator Content > AI for Creators","AI disclosure creators","label AI generated content; AI content disclosure India; synthetic content label; YouTube altered content disclosure; Instagram AI info label","ai-tools-for-creators; ai-content-workflow-for-creators; creator-disclosure-guide","8"
"ai-influencers-vs-human-creators","AI Influencers vs Human Creators: What Brands and Creators Should Know","Creator Resources","creator","multi-platform","Creator Content > AI for Creators","AI influencers vs human creators","virtual influencers India; AI influencer marketing; virtual influencer disclosure; synthetic creators; human creators value","ai-disclosure-creators; ai-for-creator-brand-collaborations; how-to-build-authority-as-a-creator","3"
"regional-creator-growth-india","Regional Creator Growth in India: How Creators Can Build Audiences Beyond Metros","Creator Resources","creator","multi-platform","Creator Growth > Audience Growth","regional creator growth India","regional language creators; Indian language content; Tier 2 Tier 3 creators; Hindi Tamil Telugu creators; vernacular content creators","creator-niche-selection; creator-growth-strategy; how-to-find-content-gaps","5"
"instagram-creator-monetization","Instagram Creator Monetization: Complete Guide for Indian Creators","Creator Resources","creator","instagram","Instagram Creator Resources > Instagram for Creators","Instagram monetization","Instagram monetization India; earn money on Instagram; Instagram creator tools; Instagram Gifts and Subscriptions","instagram-gifts; instagram-subscriptions; instagram-creator-marketplace","4"
"instagram-gifts","Instagram Gifts for Creators: How Fan Support and Monetization Work","Creator Resources","creator","instagram","Instagram Creator Resources > Instagram for Creators","Instagram Gifts","Instagram Stars; gifts on Reels; Instagram fan support; Instagram Gifts India","instagram-creator-monetization; instagram-subscriptions; instagram-content-strategy","3"
"instagram-subscriptions","Instagram Subscriptions for Creators: Complete Guide to Paid Content","Creator Resources","creator","instagram","Instagram Creator Resources > Instagram for Creators","Instagram Subscriptions","Instagram paid content; Instagram subscription India; subscriber-only content; Instagram creator subscriptions","instagram-creator-monetization; creator-memberships; instagram-broadcast-channels","5"
"instagram-creator-marketplace","Instagram Creator Marketplace: How Creators Can Get Discovered by Brands","Creator Resources","creator","instagram","Instagram Creator Resources > Instagram for Creators","Instagram Creator Marketplace","Meta Creator Marketplace; get discovered by brands; Instagram brand deals; creator marketplace India","instagram-creator-portfolio; creator-brand-deals; instagram-creator-monetization","6"
"instagram-creator-portfolio","Instagram Creator Portfolio: How to Make Your Profile Brand-Ready","Creator Resources","creator","instagram","Instagram Creator Resources > Instagram for Creators","Instagram creator portfolio","brand-ready Instagram profile; Instagram bio for creators; Instagram highlights for brands; influencer profile","creator-portfolio; instagram-creator-marketplace; creator-media-kit","7"
"instagram-broadcast-channels","Instagram Broadcast Channels for Creators: Complete Guide to Building Direct Audience Relationships","Creator Resources","creator","instagram","Instagram Creator Resources > Instagram for Creators","Instagram broadcast channels","Instagram channels for creators; direct audience; Instagram community; broadcast channel ideas","how-to-build-a-creator-community; instagram-subscriptions; creator-audience-ownership","5"
"instagram-collab-posts-for-creators","Instagram Collab Posts for Creators: How to Grow With Other Creators and Brands","Creator Resources","creator","instagram","Instagram Creator Resources > Instagram for Creators","Instagram Collab posts","collab posts for creators; Instagram collaboration; co-author posts; grow with collabs","how-to-find-creators-to-collaborate-with; creator-collaborations-with-other-influencers; instagram-content-strategy","4"
"instagram-trial-reels","Instagram Trial Reels: How Creators Can Test Content Before Sharing It With Everyone","Creator Resources","creator","instagram","Instagram Creator Resources > Instagram for Creators","Instagram Trial Reels","trial reels; test Reels; Reels experiments; Instagram testing","instagram-reels-analytics; creator-ab-testing; reels-content-strategy","3"
"instagram-reels-analytics","Instagram Reels Analytics: How Creators Can Measure What Actually Works","Creator Resources","creator","instagram","Instagram Creator Resources > Instagram for Creators","Instagram Reels analytics","Reels insights; Reels metrics; average watch time Reels; Reels performance","instagram-insights-for-creators; short-form-video-analytics; instagram-trial-reels","3"
"instagram-content-strategy","Instagram Content Strategy for Creators: Reels, Stories, Carousels and Live","Creator Resources","creator","instagram","Instagram Creator Resources > Instagram for Creators","Instagram content strategy","Instagram strategy for creators; Reels Stories carousels; Instagram Live strategy; Instagram posting plan","reels-content-strategy; instagram-reels-analytics; instagram-creator-monetization","5"
"youtube-content-strategy","YouTube Content Strategy: How to Build a Channel That Can Grow Into a Business","Creator Resources","creator","youtube","YouTube Creator Resources > YouTube for Creators","YouTube content strategy","YouTube channel strategy; grow a YouTube channel; YouTube business; YouTube content pillars","youtube-shorts-vs-long-form; youtube-creator-monetization; youtube-seo-for-creators","5"
"youtube-creator-partnerships-india","YouTube Creator Partnerships: Complete Guide for Indian Creators","Creator Resources","creator","youtube","YouTube Creator Resources > YouTube for Creators","YouTube Creator Partnerships","YouTube brand deals tool; YouTube Studio brand inquiries; YouTube media kit; YouTube India creators","youtube-brandconnect-vs-creator-partnerships; youtube-media-kit; youtube-brand-deals","8"
"youtube-media-kit","YouTube Media Kit: How Creators Can Present Their Channel to Brands","Creator Resources","creator","youtube","YouTube Creator Resources > YouTube for Creators","YouTube media kit","YouTuber media kit; YouTube sponsorship media kit; YouTube Analytics for brands; media kit template","creator-media-kit; youtube-creator-partnerships-india; youtube-brand-deals","3"
"youtube-brand-deals","YouTube Brand Deals: How Creators Can Turn Videos Into Long-Term Partnerships","Creator Resources","creator","youtube","YouTube Creator Resources > YouTube for Creators","YouTube brand deals","YouTube sponsorship; long-term YouTube sponsors; YouTube integration; YouTube series sponsorship","youtube-media-kit; creator-brand-partnerships; youtube-creator-partnerships-india","2"
"youtube-brandconnect-vs-creator-partnerships","YouTube BrandConnect vs Creator Partnerships: What Creators Need to Know","Creator Resources","creator","youtube","YouTube Creator Resources > YouTube for Creators","YouTube BrandConnect","BrandConnect vs Creator Partnerships; YouTube Creator Partnerships; FameBit; YouTube brand deals platform","youtube-creator-partnerships-india; youtube-brand-deals; youtube-media-kit","3"
"youtube-affiliate-marketing","YouTube Affiliate Marketing: How Creators Can Earn From Product Recommendations","Creator Resources","creator","youtube","YouTube Creator Resources > YouTube for Creators","YouTube affiliate marketing","YouTube affiliate links; YouTube Shopping affiliate; affiliate marketing India YouTube; product recommendations","youtube-product-tagging; youtube-shopping-india-creators; creator-affiliate-links","6"
"youtube-product-tagging","YouTube Product Tagging: How Creators Can Use Shopping Features Effectively","Creator Resources","creator","youtube","YouTube Creator Resources > YouTube for Creators","YouTube product tagging","tag products YouTube; YouTube Shopping tips; Shorts product sticker; YouTube Shopping timestamps","youtube-affiliate-marketing; youtube-shopping-india-creators; shoppable-content-creators","4"
"youtube-live-monetization","YouTube Live Monetization: How Creators Can Earn From Live Audiences","Creator Resources","creator","youtube","YouTube Creator Resources > YouTube for Creators","YouTube live monetization","YouTube live streaming income; Super Chat; YouTube live Gifts; YouTube live shopping","youtube-gifts-memberships-super-thanks; youtube-channel-membership-strategy; youtube-product-tagging","7"
"youtube-channel-membership-strategy","YouTube Channel Membership Strategy: How to Build a Valuable Paid Community","Creator Resources","creator","youtube","YouTube Creator Resources > YouTube for Creators","YouTube channel memberships","YouTube membership perks; YouTube membership tiers; members-only content; YouTube paid community","youtube-gifts-memberships-super-thanks; creator-memberships; youtube-live-monetization","6"
"youtube-shorts-vs-long-form","YouTube Shorts vs Long-Form: How Creators Can Use Both Formats Together","Creator Resources","creator","youtube","YouTube Creator Resources > YouTube for Creators","YouTube Shorts vs long-form","Shorts or long videos; YouTube format strategy; Shorts to long-form; hybrid YouTube channel","youtube-shorts-content-strategy; youtube-content-strategy; short-form-video-analytics","5"
"tiktok-creator-monetization","TikTok Creator Monetization: Complete Guide for Indian Creators","Creator Resources","creator","tiktok","TikTok Creator Resources > TikTok for Creators","TikTok monetization","TikTok for Indian creators; TikTok Creator Rewards; TikTok India ban; TikTok income","tiktok-creator-rewards-program; tiktok-live; tiktok-vs-instagram-reels","3"
"tiktok-creator-rewards-program","TikTok Creator Rewards Program: How Creator Rewards Work","Creator Resources","creator","tiktok","TikTok Creator Resources > TikTok for Creators","TikTok Creator Rewards Program","Creator Rewards eligibility; TikTok Creativity Program; TikTok rewards; TikTok monetization","tiktok-creator-monetization; tiktok-content-strategy; tiktok-analytics","3"
"tiktok-profile-optimization","TikTok Creator Profile Optimization: How to Build a Searchable Creator Profile","Creator Resources","creator","tiktok","TikTok Creator Resources > TikTok for Creators","TikTok profile optimization","TikTok bio; searchable TikTok profile; TikTok pinned videos; TikTok creator profile","tiktok-seo; tiktok-content-strategy; instagram-creator-portfolio","2"
"tiktok-content-strategy","TikTok Content Strategy: How to Build a Consistent Creator Growth System","Creator Resources","creator","tiktok","TikTok Creator Resources > TikTok for Creators","TikTok content strategy","TikTok growth; TikTok series; TikTok posting plan; TikTok content pillars","tiktok-analytics; tiktok-seo; short-form-video-strategy","3"
"tiktok-content-gaps","TikTok Content Gaps: How Creators Can Find Topics With Search Demand","Creator Resources","creator","tiktok","TikTok Creator Resources > TikTok for Creators","TikTok content gaps","Creator Search Insights; TikTok content gap filter; TikTok topic research; TikTok search demand","tiktok-seo; how-to-find-content-gaps; tiktok-content-strategy","4"
"tiktok-live","TikTok LIVE for Creators: Complete Guide to Building and Monetizing Live Audiences","Creator Resources","creator","tiktok","TikTok Creator Resources > TikTok for Creators","TikTok LIVE","TikTok LIVE Gifts; TikTok Diamonds; TikTok LIVE monetization; TikTok LIVE subscription","tiktok-creator-monetization; youtube-live-monetization; tiktok-content-strategy","3"
"tiktok-affiliate-marketing","TikTok Affiliate Marketing: How Creators Can Earn From Product Recommendations","Creator Resources","creator","tiktok","TikTok Creator Resources > TikTok for Creators","TikTok affiliate marketing","TikTok Shop affiliate; TikTok showcase; TikTok product recommendations; TikTok commissions","tiktok-creator-monetization; creator-product-recommendations; youtube-affiliate-marketing","2"
"tiktok-analytics","TikTok Creator Analytics: Metrics Every Creator Should Track","Creator Resources","creator","tiktok","TikTok Creator Resources > TikTok for Creators","TikTok analytics","TikTok metrics; TikTok Studio analytics; TikTok watch time; TikTok traffic sources","tiktok-content-strategy; short-form-video-analytics; tiktok-creator-rewards-program","4"
"tiktok-vs-instagram-reels","TikTok vs Instagram Reels: How Creators Can Adapt Content Across Both Platforms","Creator Resources","creator","instagram","TikTok Creator Resources > TikTok for Creators","TikTok vs Instagram Reels","cross-posting TikTok to Reels; adapt content for Reels; short-form cross-platform; TikTok and Reels differences","tiktok-content-strategy; reels-content-strategy; content-repurposing-for-creators","5"
"creator-product-recommendations","Creator Product Recommendations: How to Recommend Products Without Losing Audience Trust","Creator Resources","creator","multi-platform","Creator Commerce > Recommendations & Shopping Content","creator product recommendations","recommend products honestly; audience trust; affiliate disclosure; influencer recommendations","creator-affiliate-links; creator-product-reviews; creator-disclosure-guide","10"
"creator-affiliate-links","Creator Affiliate Links: How to Increase Clicks Without Spamming Your Audience","Creator Resources","creator","multi-platform","Creator Commerce > Recommendations & Shopping Content","creator affiliate links","track affiliate clicks and sales; affiliate link placement; affiliate commission tracking; link in bio affiliate; affiliate disclosure","creator-affiliate-marketing-india; creator-product-recommendations; creator-storefront","9"
"shoppable-content-creators","Shoppable Content for Creators: Complete Guide","Creator Resources","creator","multi-platform","Creator Commerce > Recommendations & Shopping Content","shoppable content","shoppable content creators; shopping content formats; social commerce creators; shoppable videos India; product tagging","creator-product-recommendations; creator-attribution; creator-commerce-india","10"
"creator-product-reviews","Creator Product Reviews: How to Review Sponsored Products Authentically","Creator Resources","creator","multi-platform","Creator Commerce > Recommendations & Shopping Content","sponsored product reviews","authentic reviews; creator reviews; paid review disclosure; honest influencer review","creator-product-recommendations; shoppable-content-creators; youtube-product-reviews","4"
"creator-gift-guides","Creator Gift Guides: How to Build Monetizable Recommendation Content","Creator Resources","creator","multi-platform","Creator Commerce > Recommendations & Shopping Content","creator gift guide","gift guide ideas; Diwali gift guide; affiliate gift guide; monetize gift guides","shoppable-content-creators; creator-product-recommendations; creator-affiliate-links","2"
"creator-landing-pages","Creator Landing Pages: How to Turn Social Traffic Into Subscribers, Leads and Sales","Creator Resources","creator","multi-platform","Creator Commerce > Funnels & Audience Ownership","creator landing page","landing page for creators; convert social traffic; email sign-up page; creator sales page; creator landing page; sales page for creators","creator-lead-magnets; link-in-bio-for-creators; creator-funnel","7"
"creator-lead-magnets","Creator Lead Magnets: 20 Ideas to Turn Followers Into Email Subscribers","Creator Resources","creator","multi-platform","Creator Commerce > Funnels & Audience Ownership","creator lead magnets","lead magnet ideas; grow email list; free download for followers; email sign-up incentive","creator-landing-pages; creator-newsletter-india; creator-audience-ownership","8"
"creator-funnel","Creator Funnel: How to Turn Social Followers Into Customers","Creator Resources","creator","multi-platform","Creator Commerce > Funnels & Audience Ownership","creator funnel","social media funnel; followers to customers; creator marketing funnel; creator sales funnel; creator sales funnel; digital product funnel; course funnel","creator-customer-journey; creator-audience-ownership; creator-landing-pages","6"
"creator-audience-ownership","Creator Audience Ownership: Why Email, Communities and Websites Matter","Creator Resources","creator","multi-platform","Creator Commerce > Funnels & Audience Ownership","creator audience ownership","owned audience; platform risk; email list creators; own your audience","creator-funnel; creator-newsletter-india; whatsapp-community-for-creators","11"
"creator-customer-journey","Creator-to-Customer Journey: From First View to Purchase","Creator Resources","creator","multi-platform","Creator Commerce > Funnels & Audience Ownership","creator customer journey","audience journey; first view to purchase; creator conversion; journey mapping","creator-funnel; creator-landing-pages; creator-product-recommendations","3"
"creator-business-model","Creator Business Model: How to Choose the Right Revenue Model for Your Audience","Creator Resources","creator","multi-platform","Creator Business > Business Model & Strategy","creator business model","creator revenue model; how creators make money; creator business strategy; monetization model; creator business models; build a company around your audience","creator-revenue-diversification; creator-pricing-strategy; creator-business-plan","8"
"creator-revenue-diversification","Creator Revenue Diversification: How to Avoid Depending on One Income Stream","Creator Resources","creator","multi-platform","Creator Business > Business Model & Strategy","creator revenue diversification","diversify creator income; income streams; creator income risk; multiple revenue streams; creator income strategy; reduce dependence on brand deals","creator-business-model; creator-monetization-india; creator-audience-ownership","13"
"creator-pricing-strategy","Creator Pricing Strategy: How to Price Different Types of Services and Content","Creator Resources","creator","multi-platform","Creator Business > Business Model & Strategy","creator pricing strategy","how to price creator services; creator packages; pricing digital products; raise creator rates","how-much-should-creators-charge-india; influencer-rate-card-india; creator-business-model","9"
"creator-retainer-deals","Creator Retainer Deals: How to Build Recurring Brand Partnerships","Creator Resources","creator","multi-platform","Creator Brand Deals > After the Campaign","creator retainer","influencer retainer agreement; monthly brand partnership; recurring brand deals; brand ambassador creator","creator-brand-partnerships; creator-payment-terms; creator-exclusivity","10"
"creator-brand-partnerships","Creator Brand Partnerships: How to Build Relationships That Last","Creator Resources","creator","multi-platform","Creator Brand Deals > After the Campaign","creator brand partnerships","long-term brand partnerships creators; brand ambassador creator; repeat brand deals; creator brand relationships; brand partnership strategy","creator-retainer-deals; creator-brand-partnership-pipeline; creator-client-management","10"
"creator-reputation-management","Creator Reputation Management: How to Protect Your Personal Brand Online","Creator Resources","creator","multi-platform","Creator Protection > Reputation & Crisis","creator reputation management","personal brand protection; online reputation creators; search your name; creator corrections; handle audience backlash; creator brand issues; creator reputation audit; creator online reputation management","creator-crisis-management; creator-impersonation; creator-brand-safety","6"
"creator-crisis-management","Creator Crisis Management: How to Respond When Content or Brand Partnerships Go Wrong","Creator Resources","creator","multi-platform","Creator Protection > Reputation & Crisis","creator crisis management","influencer backlash response; brand deal gone wrong; creator apology; content controversy; creator account hacked response; creator team mistake; creator social media crisis","creator-reputation-management; creator-brand-safety; creator-disclosure-guide","7"
"creator-team-building","Creator Team: When Should a Creator Start Hiring, and How Do You Build a Team From Scratch?","Creator Resources","creator","multi-platform","Creator Business > Team, Hiring & Representation","creator team building","hire a video editor; creator manager; creator virtual assistant; delegate as a creator; creator team; build a creator team; when to hire as a creator; first hire creator","creator-team-roles; creator-team-compensation; creator-outsourcing","9"
"creator-manager-vs-agency","Creator Agency vs Independent Creator: When Should You Work With a Manager or Agency?","Creator Resources","creator","multi-platform","Creator Business > Team, Hiring & Representation","creator manager vs agency","talent manager for creators; influencer agency; MCN; independent creator; creator manager vs talent manager; business manager vs talent manager","creator-team-building; influencer-contract-guide-for-creators; creator-brand-deals","13"
"creator-seo","Creator SEO: Complete Guide to Getting Discovered Across Google, YouTube and Social Search","Creator Resources","creator","multi-platform","Creator SEO > Search Foundations","creator SEO","SEO for creators; search discovery; YouTube SEO; social search; creator SEO content strategy; search-first content; creator discoverability","social-search-for-creators; youtube-seo-for-creators; creator-website-seo","9"
"social-search-for-creators","Social Search for Creators: How to Get Discovered Without Relying on Followers","Creator Resources","creator","multi-platform","Creator SEO > Search Foundations","social search","social media SEO; discoverability; search on Instagram; small creators; social search optimization","creator-seo; instagram-seo-for-creators; how-to-find-content-gaps","3"
"youtube-seo-for-creators","YouTube SEO for Creators: Complete Guide to Ranking Videos and Shorts","Creator Resources","creator","youtube","Creator SEO > YouTube Search","YouTube SEO","rank YouTube videos; YouTube Shorts SEO; YouTube titles; YouTube descriptions","youtube-keyword-research; youtube-search-vs-recommendations; youtube-analytics-for-creators","9"
"youtube-keyword-research","YouTube Keyword Research for Creators: How to Find Topics People Actually Search For","Creator Resources","creator","youtube","Creator SEO > YouTube Search","YouTube keyword research","YouTube topics; YouTube content gaps; YouTube Studio research; video ideas","youtube-seo-for-creators; how-to-find-content-gaps; youtube-search-vs-recommendations","11"
"youtube-search-vs-recommendations","YouTube Search vs Recommendations: How Creators Can Optimize for Both","Creator Resources","creator","youtube","Creator SEO > YouTube Search","YouTube recommendations","YouTube algorithm; YouTube search; browse features; suggested videos","youtube-seo-for-creators; youtube-analytics-for-creators; youtube-keyword-research","3"
"instagram-seo-for-creators","Instagram SEO for Creators: How to Get Discovered on Instagram Search","Creator Resources","creator","instagram","Creator SEO > Instagram & TikTok Search","Instagram SEO","Instagram search; Instagram discovery; Instagram originality; Reels discovery","instagram-keyword-strategy; reels-content-strategy; instagram-insights-for-creators","6"
"instagram-keyword-strategy","Instagram Keyword Strategy for Creators: How to Optimize Your Profile and Content","Creator Resources","creator","instagram","Creator SEO > Instagram & TikTok Search","Instagram keywords","Instagram bio keywords; Instagram captions; hashtag strategy; Instagram profile optimisation","instagram-seo-for-creators; social-search-for-creators; reels-content-strategy","5"
"tiktok-seo","TikTok SEO: Complete Guide to Getting Discovered Through Search (and Creator Search Insights)","Creator Resources","creator","tiktok","Creator SEO > Instagram & TikTok Search","TikTok SEO","TikTok video SEO; TikTok search; Creator Search Insights; TikTok India","tiktok-content-gaps; tiktok-profile-optimization; social-search-for-creators","7"
"how-to-find-content-gaps","How to Find Content Gaps as a Creator: Turn Unanswered Questions Into Content Ideas","Creator Resources","creator","multi-platform","Creator SEO > Search Foundations","content gaps","content ideas; creator research; unanswered questions; topic research; content gap analysis; audience questions content ideas","youtube-keyword-research; creator-seo; creator-content-series","14"
"short-form-video-strategy","Short-Form Video Strategy for Creators: How to Build a Consistent Content System","Creator Resources","creator","multi-platform","Creator Content > Short-Form Content","short-form video strategy","Reels strategy; YouTube Shorts; content system; consistency","reels-content-strategy; youtube-shorts-content-strategy; creator-content-calendar","3"
"turn-long-video-into-short-form-content","How to Turn One Long Video Into 10 Pieces of Short-Form Content","Creator Resources","creator","multi-platform","Creator Content > Content Production","repurpose long video","long to short video; clips from podcast; YouTube to Reels; content repurposing; long-form to short-form content","content-repurposing-for-creators; short-form-video-strategy; ai-content-workflow-for-creators","2"
"reels-content-strategy","Reels Content Strategy for Creators: How to Build Repeatable Content Series","Creator Resources","creator","multi-platform","Creator Content > Short-Form Content","Reels strategy","Instagram Reels; Reels series; Trial Reels; Instagram growth","creator-content-series; instagram-seo-for-creators; short-form-video-strategy","7"
"youtube-shorts-content-strategy","YouTube Shorts Content Strategy: How to Build a Channel Around Short-Form Video","Creator Resources","creator","youtube","Creator Content > Short-Form Content","YouTube Shorts strategy","Shorts channel; YouTube Shorts growth; engaged views; hybrid YouTube channel","short-form-video-analytics; youtube-seo-for-creators; youtube-creator-monetization","6"
"short-form-video-hooks","Short-Form Video Hooks: 50 Hook Ideas Creators Can Adapt to Any Niche","Creator Resources","creator","multi-platform","Creator Content > Short-Form Content","video hooks","Reels hooks; Shorts hooks; hook ideas; short-form video; creator hook strategy; video hooks for creators","how-to-write-video-scripts; short-form-video-analytics; creator-ab-testing","12"
"how-to-write-video-scripts","How to Write Better Video Scripts as a Creator: Frameworks for Reels, Shorts and Videos","Creator Resources","creator","multi-platform","Creator Content > Short-Form Content","video script","Reels script; YouTube script; script template; scriptwriting for creators; creator script writing; video structure hook to CTA","short-form-video-hooks; ai-content-workflow-for-creators; creator-brand-brief","10"
"creator-content-series","Creator Content Series: How to Turn One Idea Into a Repeatable Content Franchise","Creator Resources","creator","multi-platform","Creator Content > Short-Form Content","content series","content franchise; recurring content; series ideas; creator format","reels-content-strategy; how-to-find-content-gaps; creator-positioning","6"
"content-repurposing-for-creators","Content Repurposing for Creators: Complete Multi-Platform Workflow","Creator Resources","creator","multi-platform","Creator Content > Content Production","content repurposing","repurpose content; multi-platform content; cross-posting; content workflow; creator content repurposing; turn one idea into multiple posts","turn-long-video-into-short-form-content; content-batching-for-creators; creator-newsletter-india","8"
"content-batching-for-creators","How to Create Content Batches: A Weekly Production System for Creators","Creator Resources","creator","multi-platform","Creator Content > Content Production","content batching","batch content creation; weekly content workflow; creator productivity; filming schedule; batch content as a creator; content production system","creator-content-calendar; short-form-video-strategy; creator-workflow","13"
"creator-content-calendar","Creator Content Calendar: How to Plan 30 Days of Content Without Running Out of Ideas","Creator Resources","creator","multi-platform","Creator Content > Content Production","content calendar","30 day content plan; content planning; creator calendar template; festival content India; content calendar for business goals; creator calendar management; creator content planning tools; content planning tools; master content calendar","content-batching-for-creators; short-form-video-strategy; how-to-find-content-gaps","11"
"how-to-grow-as-a-creator-from-zero","How to Grow as a Creator From 0 Followers: A Practical 90-Day Strategy","Creator Resources","creator","multi-platform","Creator Growth > Audience Growth","grow from 0 followers","new creator; start content creation; 90 day plan; beginner creator India; creator growth plan; 90 day content plan","creator-growth-strategy; creator-niche-selection; short-form-video-strategy","3"
"creator-growth-strategy","Creator Growth Strategy: How to Build an Audience Without Chasing Every Trend","Creator Resources","creator","multi-platform","Creator Growth > Audience Growth","creator growth strategy","grow audience; sustainable growth; trends; creator burnout; how to build an audience; sustainable audience growth","how-to-grow-as-a-creator-from-zero; follower-growth-vs-audience-growth; creator-positioning","2"
"turn-viral-views-into-followers","How to Turn Viral Views Into Loyal Followers and Subscribers","Creator Resources","creator","multi-platform","Creator Growth > Audience Growth","viral video","convert viewers to followers; after going viral; retain followers; creator growth","how-to-analyze-a-viral-video; follower-growth-vs-audience-growth; creator-content-series","3"
"follower-growth-vs-audience-growth","Follower Growth vs Audience Growth: What Creators Should Actually Measure","Creator Resources","creator","multi-platform","Creator Growth > Audience Growth","follower growth","audience growth; creator metrics; returning viewers; audience quality; creator growth metrics; what creators should measure","creator-growth-strategy; creator-analytics-dashboard; how-to-build-an-audience-brands-want","4"
"creator-positioning","Creator Positioning: How to Become Known for One Specific Topic or Niche","Creator Resources","creator","multi-platform","Creator Growth > Personal Brand & Authority","creator positioning","known for one thing; niche positioning; point of view; signature format; creator positioning strategy; own a category","how-to-build-a-creator-brand; creator-niche-selection; how-to-build-authority-as-a-creator","11"
"how-to-build-authority-as-a-creator","How to Build Authority as a Creator in Your Industry","Creator Resources","creator","multi-platform","Creator Growth > Personal Brand & Authority","creator authority","thought leadership; expertise; trust; industry creator; trusted expert creator","creator-positioning; creator-seo; creator-networking","9"
"how-to-find-creators-to-collaborate-with","Creator Collaborations: How to Find and Approach Other Creators for Growth","Creator Resources","creator","multi-platform","Creator Growth > Creator Relationships","creator collaboration","collab with creators; creator outreach; collab DM template; grow with collabs","creator-cross-promotion; creator-collaborations-with-other-influencers; creator-networking","4"
"creator-cross-promotion","Creator Cross-Promotion: How Creators Can Grow Together Without Competing","Creator Resources","creator","multi-platform","Creator Growth > Creator Relationships","cross-promotion","creator shoutouts; newsletter swap; creator circles; grow together","how-to-find-creators-to-collaborate-with; creator-networking; creator-growth-strategy","6"
"creator-networking","Creator Networking: How to Build Professional Relationships in the Creator Economy","Creator Resources","creator","multi-platform","Creator Growth > Creator Relationships","creator networking","creator relationships; creator events India; industry connections; professional creator","creator-cross-promotion; how-to-find-brands-to-collaborate-with; creator-client-management","3"
"creator-content-analytics","Creator Content Analytics: How to Identify What Content Is Actually Working","Creator Resources","creator","multi-platform","Creator Analytics > Content Performance","content analytics","what content works; creator metrics; content performance; analytics for creators","content-performance-audit; creator-analytics-dashboard; creator-engagement-analytics","8"
"youtube-analytics-for-creators","YouTube Analytics for Creators: 20 Metrics You Should Understand","Creator Resources","creator","youtube","Creator Analytics > Platform Analytics","YouTube Analytics","YouTube metrics; impressions CTR; average view duration; YouTube Studio","watch-time-vs-retention; youtube-search-vs-recommendations; short-form-video-analytics","11"
"instagram-insights-for-creators","Instagram Insights for Creators: Complete Guide to Understanding Your Performance","Creator Resources","creator","instagram","Creator Analytics > Platform Analytics","Instagram Insights","Instagram analytics; Reels insights; Instagram metrics; professional dashboard","short-form-video-analytics; instagram-seo-for-creators; reels-content-strategy","7"
"short-form-video-analytics","Short-Form Video Analytics: Which Metrics Matter Most for Reels and Shorts?","Creator Resources","creator","multi-platform","Creator Analytics > Platform Analytics","short-form analytics","Reels metrics; Shorts metrics; viewed vs swiped away; average watch time","youtube-shorts-content-strategy; instagram-insights-for-creators; short-form-video-hooks","9"
"watch-time-vs-retention","Watch Time vs Retention: What's the Difference for Creators?","Creator Resources","creator","multi-platform","Creator Analytics > Platform Analytics","watch time","audience retention; average view duration; retention graph; YouTube metrics; creator retention strategy; watch time and retention","youtube-analytics-for-creators; short-form-video-analytics; how-to-write-video-scripts","5"
"creator-engagement-analytics","Creator Engagement Analytics: How to Understand What Your Audience Really Likes","Creator Resources","creator","multi-platform","Creator Analytics > Content Performance","engagement analytics","comment analysis; saves and shares; audience insights; engagement signals","influencer-engagement-rate; creator-content-analytics; how-to-find-content-gaps","2"
"how-to-analyze-a-viral-video","How to Analyze a Viral Video: A Creator's Framework for Finding What Worked","Creator Resources","creator","multi-platform","Creator Analytics > Content Performance","viral video analysis","why video went viral; content analysis; virality; creator framework","turn-viral-views-into-followers; creator-ab-testing; creator-content-analytics","2"
"content-performance-audit","Content Performance Audit for Creators: How to Review Your Last 30 Posts","Creator Resources","creator","multi-platform","Creator Analytics > Content Performance","content audit","content performance review; 30 post audit; creator analytics template; social media audit; creator content audit; 100 post content audit","creator-content-analytics; creator-content-calendar; creator-analytics-dashboard","11"
"creator-ab-testing","Creator A/B Testing: How to Test Hooks, Thumbnails, Titles and Formats","Creator Resources","creator","multi-platform","Creator Analytics > Content Performance","A/B testing creators","thumbnail test; YouTube test and compare; Trial Reels; content experiments","short-form-video-hooks; how-to-analyze-a-viral-video; youtube-seo-for-creators","12"
"creator-content-roi","Creator Content ROI: How to Measure Whether Your Time and Money Are Paying Off","Creator Resources","creator","multi-platform","Creator Analytics > Content Performance","content ROI","creator ROI; creator business ROI; time tracking creators; content cost; creator business","creator-business-plan; creator-business-expenses-india; creator-analytics-dashboard","6"
"creator-copyright","Creator Copyright: Complete Guide to Protecting Your Original Content","Creator Resources","creator","multi-platform","Creator Protection > Contracts & Intellectual Property","creator copyright","copyright India creators; protect original content; fair dealing; copyright registration India; copyright duration India; how long copyright lasts creators","protect-videos-from-reuploads; creator-content-licensing; creator-usage-rights","9"
"protect-videos-from-reuploads","How Creators Can Protect Their Videos From Reuploads and Content Theft","Creator Resources","creator","multi-platform","Creator Protection > Content & Identity Protection","reupload protection","content theft; Copyright Match Tool; Content ID; Meta content protection","creator-copyright; creator-impersonation; creator-content-licensing","3"
"creator-impersonation","Creator Impersonation: How to Protect Your Identity and Report Fake Accounts","Creator Resources","creator","multi-platform","Creator Protection > Content & Identity Protection","creator impersonation","fake account; report impersonation Instagram; YouTube likeness detection; identity protection; fake accounts creators","creator-scams-fake-brand-collaborations; protect-videos-from-reuploads; creator-brand-safety","7"
"creator-brand-safety","Creator Brand Safety: How to Protect Your Personal Brand While Working With Brands","Creator Resources","creator","multi-platform","Creator Protection > Responsible Partnerships","creator brand safety","brand safety checklist; vet sponsors; sponsorship checklist; protect personal brand sponsorships; brand partnerships; creator sponsorship risk; risky brand collaborations","creator-brand-deal-checklist; creator-reputation-management; creator-crisis-management","12"
"creator-disclosure-guide","Creator Disclosure Guide: How to Disclose Sponsored Content and Brand Partnerships","Creator Resources","creator","multi-platform","Creator Protection > Responsible Partnerships","sponsored content disclosure","ASCI disclosure; paid partnership label; influencer disclosure India; #ad; creator disclosure compliance; sponsored content compliance India","creator-brand-safety; creator-brand-deal-checklist; creator-affiliate-marketing-india","35"
"creator-campaign-reporting","Creator Campaign Reporting: What to Send Brands After a Collaboration","Creator Resources","creator","multi-platform","Creator Brand Deals > After the Campaign","campaign report","influencer report; post-campaign report; creator reporting; brand collaboration results","creator-analytics-for-brand-deals; creator-case-study; creator-client-management","14"
"creator-client-management","Creator Client Management: How to Manage Multiple Brand Relationships at Once","Creator Resources","creator","multi-platform","Creator Brand Deals > After the Campaign","client management creators","brand relationships; multiple brand deals; repeat clients; creator professionalism; creator client retention","creator-workflow; creator-campaign-reporting; creator-business-sops","8"
"creator-business-sops","Creator Business SOPs: 15 Processes Every Professional Creator Should Document","Creator Resources","creator","multi-platform","Creator Business > Creator Operations","creator SOPs","standard operating procedures; creator processes; creator operations; creator team; creator business documentation; what creators should document; creator knowledge base; creator SOP library","creator-workflow; creator-client-management; creator-business-plan","10"
"how-to-build-a-creator-website","How to Build a Creator Website: Complete Guide for Indian Creators","Creator Resources","creator","multi-platform","Creator Business > Business Foundations","creator website","influencer website; personal website for creators; creator domain; website builder India; creator business website; pages a creator website needs","creator-website-seo; link-in-bio-for-creators; creator-portfolio","14"
"creator-website-seo","Creator Website SEO: How Creators Can Get Discovered on Google","Creator Resources","creator","multi-platform","Creator SEO > Search Foundations","creator SEO","SEO for creators; creator website SEO; rank on Google; Search Console","how-to-build-a-creator-website; link-in-bio-for-creators; creator-newsletter-india","4"
"link-in-bio-for-creators","Link in Bio for Creators: How to Build a High-Converting Creator Hub","Creator Resources","creator","multi-platform","Creator Business > Business Foundations","link in bio","creator link in bio; Instagram bio link; link in bio page; creator hub","how-to-build-a-creator-website; creator-storefront; creator-newsletter-india","7"
"creator-newsletter-india","How to Build an Email Newsletter as a Creator in India","Creator Resources","creator","multi-platform","Creator Community > Audience & Community","creator newsletter","email newsletter India; build email list; lead magnet; newsletter platform; creator newsletter strategy; audience you own","creator-newsletter-monetization; how-to-build-a-creator-community; how-to-build-a-creator-website","13"
"creator-newsletter-monetization","Creator Newsletter Monetization: How to Make Money From Your Email Audience","Creator Resources","creator","multi-platform","Creator Community > Audience & Community","newsletter monetization","paid newsletter; newsletter sponsorship; email monetization; creator income","creator-newsletter-india; creator-memberships; sell-digital-products-as-a-creator-india","1"
"how-to-build-a-creator-community","How to Build a Creator Community: From Followers to an Engaged Audience","Creator Resources","creator","multi-platform","Creator Community > Audience & Community","creator community","build a community; online community; engaged audience; community management; creator community building; turn followers into community","whatsapp-community-for-creators; creator-paid-community-india; creator-newsletter-india","12"
"whatsapp-community-for-creators","WhatsApp Community for Creators: How to Build and Monetize an Owned Audience","Creator Resources","creator","whatsapp","Creator Community > Audience & Community","WhatsApp community","WhatsApp channel creators; WhatsApp channel monetization; owned audience; WhatsApp groups; WhatsApp communities for creators","how-to-build-a-creator-community; creator-paid-community-india; creator-newsletter-india","6"
"creator-paid-community-india","How to Build a Paid Community as a Creator in India","Creator Resources","creator","multi-platform","Creator Monetization > Monetization","paid community","creator community India; online community business; cohort community; community pricing; creator membership community; paid audience creators; paid communities for creators","how-to-build-a-creator-community; creator-memberships; whatsapp-community-for-creators","6"
"creator-memberships","Creator Memberships: How to Build Recurring Revenue From Your Audience","Creator Resources","creator","multi-platform","Creator Monetization > Monetization","creator memberships","recurring revenue; YouTube channel memberships; Instagram subscriptions; membership tiers; creator subscription business; recurring revenue creators","youtube-gifts-memberships-super-thanks; creator-paid-community-india; creator-newsletter-monetization","18"
"sell-digital-products-as-a-creator-india","How to Sell Digital Products as a Creator in India","Creator Resources","creator","multi-platform","Creator Monetization > Digital Products","sell digital products India","digital products for creators; creator products; sell templates; sell courses online India","digital-product-ideas-for-creators; creator-storefront; creator-commerce-india","13"
"digital-product-ideas-for-creators","Digital Product Ideas for Creators: 30 Products You Can Sell Online","Creator Resources","creator","multi-platform","Creator Monetization > Digital Products","digital product ideas","what to sell online; creator product ideas; templates to sell; online course ideas; digital products for creators; what can creators sell","sell-digital-products-as-a-creator-india; creator-storefront; creator-memberships","4"
"creator-storefront","Creator Storefront: How to Build a Shop for Your Products, Recommendations and Services","Creator Resources","creator","multi-platform","Creator Commerce > Creator Commerce","creator storefront","creator shop; influencer storefront; shop recommendations; sell online creators","creator-commerce-india; link-in-bio-for-creators; sell-digital-products-as-a-creator-india","14"
"creator-commerce-india","Creator Commerce in India: Complete Guide to Turning Content Into Sales","Creator Resources","creator","multi-platform","Creator Commerce > Creator Commerce","creator commerce","creator commerce India; social commerce; shoppable content; live commerce","creator-affiliate-marketing-india; youtube-shopping-india-creators; creator-storefront","8"
"youtube-creator-monetization","YouTube Creator Monetization: Complete Guide to Building Multiple Revenue Streams","Creator Resources","creator","youtube","Creator Monetization > YouTube Monetization","YouTube monetization","YouTube Partner Program; YouTube revenue streams; YouTube Shorts monetization; YouTube India creators","youtube-gifts-memberships-super-thanks; youtube-shopping-india-creators; creator-monetization-india","9"
"youtube-gifts-memberships-super-thanks","YouTube Gifts, Memberships and Super Thanks: Complete Monetization Guide for Indian Creators","Creator Resources","creator","youtube","Creator Monetization > YouTube Monetization","YouTube Gifts","YouTube Jewels; YouTube channel memberships; Super Thanks; Super Chat India","youtube-creator-monetization; creator-memberships; how-to-build-a-creator-community","5"
"ai-tools-for-creators","AI Tools for Creators: How to Use AI Without Losing Your Personal Voice","Creator Resources","creator","multi-platform","Creator Content > AI for Creators","AI tools for creators","AI for content creators; AI disclosure; synthetic content; creator voice; creator AI tools; AI-assisted content workflow","ai-content-workflow-for-creators; how-to-build-a-creator-brand; creator-content-licensing","7"
"ai-content-workflow-for-creators","AI Content Workflow for Creators: From Idea to Published Content","Creator Resources","creator","multi-platform","Creator Content > AI for Creators","AI content workflow","AI creator workflow; AI for content planning; AI scripting; content repurposing AI; creator productivity","ai-tools-for-creators; creator-workflow; creator-analytics-dashboard","12"
"creator-analytics-dashboard","Creator Analytics Dashboard: How to Track Your Audience, Content and Revenue","Creator Resources","creator","multi-platform","Creator Analytics > Business & Brand Analytics","creator analytics dashboard","creator metrics; track creator revenue; content analytics; creator KPIs; creator business dashboard; full-time creator metrics; creator financial dashboard; creator business numbers","creator-analytics-for-brand-deals; creator-business-plan; engagement-rate-vs-reach-for-creators","22"
"creator-business-expenses-india","Creator Business Expenses: What Indian Creators Should Track and Manage","Creator Resources","creator","multi-platform","Creator Business > Money & Tax","creator business expenses","influencer expenses India; creator bookkeeping; track expenses; creator tax records","creator-business-plan; gst-for-influencers-india; tds-for-influencers-india","18"
"creator-business-plan","Creator Business Plan: How to Turn Content Creation Into a Sustainable Business","Creator Resources","creator","multi-platform","Creator Business > Business Foundations","creator business plan","content creator business; creator strategy; creator revenue plan; sustainable creator business","creator-business-kit; creator-monetization-india; creator-analytics-dashboard","9"
"creator-brand-deals","Creator Brand Deals: Complete Guide to Getting, Managing and Growing Brand Partnerships","Creator Resources","creator","multi-platform","Creator Brand Deals > Get Brand Deals","creator brand deals","brand partnerships; sponsorship; brand deal process; influencer brand deals India","creator-business-kit; creator-workflow; first-brand-collaboration-india","10"
"creator-campaign-proposal","How to Create a Creator Campaign Proposal for Brands","Creator Resources","creator","multi-platform","Creator Brand Deals > Manage Campaigns","creator campaign proposal","influencer proposal template; sponsorship proposal; brand proposal; scope of work; creator proposal; consulting proposal template","creator-brand-brief; creator-pitch-deck; creator-deliverables","7"
"creator-brand-brief","Creator Collaboration Brief: How to Understand and Respond to a Brand Brief","Creator Resources","creator","multi-platform","Creator Brand Deals > Manage Campaigns","brand brief","influencer brief; creator brief; campaign brief questions; collaboration brief","creator-campaign-proposal; creator-deliverables; creator-brand-revisions","14"
"creator-brand-revisions","Brand Content Approval and Revisions: How Creators Keep Creative Control","Creator Resources","creator","multi-platform","Creator Brand Deals > Manage Campaigns","brand approval","creator approval process; creator revision policy; brand revisions; creative control; scope creep","creator-brand-brief; creator-deliverables; how-to-negotiate-brand-deals-as-a-creator","15"
"creator-payment-terms","Creator Payment Terms: How to Negotiate Advance Payments and Payment Deadlines","Creator Resources","creator","multi-platform","Creator Brand Deals > Manage Campaigns","creator payment terms","advance payment influencer; influencer payment delay; purchase order; invoice follow-up","how-to-invoice-brands-as-a-creator-india; influencer-contract-guide-for-creators; tds-for-influencers-india","14"
"creator-collaborations-with-other-influencers","Creator Collaboration With Other Influencers: How to Plan, Price and Manage Joint Campaigns","Creator Resources","creator","multi-platform","Creator Growth > Creator Relationships","creator collaboration","influencer collab; Instagram collab post; YouTube collaborations; joint brand campaign","creator-brand-deals; how-to-build-an-audience-brands-want; influencer-contract-guide-for-creators","4"
"how-to-build-a-creator-brand","How to Build a Personal Brand as a Creator (That Brands Want to Work With)","Creator Resources","creator","multi-platform","Creator Growth > Personal Brand & Authority","personal brand","creator brand; personal brand for creators; content pillars; brand deals; creator personal brand strategy","creator-niche-selection; how-to-build-an-audience-brands-want; creator-media-kit","6"
"creator-niche-selection","Creator Niche Selection: How to Choose a Niche Brands Actually Hire For","Creator Resources","creator","multi-platform","Creator Growth > Personal Brand & Authority","creator niche","how to choose a niche; influencer niche India; sub-niche; regional creators","how-to-build-a-creator-brand; first-brand-collaboration-india; how-to-find-brands-to-collaborate-with","8"
"creator-pitch-deck","How to Create a Creator Pitch Deck for Brand Collaborations","Creator Resources","creator","multi-platform","Creator Brand Deals > Get Brand-Ready","creator pitch deck","influencer pitch deck; sponsorship deck; brand collaboration proposal; media kit vs pitch deck","creator-media-kit; creator-campaign-proposal; how-to-pitch-brands-as-a-creator","8"
"how-to-build-an-audience-brands-want","How to Build a Creator Audience That Brands Want to Reach","Creator Resources","creator","multi-platform","Creator Community > Audience & Community","build an audience","creator audience; audience quality; retention; community building; creator audience strategy; attract the right followers","how-to-build-a-creator-brand; engagement-rate-vs-reach-for-creators; creator-analytics-for-brand-deals","4"
"creator-content-licensing","Creator Content Licensing: How to License Your Content to Brands","Creator Resources","creator","multi-platform","Creator Brand Deals > Contracts & Rights","content licensing","creator licensing; license content to brands; UGC licensing; content rights; creator content licensing agreement; licence agreement template creators","creator-usage-rights; creator-whitelisting; creator-revenue-streams-from-brand-content","17"
"creator-whitelisting","Creator Whitelisting: Complete Guide to Allowing Brands to Run Ads With Your Content","Creator Resources","creator","multi-platform","Creator Brand Deals > Contracts & Rights","creator whitelisting","influencer whitelisting; partnership ads; paid amplification; creator licensing","creator-content-licensing; creator-usage-rights; influencer-rate-card-india","17"
"creator-case-study","Creator Case Study: How to Turn a Brand Collaboration Into Proof of Your Value","Creator Resources","creator","multi-platform","Creator Brand Deals > After the Campaign","creator case study","campaign case study; influencer case study; campaign results; creator portfolio; creator testimonials; social proof creators","creator-portfolio; creator-analytics-for-brand-deals; creator-pitch-deck","14"
"engagement-rate-vs-reach-for-creators","Creator Engagement Rate vs Reach: What Should You Show Brands?","Creator Resources","creator","multi-platform","Creator Analytics > Business & Brand Analytics","engagement rate vs reach","reach vs impressions; creator metrics; which metrics to show brands; average views","influencer-engagement-rate; creator-analytics-for-brand-deals; creator-case-study","8"
"tds-for-influencers-india","TDS for Influencers and Content Creators in India: What Creators Should Know","Creator Resources","creator","multi-platform","Creator Business > Money & Tax","TDS for influencers","TDS content creators India; section 393; Form 131; influencer tax India","gst-for-influencers-india; how-to-invoice-brands-as-a-creator-india; creator-payment-terms","19"
"gst-for-influencers-india","GST for Influencers and Creators in India: When Does a Creator Need GST?","Creator Resources","creator","multi-platform","Creator Business > Money & Tax","GST for influencers","GST for creators India; GST registration threshold; GST invoice; influencer tax","tds-for-influencers-india; how-to-invoice-brands-as-a-creator-india; creator-payment-terms","28"
"creator-workflow","Creator Workflow: How to Manage Brand Deals, Content and Deadlines Like a Business","Creator Resources","creator","multi-platform","Creator Business > Creator Operations","creator workflow","creator campaign tracker; brand deal management; creator deal tracker; content calendar","creator-brand-deals; creator-deliverables; how-to-invoice-brands-as-a-creator-india","19"
"creator-affiliate-marketing-india","Creator Affiliate Marketing in India: Complete Guide to Earning From Product Recommendations","Creator Resources","creator","multi-platform","Creator Commerce > Creator Commerce","creator affiliate marketing","affiliate marketing India; affiliate content strategy; affiliate links; influencer commission; affiliate disclosure","youtube-shopping-india-creators; creator-monetization-india; creator-revenue-streams-from-brand-content","15"
"youtube-shopping-india-creators","YouTube Shopping for Indian Creators: How Affiliate Product Tagging Works","Creator Resources","creator","youtube","Creator Monetization > YouTube Monetization","YouTube Shopping India","YouTube Shopping affiliate; product tagging; YouTube affiliate program; creator commerce","creator-affiliate-marketing-india; creator-monetization-india; creator-revenue-streams-from-brand-content","9"
"creator-revenue-streams-from-brand-content","How Creators Can Turn Brand Content Into Multiple Revenue Streams","Creator Resources","creator","multi-platform","Creator Monetization > Monetization","creator revenue streams","multiple income streams; monetize brand content; usage extension; content licensing","creator-monetization-india; creator-content-licensing; creator-affiliate-marketing-india","7"
"creator-business-kit","Creator Business Kit: 10 Resources Every Professional Creator Should Have","Creator Resources","creator","multi-platform","Creator Business > Business Foundations","creator business","creator resources; media kit; rate card; influencer contract; creator invoice","creator-media-kit; influencer-rate-card-india; creator-monetization-india","3"
"creator-monetization-india","Creator Monetization in India: 20 Revenue Streams and How to Build Your Strategy","Creator Resources","creator","multi-platform","Creator Monetization > Monetization","creator monetization India","creator revenue streams; creator monetization strategy; how creators make money; YouTube Shopping; affiliate marketing; Instagram subscriptions; digital products","creator-business-kit; how-much-should-creators-charge-india; creator-usage-rights","9"
"creator-media-kit","Creator Media Kit: How to Create a Media Kit That Gets Brand Deals","Creator Resources","creator","multi-platform","Creator Brand Deals > Get Brand-Ready","media kit","influencer media kit; creator media kit template; brand collaborations; creator resources; creator media kit system; update media kit","creator-portfolio; influencer-rate-card-india; how-to-pitch-brands-as-a-creator","23"
"influencer-rate-card-india","Influencer Rate Card: How to Create and Price Your Creator Rate Card in India","Creator Resources","creator","multi-platform","Creator Brand Deals > Get Brand-Ready","influencer rate card","creator rate card India; influencer pricing; usage rights; exclusivity","how-much-should-creators-charge-india; creator-media-kit; creator-usage-rights","15"
"creator-portfolio","Creator Portfolio: How to Build a Portfolio That Brands Want to See","Creator Resources","creator","multi-platform","Creator Brand Deals > Get Brand-Ready","creator portfolio","influencer portfolio; content creator portfolio; case studies; creator website","creator-media-kit; ugc-creator-portfolio; first-brand-collaboration-india","8"
"how-to-pitch-brands-as-a-creator","How to Pitch Brands as a Creator: Complete Guide for Indian Creators","Creator Resources","creator","multi-platform","Creator Brand Deals > Get Brand Deals","how to pitch brands","creator pitch; influencer pitch email; brand collaboration; Indian creators","brand-collaboration-email-templates; how-to-find-brands-to-collaborate-with; creator-media-kit","13"
"brand-collaboration-email-templates","Brand Collaboration Email Templates for Creators: 15 Templates That Actually Work","Creator Resources","creator","multi-platform","Creator Brand Deals > Get Brand Deals","brand collaboration email","influencer email template; creator pitch email; sponsorship email; follow-up email","how-to-pitch-brands-as-a-creator; how-to-negotiate-brand-deals-as-a-creator; how-to-find-brands-to-collaborate-with","12"
"how-to-find-brands-to-collaborate-with","How to Find Brands to Collaborate With as a Creator","Creator Resources","creator","multi-platform","Creator Brand Deals > Get Brand Deals","find brands to collaborate with","brand prospecting; creator marketplace; D2C brands; brand deals India","how-to-pitch-brands-as-a-creator; brand-collaboration-email-templates; first-brand-collaboration-india","8"
"first-brand-collaboration-india","How to Get Your First Brand Collaboration as a Creator in India","Creator Resources","creator","multi-platform","Creator Brand Deals > Get Brand Deals","first brand collaboration","first brand deal; nano influencer; micro influencer India; gifted vs paid collaboration","how-to-pitch-brands-as-a-creator; creator-portfolio; creator-scams-fake-brand-collaborations","6"
"how-much-should-creators-charge-india","How Much Should Creators Charge for Brand Collaborations in India?","Creator Resources","creator","multi-platform","Creator Brand Deals > Get Brand Deals","how much should influencers charge","creator pricing India; influencer fees; brand deal pricing; how to price Reels and Stories; CPM","influencer-rate-card-india; how-to-negotiate-brand-deals-as-a-creator; creator-usage-rights","16"
"influencer-contract-guide-for-creators","Influencer Contract Guide for Creators: Clauses You Should Understand Before Signing","Creator Resources","creator","multi-platform","Creator Brand Deals > Contracts & Rights","influencer contract","creator contract; brand collaboration agreement; usage rights clause; exclusivity clause; creator contract checklist; brand deal contract checklist","creator-usage-rights; creator-exclusivity; creator-brand-deal-checklist","28"
"creator-usage-rights","Creator Usage Rights: What Brands Can and Can't Do With Your Content","Creator Resources","creator","multi-platform","Creator Brand Deals > Contracts & Rights","creator usage rights","content licensing; whitelisting; paid usage; perpetual rights; organic vs paid usage rights; usage rights explained","influencer-contract-guide-for-creators; creator-exclusivity; how-much-should-creators-charge-india","27"
"creator-exclusivity","Creator Exclusivity: What It Means and How to Negotiate It in Brand Deals","Creator Resources","creator","multi-platform","Creator Brand Deals > Contracts & Rights","creator exclusivity","exclusivity clause; exclusive brand deals; category exclusivity; influencer non-compete; brand deal negotiation; creator exclusivity agreement; creator category restrictions; non-compete influencer India","creator-usage-rights; influencer-contract-guide-for-creators; how-to-negotiate-brand-deals-as-a-creator","12"
"how-to-negotiate-brand-deals-as-a-creator","How to Negotiate Brand Deals as a Creator: Complete Guide","Creator Resources","creator","multi-platform","Creator Brand Deals > Get Brand Deals","negotiate brand deals","creator rate negotiation; creator negotiation; influencer negotiation; brand deal fee; payment terms","how-much-should-creators-charge-india; creator-usage-rights; creator-exclusivity","12"
"creator-deliverables","Creator Deliverables: How to Define What You Are Actually Agreeing to","Creator Resources","creator","multi-platform","Creator Brand Deals > Manage Campaigns","creator deliverables","creator deliverables checklist; influencer deliverables; scope of work; brand deal scope; content deliverables","creator-brand-deal-checklist; influencer-contract-guide-for-creators; how-to-negotiate-brand-deals-as-a-creator","12"
"how-to-invoice-brands-as-a-creator-india","How to Invoice Brands as a Creator in India: Complete Guide","Creator Resources","creator","multi-platform","Creator Business > Money & Tax","creator invoice","influencer invoice India; GST for influencers; TDS; invoice template","influencer-contract-guide-for-creators; creator-brand-deal-checklist; how-to-negotiate-brand-deals-as-a-creator","16"
"creator-brand-deal-checklist","Creator Brand Deal Checklist: What to Check Before Accepting a Collaboration","Creator Resources","creator","multi-platform","Creator Brand Deals > Manage Campaigns","brand deal checklist","creator checklist; influencer collaboration checklist; disclosure; usage rights","influencer-contract-guide-for-creators; creator-deliverables; creator-scams-fake-brand-collaborations","10"
"creator-analytics-for-brand-deals","Creator Analytics for Brand Deals: Which Metrics Should You Share With Brands?","Creator Resources","creator","multi-platform","Creator Analytics > Business & Brand Analytics","creator analytics","influencer metrics; Instagram insights; YouTube analytics; campaign report","influencer-engagement-rate; creator-media-kit; how-to-pitch-brands-as-a-creator","14"
"creator-scams-fake-brand-collaborations","How to Spot Fake Brand Collaboration Offers and Creator Scams","Creator Resources","creator","multi-platform","Creator Protection > Content & Identity Protection","creator scams","fake brand collaboration; Instagram scam; influencer scam India; phishing","creator-brand-deal-checklist; first-brand-collaboration-india; how-to-find-brands-to-collaborate-with","17"
"creator-marketplace","Creator Marketplace: How Brand–Creator Marketplaces Work","Creator Economy","brand","multi-platform","Creator Economy","creator marketplace","influencer marketplace; brand creator marketplace; creator database vs creator marketplace; creator network vs creator marketplace; influencer marketplace India","creator-discovery-platform; creator-matching; creator-marketplace-business-model","7"
"build-creator-marketplace","How to Build a Creator Marketplace for Brands and Creators","Creator Economy","brand","multi-platform","Creator Economy","build creator marketplace","creator marketplace technology; influencer marketplace platform; creator platform tech stack; two-sided marketplace creators; start influencer marketplace India","creator-marketplace; creator-marketplace-business-model; creator-marketplace-trust-safety","2"
"creator-marketplace-business-model","Creator Marketplace Business Model: How Platforms Make Money","Creator Economy","brand","multi-platform","Creator Economy","creator marketplace business model","creator marketplace fees; influencer platform fees; marketplace take rate; how influencer platforms make money; creator platform pricing","creator-marketplace; build-creator-marketplace; creator-economy-value-chain","3"
"creator-discovery-platform","Creator Discovery Platform: How Brands Can Find the Right Creators","Creator Economy","brand","multi-platform","Creator Economy","creator discovery platform","influencer discovery tool; influencer search tool; find creators for brands; creator search platform India; influencer database tool","creator-matching; creator-marketplace; how-to-find-influencers-for-your-brand","8"
"creator-matching","Creator Matching: How Platforms Match Brands With the Right Creators","Creator Economy","brand","multi-platform","Creator Economy","creator matching","brand creator matching; influencer matching algorithm; creator recommendation system; match brands with influencers; creator brand fit","creator-discovery-platform; creator-marketplace; how-to-choose-the-right-influencer-for-your-brand","5"
"creator-marketplace-trust-safety","Creator Marketplace Trust & Safety: How Platforms Protect Brands and Creators","Creator Economy","brand","multi-platform","Creator Economy","creator marketplace trust and safety","influencer marketplace fraud; creator platform verification; influencer payment protection; marketplace disputes creators; creator platform safety","creator-marketplace; build-creator-marketplace; creator-scams-fake-brand-collaborations","3"
"creator-economy-value-chain","The Creator Economy Value Chain: How Money Moves Between Brands, Creators and Platforms","Creator Economy","brand","multi-platform","Creator Economy","creator economy value chain","creator economy business models; how money flows creator economy; creator economy India; creator economy companies; influencer marketing value chain","creator-marketplace-business-model; state-of-the-creator-economy-2026; creator-business-model","3"
"b2b-creator-economy","B2B Creator Economy: How Businesses Can Work With Industry Creators","Brand Marketing","brand","multi-platform","Brand Marketing","B2B creator economy","B2B creators; B2B creator marketing; B2B influencer marketing vs creator marketing; industry creators; B2B creator marketing India","creator-led-b2b-marketing; expert-creator-marketing; b2b-influencer-marketing-india","11"
"expert-creator-marketing","Expert Creator Marketing: How Brands Can Work With Industry Experts","Brand Marketing","brand","multi-platform","Brand Marketing","expert creator marketing","industry creator marketing; expert influencers; subject matter expert marketing; professional influencers India; expert-led campaigns","b2b-creator-economy; creator-led-b2b-marketing; linkedin-thought-leadership-marketing","12"
"creator-led-b2b-marketing","Creator-Led B2B Marketing: How Companies Can Build Demand Through Creators","Brand Marketing","brand","multi-platform","Brand Marketing","creator-led B2B marketing","B2B demand generation creators; creator-led growth B2B; B2B creator pipeline; B2B influencer attribution; creator marketing SaaS demand","b2b-creator-economy; b2b-influencer-marketing-india; measure-linkedin-influencer-marketing-roi","8"
"influencer-agency-vs-freelancer","Influencer Marketing Agency vs Freelancer: What Should Your Brand Choose?","Brand Marketing","brand","multi-platform","Brand Marketing","influencer marketing agency vs freelancer","freelance influencer marketing manager; hire influencer marketing freelancer; influencer agency or freelancer; outsource influencer marketing India","choose-influencer-marketing-agency-india; influencer-marketing-agency-vs-in-house; influencer-marketing-agency-fees-india","6"
"influencer-marketing-agency-fees-india","How Much Does an Influencer Marketing Agency Charge in India?","Brand Marketing","brand","multi-platform","Brand Marketing","influencer marketing agency fees India","influencer marketing agency pricing; influencer agency retainer; influencer agency commission; agency management fee influencer; influencer marketing agency cost","influencer-marketing-cost-india; influencer-campaign-cost-india; influencer-marketing-rfp","12"
"influencer-marketing-agency-brief","How to Write an Influencer Marketing Agency Brief for Your Campaign","Brand Marketing","brand","multi-platform","Brand Marketing","influencer marketing agency brief","brief influencer marketing agency; agency brief template; influencer campaign brief for agency; how to brief an agency","influencer-marketing-rfp; influencer-campaign-brief; choose-influencer-marketing-agency-india","5"
"influencer-marketing-rfp","Influencer Marketing RFP: How Brands Should Evaluate Agencies","Brand Marketing","brand","multi-platform","Brand Marketing","influencer marketing RFP","influencer marketing proposal; compare influencer marketing agencies; agency evaluation framework; influencer agency selection process; agency scoring matrix","choose-influencer-marketing-agency-india; influencer-marketing-agency-brief; influencer-marketing-agency-pitch-questions","4"
"influencer-marketing-agency-pitch-questions","Influencer Marketing Agency Pitch: 20 Questions Brands Should Ask Before Hiring","Brand Marketing","brand","multi-platform","Brand Marketing","questions to ask influencer marketing agency","influencer agency interview questions; influencer marketing agency pitch; hire influencer marketing agency questions; influencer agency red flags","choose-influencer-marketing-agency-india; influencer-marketing-rfp; influencer-marketing-agency-checklist","4"
"influencer-marketing-agency-checklist","Influencer Marketing Agency Checklist: What to Check Before Signing a Contract","Brand Marketing","brand","multi-platform","Brand Marketing","influencer marketing agency checklist","influencer agency contract; influencer marketing agency agreement; agency scope of work influencer; influencer agency contract checklist","influencer-marketing-agency-pitch-questions; influencer-marketing-rfp; influencer-marketing-contract","4"
"influencer-marketing-campaign-timeline","Influencer Marketing Campaign Timeline: From Brief to Final Report","Campaign Strategy","brand","multi-platform","Campaign Strategy","influencer campaign timeline","influencer marketing campaign timeline; how long does an influencer campaign take; influencer campaign planning timeline; influencer launch timeline India","how-to-create-a-successful-influencer-marketing-campaign; influencer-campaign-management; influencers-for-product-launch","8"
"influencer-budget-allocation","How to Allocate Your Influencer Marketing Budget Across Creators","Campaign Strategy","brand","multi-platform","Campaign Strategy","influencer marketing budget allocation","influencer marketing budget planning; how many influencers for a campaign; fixed budget influencer campaign; influencer tier budget split","influencer-marketing-budget; influencer-campaign-cost-india; micro-vs-macro-influencers","12"
"influencer-shortlist","How to Build an Influencer Shortlist for Your Brand","Influencer Marketing","brand","multi-platform","Influencer Marketing","influencer shortlist","influencer longlist; creator shortlist template; influencer selection process; shortlist influencers for campaign","how-to-vet-influencers; how-to-choose-the-right-influencer-for-your-brand; find-indian-influencers","6"
"influencer-audience-quality","Influencer Audience Quality: What Brands Should Check Before a Collaboration","Influencer Marketing","brand","multi-platform","Influencer Marketing","influencer audience quality","influencer audience fit; influencer audience analysis; check influencer audience demographics; influencer audience match target customer","how-to-vet-influencers; how-to-identify-fake-followers; how-to-choose-the-right-influencer-for-your-brand","10"
"pan-india-influencer-marketing-campaign","How to Run a Pan-India Influencer Marketing Campaign","Campaign Strategy","brand","multi-platform","Campaign Strategy","pan India influencer marketing","multilingual influencer marketing; multi-city influencer campaign; multi-language creator campaign; national influencer campaign India","regional-influencer-marketing-india; find-indian-influencers; influencer-budget-allocation","17"
"influencer-marketing-lead-generation","Influencer Marketing for Lead Generation: How Brands Can Generate Qualified Leads","Campaign Strategy","brand","multi-platform","Campaign Strategy","influencer marketing lead generation","influencer lead generation; creator campaign leads; influencer marketing for leads India; lead generation with creators","influencer-marketing-sales; influencer-marketing-funnel; measure-influencer-marketing-roi-india","14"
"influencer-marketing-sales","Influencer Marketing for Sales: How Brands Can Turn Creator Campaigns Into Revenue","Campaign Strategy","brand","multi-platform","Campaign Strategy","influencer marketing for sales","influencer marketing customer acquisition; influencer marketing conversions; influencer CAC; creator campaigns revenue","influencer-marketing-ecommerce-brands-india; d2c-influencer-marketing-funnel-india; measure-influencer-marketing-roi-india","10"
"always-on-influencer-marketing","How to Build an Always-On Influencer Marketing Program for Your Brand","Campaign Strategy","brand","multi-platform","Campaign Strategy","always-on influencer marketing","scale influencer marketing; always-on creator content; scalable influencer marketing India; creator content engine","influencer-partnerships; always-on-ugc-marketing; brand-ambassador-program","10"
"influencer-product-seeding-program","Influencer Product Seeding: How Brands Can Build a Scalable Gifting Program","Campaign Strategy","brand","multi-platform","Campaign Strategy","influencer product seeding","influencer gifting campaigns; influencer sampling campaigns; product seeding program; creator gifting India","instagram-product-seeding; instagram-gifting-vs-paid-collaboration; brand-ambassador-program","6"
"influencer-performance-marketing","Influencer Marketing for Performance Marketing: How to Connect Creators With Paid Media","Campaign Strategy","brand","multi-platform","Campaign Strategy","influencer performance marketing","creator ads vs influencer posts; paid creator amplification; creator content paid media; influencer marketing performance","instagram-partnership-ads; repurpose-influencer-content; influencer-marketing-sales","8"
"influencer-marketing-personal-care","Influencer Marketing for Personal Care Brands: How to Build Creator Campaigns","Brand Marketing","brand","multi-platform","Brand Marketing","personal care influencer marketing","hair care influencer marketing; men's grooming influencers; hygiene brand creators; menstrual care influencer campaign","influencer-marketing-beauty-brands-india; influencer-marketing-fmcg-brands-india; influencer-product-seeding-program","2"
"influencer-marketing-b2b-technology","Influencer Marketing for B2B Technology Brands: How to Work With Industry Creators","Brand Marketing","brand","multi-platform","Brand Marketing","B2B technology influencer marketing","technology influencer marketing; cloud influencer marketing; developer creator marketing; cybersecurity influencer marketing","saas-influencer-marketing-india; creator-led-b2b-marketing; b2b-creator-economy","3"
"influencer-marketing-construction","Influencer Marketing for Construction and Building Materials Brands","Brand Marketing","brand","multi-platform","Brand Marketing","construction influencer marketing","building materials influencer marketing; architect influencers India; home construction creators; paint cement tiles creator campaigns","manufacturing-influencer-marketing-india; home-interior-influencer-marketing-india; expert-creator-marketing","4"
"influencer-marketing-automotive-dealerships","Influencer Marketing for Automotive Dealerships: How to Build Local Creator Campaigns","Brand Marketing","brand","multi-platform","Brand Marketing","automotive dealership influencer marketing","car dealer influencer marketing; two-wheeler dealer creators; local creator campaign dealership; test drive leads local creators","automotive-influencer-marketing-india; influencer-marketing-lead-generation; restaurant-cafe-influencer-marketing-india","3"
"influencer-marketing-colleges","Influencer Marketing for Education Institutes: How Colleges Can Work With Creators","Brand Marketing","brand","multi-platform","Brand Marketing","college influencer marketing","university influencer marketing; student ambassador program; admissions influencer campaign; higher education creator marketing","influencer-marketing-education-edtech-brands-india; brand-ambassador-program; influencer-marketing-lead-generation","3"
"influencer-marketing-tier-2-tier-3-cities","Influencer Marketing in Tier 2 and Tier 3 Cities: How Brands Can Scale Beyond Metros","Campaign Strategy","brand","multi-platform","Campaign Strategy","influencer marketing tier 2 cities","tier 3 city influencer marketing; Bharat influencer marketing; scale beyond metro cities; small town creators India","regional-influencer-marketing-india; pan-india-influencer-marketing-campaign; influencer-audience-quality","7"
"influencer-marketing-website-traffic","Influencer Marketing for Website Traffic: How to Drive Qualified Visitors From Creators","Campaign Strategy","brand","multi-platform","Campaign Strategy","influencer marketing website traffic","drive traffic with influencers; influencer UTM tracking; creator link strategy; influencer landing page","influencer-marketing-kpis; influencer-marketing-sales; influencer-marketing-lead-generation","4"
"influencer-marketing-customer-retention","Influencer Marketing for Customer Retention: How Brands Can Turn Creators Into Long-Term Advocates","Campaign Strategy","brand","multi-platform","Campaign Strategy","influencer marketing customer retention","creator advocacy program; customer creators; retention marketing creators; repeat purchase influencers","influencer-marketing-sales; brand-ambassador-program; always-on-influencer-marketing","4"
"influencer-marketing-roi-forecasting","Influencer Marketing ROI Forecasting: How Brands Can Estimate Potential Campaign Outcomes","Campaign Strategy","brand","multi-platform","Campaign Strategy","influencer marketing ROI forecasting","influencer campaign forecast; influencer marketing budget vs performance; estimate influencer ROI; influencer campaign scenarios","measure-influencer-marketing-roi-india; influencer-budget-allocation; influencer-campaign-cost-india","7"
"influencer-marketing-agency-onboarding","Influencer Marketing Agency Onboarding: What Brands Should Prepare Before a Campaign Starts","Brand Marketing","brand","multi-platform","Brand Marketing","influencer marketing agency onboarding","agency kickoff meeting; onboard influencer agency; agency onboarding checklist; influencer agency first 30 days","influencer-marketing-agency-checklist; influencer-marketing-agency-brief; influencer-campaign-management","4"
"influencer-marketing-governance","Influencer Marketing Governance: How Brands Can Create Rules for Creator Partnerships","Brand Marketing","brand","multi-platform","Brand Marketing","influencer marketing governance","influencer marketing SOP; creator partnership policy; influencer marketing policy brands; influencer campaign process standard","influencer-marketing-team-structure; influencer-campaign-management; influencer-marketing-compliance","3"
"influencer-marketing-team-structure","Influencer Marketing Team Structure: Who Should Own Creator Marketing Inside a Brand?","Brand Marketing","brand","multi-platform","Brand Marketing","influencer marketing team structure","who owns influencer marketing; influencer marketing vendor management; in-house influencer team roles; creator marketing team","influencer-marketing-agency-vs-in-house; influencer-marketing-governance; influencer-agency-vs-freelancer","4"
"influencer-marketing-annual-plan","Influencer Marketing Annual Plan: How Brands Can Build a 12-Month Creator Strategy","Campaign Strategy","brand","multi-platform","Campaign Strategy","influencer marketing annual plan","influencer marketing calendar; 12-month creator strategy; multi product influencer marketing; yearly influencer plan India","always-on-influencer-marketing; seasonal-influencer-marketing-india; influencer-budget-allocation","4"
"podcast-influencer-marketing-b2b-brands","Podcast Influencer Marketing for B2B Brands: Complete Guide","Campaign Strategy","brand","podcast","Campaign Strategy","","","","1"
"podcast-influencer-marketing-saas-technology","Podcast Influencer Marketing for SaaS and Technology Brands","Campaign Strategy","brand","podcast","Campaign Strategy","","","","1"
"podcast-influencer-marketing-startups-founders","Podcast Influencer Marketing for Startups and Founders","Campaign Strategy","brand","podcast","Campaign Strategy","","","","1"
"podcast-influencer-marketing-fintech","Podcast Influencer Marketing for Fintech Brands","Campaign Strategy","brand","podcast","Campaign Strategy","","","","1"
"podcast-influencer-marketing-d2c","Podcast Influencer Marketing for D2C Brands","Campaign Strategy","brand","podcast","Campaign Strategy","","","","1"
"podcast-influencer-marketing-trends-2026","Podcast Influencer Marketing Trends: What Brands Should Watch in 2026","Campaign Strategy","brand","podcast","Campaign Strategy","","","","0"
"podcast-influencer-marketing-education-edtech","Podcast Influencer Marketing for Education and EdTech Brands","Campaign Strategy","brand","podcast","Campaign Strategy","","","","1"
"podcast-influencer-marketing-healthcare-wellness","Podcast Influencer Marketing for Healthcare and Wellness Brands","Campaign Strategy","brand","podcast","Campaign Strategy","","","","1"
"podcast-influencer-marketing-consumer-electronics","Podcast Influencer Marketing for Consumer Electronics and Gadget Brands","Campaign Strategy","brand","podcast","Campaign Strategy","","","","1"
"podcast-influencer-marketing-ecommerce","Podcast Influencer Marketing for E-commerce Brands","Campaign Strategy","brand","podcast","Campaign Strategy","","","","1"
"podcast-influencer-contracts","Podcast Influencer Contracts: Clauses Brands Should Include","Campaign Strategy","brand","podcast","Campaign Strategy","","","","2"
"podcast-sponsorship-brief","Podcast Sponsorship Brief: How to Create a Brief for Podcast Hosts","Campaign Strategy","brand","podcast","Campaign Strategy","","","","0"
"podcast-influencer-negotiation","Podcast Influencer Negotiation: How Brands Can Get Better Sponsorship Deals","Campaign Strategy","brand","podcast","Campaign Strategy","","","","0"
"podcast-media-kits","Podcast Media Kits: What Brands Should Look for Before Buying a Sponsorship","Campaign Strategy","brand","podcast","Campaign Strategy","","","","1"
"podcast-audience-analytics","Podcast Audience Analytics: What Brands Should Check Before Sponsoring a Show","Campaign Strategy","brand","podcast","Campaign Strategy","","","","0"
"how-to-choose-the-right-podcast","How to Choose the Right Podcast for Your Brand","Campaign Strategy","brand","podcast","Campaign Strategy","","","","0"
"podcast-vs-youtube-influencer-marketing","Podcast Influencer Marketing vs. YouTube Influencer Marketing: Which Is Better?","Campaign Strategy","brand","youtube","Campaign Strategy","","","","0"
"podcast-influencer-marketing-mistakes","Podcast Influencer Marketing Mistakes: 20 Mistakes Brands Should Avoid","Campaign Strategy","brand","podcast","Campaign Strategy","","","","0"
"podcast-influencer-marketing-metrics","Podcast Influencer Marketing Metrics: 15 KPIs Brands Should Track","Campaign Strategy","brand","podcast","Campaign Strategy","","","","0"
"podcast-advertising-compliance","Podcast Advertising and Influencer Marketing Compliance: What Brands Need to Know","Campaign Strategy","brand","podcast","Campaign Strategy","","","","5"
"sponsored-podcast-episodes","Sponsored Podcast Episodes: How Brands Can Create Branded Conversations","Campaign Strategy","brand","podcast","Campaign Strategy","","","","0"
"podcast-product-placement","Podcast Product Placement: How Brands Can Integrate Products Naturally","Campaign Strategy","brand","podcast","Campaign Strategy","","","","0"
"podcast-ad-placement-comparison","Pre-Roll vs. Mid-Roll vs. Post-Roll Podcast Ads: Which Should Brands Choose?","Campaign Strategy","brand","podcast","Campaign Strategy","","","","0"
"host-read-podcast-ads","Host-Read Podcast Ads: Complete Guide for Brands","Campaign Strategy","brand","podcast","Campaign Strategy","","","","0"
"podcast-advertising-vs-influencer-marketing","Podcast Advertising vs. Podcast Influencer Marketing: What's the Difference?","Campaign Strategy","brand","podcast","Campaign Strategy","","","","0"
"podcast-content-repurposing","Podcast Content Repurposing: How Brands Can Turn Podcast Collaborations Into Social Content","Campaign Strategy","brand","podcast","Campaign Strategy","","","","1"
"branded-podcast-series","Branded Podcast Series: Complete Guide for Indian Brands","Campaign Strategy","brand","podcast","Campaign Strategy","","","","0"
"podcast-interview-marketing","Podcast Interview Marketing: How Brands Can Turn Founder Interviews Into Marketing Assets","Campaign Strategy","brand","podcast","Campaign Strategy","","","","1"
"podcast-guest-marketing","Podcast Guest Marketing: How Brands Can Use Expert Guests to Build Authority","Campaign Strategy","brand","podcast","Campaign Strategy","","","","0"
"podcast-brand-partnerships","Podcast Brand Partnerships: How to Build Long-Term Relationships With Hosts","Campaign Strategy","brand","podcast","Campaign Strategy","","","","0"
"how-to-find-podcasts-and-podcast-creators","How to Find the Right Podcasts and Podcast Creators for Your Brand","Campaign Strategy","brand","podcast","Campaign Strategy","","","","5"
"podcast-creator-partnerships","Podcast Creator Partnerships: How Brands Can Work With Podcast Hosts","Campaign Strategy","brand","podcast","Campaign Strategy","","","","1"
"podcast-sponsorships","Podcast Sponsorships: Complete Guide for Brands","Campaign Strategy","brand","podcast","Campaign Strategy","","","","3"
"podcast-creator-marketing","Podcast Creator Marketing: Complete Guide for Brands","Campaign Strategy","brand","podcast","Campaign Strategy","","","","2"
"podcast-influencer-marketing-india","Podcast Influencer Marketing: Complete Guide for Indian Brands","Campaign Strategy","brand","podcast","Campaign Strategy","","","","1"
"podcast-influencer-marketing-roi","How to Measure Podcast Influencer Marketing ROI","Campaign Strategy","brand","podcast","Campaign Strategy","","","","6"
"podcast-influencer-marketing-costs-india","Podcast Influencer Marketing Costs in India: Complete Pricing Guide","Campaign Strategy","brand","podcast","Campaign Strategy","","","","3"
"podcast-influencer-marketing-strategy","Podcast Influencer Marketing Strategy: Complete Campaign Framework","Campaign Strategy","brand","podcast","Campaign Strategy","","","","2"
"podcast-influencer-outreach","Podcast Influencer Outreach: How to Contact Podcast Hosts and Creators","Campaign Strategy","brand","podcast","Campaign Strategy","","","","2"
"podcast-influencer-marketing-campaign-ideas","Podcast Influencer Marketing Campaign Ideas: 20 Campaigns Brands Can Try","Campaign Strategy","brand","podcast","Campaign Strategy","","","","1"
"future-of-x-creator-marketing","The Future of X Creator Marketing: How Brands Can Build Influence Through Conversations","Campaign Strategy","brand","x","Campaign Strategy","","","","1"
"x-creator-marketing-trends-2026","X Creator Marketing Trends: What Brands Should Watch in 2026","Campaign Strategy","brand","x","Campaign Strategy","","","","0"
"x-vs-instagram-creator-marketing","X Influencer Marketing vs. Instagram Influencer Marketing: Which Should Brands Choose?","Campaign Strategy","brand","instagram","Campaign Strategy","","","","0"
"x-vs-linkedin-b2b-creator-marketing","X Influencer Marketing vs. LinkedIn Creator Marketing: Which Is Better for B2B?","Campaign Strategy","brand","linkedin","Campaign Strategy","","","","0"
"x-influencer-marketing-mistakes","X Influencer Marketing Mistakes: 20 Things Brands Should Avoid","Campaign Strategy","brand","x","Campaign Strategy","","","","0"
"x-social-listening","X Social Listening: How Brands Can Find Customer Insights and Trends","Campaign Strategy","brand","x","Campaign Strategy","","","","0"
"x-brand-advocacy","X Brand Advocacy: How to Turn Customers, Experts and Employees Into Brand Voices","Campaign Strategy","brand","x","Campaign Strategy","","","","0"
"x-thought-leaders-vs-influencers","X Thought Leaders vs. Influencers: Who Should Your Brand Work With?","Campaign Strategy","brand","x","Campaign Strategy","","","","1"
"x-creator-discovery-vetting","X Creator Discovery: How to Vet Creators Beyond Follower Count","Campaign Strategy","brand","x","Campaign Strategy","","","","0"
"x-influencer-marketing-metrics","X Influencer Marketing Metrics: 15 KPIs Brands Should Track","Campaign Strategy","brand","x","Campaign Strategy","","","","0"
"x-influencer-marketing-india-strategy","X Influencer Marketing for Indian Brands: Complete Strategy","Campaign Strategy","brand","x","Campaign Strategy","","","","1"
"x-influencer-marketing-travel-tourism","X Influencer Marketing for Travel and Tourism Brands","Campaign Strategy","brand","x","Campaign Strategy","","","","1"
"x-influencer-marketing-ecommerce-brands","X Influencer Marketing for E-commerce Brands","Campaign Strategy","brand","x","Campaign Strategy","","","","1"
"x-influencer-marketing-d2c-brands","X Influencer Marketing for D2C Brands","Campaign Strategy","brand","x","Campaign Strategy","","","","1"
"x-influencer-marketing-gaming-esports","X Influencer Marketing for Gaming and Esports Brands","Campaign Strategy","brand","x","Campaign Strategy","","","","1"
"x-influencer-marketing-b2b-brands","X Influencer Marketing for B2B Brands: Complete Guide","Campaign Strategy","brand","x","Campaign Strategy","","","","1"
"x-creator-marketing-saas-technology","X Creator Marketing for SaaS and Technology Companies","Campaign Strategy","brand","x","Campaign Strategy","","","","1"
"x-influencer-marketing-startups","X Influencer Marketing for Startups: Complete Growth Strategy","Campaign Strategy","brand","x","Campaign Strategy","","","","1"
"x-influencer-marketing-fintech-brands","X Influencer Marketing for Fintech Brands","Campaign Strategy","brand","x","Campaign Strategy","","","","1"
"x-influencer-marketing-consumer-electronics","X Influencer Marketing for Consumer Electronics and Gadget Brands","Campaign Strategy","brand","x","Campaign Strategy","","","","1"
"x-influencer-marketing-compliance","X Influencer Marketing Compliance: Disclosures, Advertising and Platform Rules","Campaign Strategy","brand","x","Campaign Strategy","","","","2"
"x-creator-campaign-brief","X Creator Campaign Brief: How to Brief Creators for Better Content","Campaign Strategy","brand","x","Campaign Strategy","","","","1"
"x-influencer-contracts","X Influencer Contracts: Clauses Brands Should Include for Creator Campaigns","Campaign Strategy","brand","x","Campaign Strategy","","","","3"
"x-creator-brand-partnerships","X Creator Brand Partnerships: Pricing, Deliverables and Usage Rights","Campaign Strategy","brand","x","Campaign Strategy","","","","0"
"x-influencer-whitelisting-content-licensing","X Influencer Whitelisting and Content Licensing: What Brands Need to Know","Campaign Strategy","brand","x","Campaign Strategy","","","","2"
"x-creator-monetization","X Creator Monetization: What Brands Need to Know About X's Creator Economy","Campaign Strategy","brand","x","Campaign Strategy","","","","0"
"x-creator-subscriptions","X Creator Subscriptions: How Creators Can Build Paid Communities","Campaign Strategy","brand","x","Campaign Strategy","","","","3"
"x-creator-revenue-sharing","X Creator Revenue Sharing: How It Works and What Brands Should Know","Campaign Strategy","brand","x","Campaign Strategy","","","","2"
"x-creator-ads-paid-amplification","X Creator Ads and Paid Amplification: How Brands Can Scale Creator Content","Campaign Strategy","brand","x","Campaign Strategy","","","","3"
"x-ads-vs-creator-marketing","X Ads vs. Creator Marketing: Which Strategy Should Brands Choose?","Campaign Strategy","brand","x","Campaign Strategy","","","","0"
"x-product-launch-marketing","X Product Launch Marketing: How Brands Can Use Creators to Build Buzz","Campaign Strategy","brand","x","Campaign Strategy","","","","0"
"x-creator-takeovers","X Creator Takeovers: How Brands Can Collaborate With Creators","Campaign Strategy","brand","x","Campaign Strategy","","","","0"
"x-video-marketing-with-creators","X Video Marketing With Creators: Complete Guide for Brands","Campaign Strategy","brand","x","Campaign Strategy","","","","1"
"x-spaces-marketing","X Spaces Marketing: How Brands Can Use Creator-Led Live Audio Conversations","Campaign Strategy","brand","x","Campaign Strategy","","","","4"
"x-threads-for-brands","X Threads for Brands: How to Work With Creators on Long-Form Content","Campaign Strategy","brand","x","Campaign Strategy","","","","3"
"x-community-marketing","X Community Marketing: How Brands Can Build Conversations and Communities","Campaign Strategy","brand","x","Campaign Strategy","","","","0"
"x-employee-advocacy","X Employee Advocacy: How Brands Can Turn Employees Into Trusted Voices","Campaign Strategy","brand","x","Campaign Strategy","","","","2"
"x-founder-led-creator-marketing","X Founder-Led Creator Marketing: How Founders Can Build Influence on X","Campaign Strategy","brand","x","Campaign Strategy","","","","4"
"x-thought-leadership-marketing","X Thought Leadership Marketing: How Brands Can Work With Experts and Creators","Campaign Strategy","brand","x","Campaign Strategy","","","","3"
"x-real-time-marketing","X Real-Time Marketing: How Brands Can Work With Creators Around Trending Events","Campaign Strategy","brand","x","Campaign Strategy","","","","3"
"x-influencer-marketing-roi","How to Measure X Influencer Marketing ROI: Metrics, Attribution and Reporting","Campaign Strategy","brand","x","Campaign Strategy","","","","11"
"x-creator-marketing-costs","X Creator Marketing Costs: How Much Should Brands Pay X Creators?","Campaign Strategy","brand","x","Campaign Strategy","","","","3"
"x-creator-marketing-vs-influencer-marketing","X Creator Marketing vs. Influencer Marketing: What's the Difference?","Campaign Strategy","brand","x","Campaign Strategy","","","","1"
"x-influencer-marketing-strategy","X Influencer Marketing Strategy: Complete Campaign Framework for Brands","Campaign Strategy","brand","x","Campaign Strategy","","","","3"
"x-influencer-outreach","X Influencer Outreach: How to Contact Creators and Experts","Campaign Strategy","brand","x","Campaign Strategy","","","","3"
"x-influencer-marketing-india","X Influencer Marketing: Complete Guide for Indian Brands","Campaign Strategy","brand","x","Campaign Strategy","","","","2"
"x-creator-marketing","X Creator Marketing: Complete Guide for Brands","Campaign Strategy","brand","x","Campaign Strategy","","","","3"
"x-creator-partnerships","X Creator Partnerships: How Brands Can Work With X Creators","Campaign Strategy","brand","x","Campaign Strategy","","","","1"
"x-influencer-marketing-campaign-ideas","X Influencer Marketing Campaign Ideas: 20 Campaigns Brands Can Try","Campaign Strategy","brand","x","Campaign Strategy","","","","2"
"how-to-find-x-influencers","How to Find X Influencers and Creators for Your Brand","Campaign Strategy","brand","x","Campaign Strategy","","","","8"
"youtube-creator-partnerships","YouTube Creator Partnerships: How Brands Can Build Long-Term Creator Relationships","Campaign Strategy","brand","youtube","Campaign Strategy","","","","3"
"youtube-sponsorships","YouTube Sponsorships: Complete Guide for Brands and Creators","Campaign Strategy","brand","youtube","Campaign Strategy","","","","5"
"youtube-product-reviews","YouTube Product Reviews: How Brands Can Work With Review Creators","Campaign Strategy","brand","youtube","Campaign Strategy","","","","7"
"youtube-shorts-influencer-marketing","YouTube Shorts Influencer Marketing: Complete Guide for Brands","Campaign Strategy","brand","youtube","Campaign Strategy","","","","2"
"youtube-influencer-marketing-roi","How to Measure YouTube Influencer Marketing ROI: Metrics, Attribution and Reporting","Campaign Strategy","brand","youtube","Campaign Strategy","","","","2"
"youtube-influencer-marketing-campaign-ideas","YouTube Influencer Marketing Campaign Ideas: 25 Campaign Formats for Brands","Campaign Strategy","brand","youtube","Campaign Strategy","","","","1"
"how-to-contact-youtube-creators","How to Contact YouTube Creators: Outreach, Pitching and Negotiation Guide","Campaign Strategy","brand","youtube","Campaign Strategy","","","","2"
"how-to-find-youtube-influencers","How to Find YouTube Influencers for Your Brand: Complete Creator Discovery Guide","Campaign Strategy","brand","youtube","Campaign Strategy","","","","4"
"youtube-influencer-rates-india","YouTube Influencer Rates in India: Complete Pricing Guide for Brands","Campaign Strategy","brand","youtube","Campaign Strategy","","","","4"
"instagram-creator-marketing-d2c-brands","Instagram Creator Marketing for D2C Brands: Complete Growth Strategy","Instagram Marketing","brand","instagram","Instagram Marketing","","","","2"
"instagram-influencer-marketing-ecommerce","Instagram Influencer Marketing for E-commerce: From Creator Content to Sales","Instagram Marketing","brand","instagram","Instagram Marketing","","","","2"
"instagram-product-launch-campaigns","Instagram Creator Campaigns for Product Launches: Complete Strategy for Brands","Instagram Marketing","brand","instagram","Instagram Marketing","","","","3"
"instagram-product-seeding","Instagram Product Seeding: Complete Guide to Gifting Products to Creators","Instagram Marketing","brand","instagram","Instagram Marketing","","","","6"
"instagram-gifting-vs-paid-collaboration","Instagram Influencer Gifting vs. Paid Collaborations: Which Should Brands Choose?","Instagram Marketing","brand","instagram","Instagram Marketing","","","","6"
"instagram-live-influencer-marketing","Instagram Live Influencer Marketing: Complete Guide for Brands","Instagram Marketing","brand","instagram","Instagram Marketing","","","","3"
"instagram-ugc-marketing","Instagram UGC Marketing: Complete Guide for Indian Brands","UGC Marketing","brand","instagram","UGC Marketing","","","","3"
"instagram-creator-marketing","Instagram Creator Marketing: Complete Guide for Brands in India","Instagram Marketing","brand","instagram","Instagram Marketing","","","","4"
"how-to-find-instagram-influencers","How to Find Instagram Influencers for Your Brand: Complete Creator Discovery Guide","Instagram Marketing","brand","instagram","Instagram Marketing","","","","5"
"instagram-influencer-rates-india","Instagram Influencer Rates in India: Complete Pricing Guide for Brands","Instagram Marketing","brand","instagram","Instagram Marketing","","","","3"
"instagram-reels-influencer-marketing","Instagram Reels Influencer Marketing: Complete Guide for Brands","Instagram Marketing","brand","instagram","Instagram Marketing","","","","4"
"instagram-stories-influencer-marketing","Instagram Stories Influencer Marketing: How Brands Can Drive Engagement and Sales","Instagram Marketing","brand","instagram","Instagram Marketing","","","","4"
"instagram-collab-posts","Instagram Collab Posts for Brands: How to Run Influencer Collaboration Campaigns","Instagram Marketing","brand","instagram","Instagram Marketing","","","","3"
"instagram-partnership-ads","Instagram Partnership Ads: Complete Guide to Creator Ads for Brands","Instagram Marketing","brand","instagram","Instagram Marketing","","","","11"
"how-to-contact-instagram-influencers","How to Contact Instagram Influencers: Outreach, Pitching and Negotiation Guide","Instagram Marketing","brand","instagram","Instagram Marketing","","","","4"
"instagram-influencer-campaign-brief","Instagram Influencer Campaign Brief: Complete Template for Brands","Instagram Marketing","brand","instagram","Instagram Marketing","","","","4"
"instagram-influencer-marketing-roi","How to Measure Instagram Influencer Marketing ROI: Metrics, Attribution and Reporting","Instagram Marketing","brand","instagram","Instagram Marketing","","","","7"
"instagram-influencer-affiliate-marketing","Instagram Influencer Affiliate Marketing: How Brands Can Drive Sales Through Creators","Instagram Marketing","brand","instagram","Instagram Marketing","","","","7"
"ai-ugc-marketing","AI and UGC Marketing: How Brands Can Use AI Without Losing Authenticity","UGC Marketing","brand","multi-platform","UGC Marketing","","","","3"
"ugc-marketing-d2c-brands","UGC Marketing for D2C Brands: Complete Strategy for Customer Acquisition and Growth","UGC Marketing","brand","multi-platform","UGC Marketing","","","","4"
"always-on-ugc-marketing","Always-On UGC Marketing: How Brands Can Build a Continuous Creator Content Program","UGC Marketing","brand","multi-platform","UGC Marketing","","","","7"
"ugc-whitelisting-creator-licensing","Influencer Whitelisting and Creator Content Licensing: A Complete Guide for Brands","UGC Marketing","brand","multi-platform","UGC Marketing","influencer whitelisting","creator content licensing; UGC whitelisting; whitelisting agreement; influencer content licensing brands","","8"
"ugc-paid-social-testing","UGC for Paid Social: How to Test and Scale Creator Ads","UGC Marketing","brand","multi-platform","UGC Marketing","","","","6"
"ugc-content-ecommerce","UGC Content for E-commerce: How Brands Can Use Creator Content to Increase Product Sales","UGC Marketing","brand","multi-platform","UGC Marketing","","","","2"
"scale-ugc-content-production","How to Scale UGC Content Production Without Losing Authenticity","UGC Marketing","brand","multi-platform","UGC Marketing","","","","3"
"ugc-creator-vs-influencer","UGC Creator vs. Influencer: Which One Should Your Brand Hire?","UGC Marketing","brand","multi-platform","UGC Marketing","","","","2"
"ugc-creator-portfolio","How to Build a UGC Creator Portfolio That Brands Want to Hire","Creator Resources","creator","multi-platform","Creator Brand Deals > Get Brand-Ready","UGC portfolio","UGC creator; UGC creator portfolio; creator portfolio; UGC rates","creator-portfolio; influencer-rate-card-india; creator-usage-rights","9"
"ugc-video-scripts","UGC Video Scripts: 25 Templates Brands Can Give to Creators","UGC Marketing","brand","multi-platform","UGC Marketing","","","","1"
"ugc-marketing-strategy","UGC Marketing Strategy: How to Build a Scalable UGC Content Engine","UGC Marketing","brand","multi-platform","UGC Marketing","","","","7"
"ugc-marketing-roi","How to Measure UGC Marketing ROI: Metrics Every Brand Should Track","UGC Marketing","brand","multi-platform","UGC Marketing","","","","2"
"ugc-content-usage-rights","UGC Content Usage Rights: What Brands Need to Know Before Using Creator Content","UGC Marketing","brand","multi-platform","UGC Marketing","","","","7"
"ugc-content-ideas","UGC Content Ideas: 30 UGC Video Concepts for Brands","UGC Marketing","brand","multi-platform","UGC Marketing","","","","1"
"ugc-ads-indian-brands","UGC Ads: How Indian Brands Can Turn Creator Content Into High-Performing Ads","UGC Marketing","brand","multi-platform","UGC Marketing","","","","4"
"ugc-brief-template","How to Create a UGC Brief That Gets High-Quality Content","UGC Marketing","brand","multi-platform","UGC Marketing","","","","5"
"ugc-content-cost-india","How Much Does UGC Content Cost in India? A Complete Pricing Guide","UGC Marketing","brand","multi-platform","UGC Marketing","","","","4"
"experiential-influencer-marketing","Experiential Influencer Marketing: Turning Events and Experiences Into Creator Campaigns","Campaign Strategy","brand","multi-platform","Campaign Strategy","","","","2"
"seasonal-influencer-marketing-india","Seasonal Influencer Marketing: Planning Campaigns Around Indian Festivals and Cultural Moments","Campaign Strategy","brand","multi-platform","Campaign Strategy","","","","4"
"linkedin-influencer-marketing-india","LinkedIn Influencer Marketing: The Complete Guide for B2B Brands in India","Brand Marketing","brand","linkedin","Brand Marketing","","","","5"
"influencer-marketing-brand-safety","Influencer Brand Safety: How Brands Can Protect Their Reputation When Working With Creators","Brand Marketing","brand","multi-platform","Brand Marketing","","","","7"
"how-to-vet-influencers","How to Vet Influencers Before a Brand Collaboration","Influencer Marketing","brand","multi-platform","Influencer Marketing","influencer vetting","influencer vetting checklist; influencer due diligence; vet influencers before hiring; influencer background check","influencer-shortlist; influencer-audience-quality; how-to-identify-fake-followers","14"
"influencer-marketing-technology","Influencer Marketing Technology: Tools and Platforms Brands Need to Run Better Campaigns","Campaign Strategy","brand","multi-platform","Campaign Strategy","","","","2"
"influencer-marketing-vs-affiliate-marketing","Influencer Marketing vs Affiliate Marketing: Which Strategy Should Brands Choose?","Campaign Strategy","brand","multi-platform","Campaign Strategy","","","","7"
"influencer-marketing-funnel","The Complete Influencer Marketing Funnel: From Awareness to Conversion","Campaign Strategy","brand","multi-platform","Campaign Strategy","","","","1"
"influencer-marketing-brand-awareness","Influencer Marketing for Brand Awareness: How to Build Reach and Recall","Campaign Strategy","brand","multi-platform","Campaign Strategy","influencer marketing brand awareness","brand awareness influencer campaign; influencer reach strategy; brand lift influencer; awareness campaign creators","pan-india-influencer-marketing-campaign; micro-vs-macro-influencers; influencer-marketing-funnel","3"
"influencer-outreach-strategy","Influencer Outreach Strategy: How Brands Can Find and Approach Creators","Influencer Marketing","brand","multi-platform","Influencer Marketing","influencer outreach services","influencer outreach strategy; creator outreach; influencer negotiation; managed influencer outreach","","4"
"influencer-marketing-compliance","Influencer Marketing Compliance: Common Mistakes Brands Should Avoid","Campaign Strategy","brand","multi-platform","Campaign Strategy","","","","16"
"influencer-marketing-payments","Influencer Marketing Payments: How Brands Should Pay Influencers and Creators","Campaign Strategy","brand","multi-platform","Campaign Strategy","","","","5"
"influencer-usage-rights","Influencer Usage Rights: How Much Should Brands Pay for Content Rights?","Campaign Strategy","brand","multi-platform","Campaign Strategy","","","","15"
"best-influencer-marketing-agencies-in-ladakh","Best Influencer Marketing Agencies in Ladakh","Brand Marketing","brand","multi-platform","Brand Marketing","","","","0"
"best-influencer-marketing-agencies-in-jammu-and-kashmir","Best Influencer Marketing Agencies in Jammu & Kashmir","Brand Marketing","brand","multi-platform","Brand Marketing","","","","0"
"best-influencer-marketing-agencies-in-west-bengal","Best Influencer Marketing Agencies in West Bengal","Brand Marketing","brand","multi-platform","Brand Marketing","","","","0"
"best-influencer-marketing-agencies-in-uttarakhand","Best Influencer Marketing Agencies in Uttarakhand","Brand Marketing","brand","multi-platform","Brand Marketing","","","","0"
"best-influencer-marketing-agencies-in-uttar-pradesh","Best Influencer Marketing Agencies in Uttar Pradesh","Brand Marketing","brand","multi-platform","Brand Marketing","","","","0"
"best-influencer-marketing-agencies-in-tripura","Best Influencer Marketing Agencies in Tripura","Brand Marketing","brand","multi-platform","Brand Marketing","","","","0"
"best-influencer-marketing-agencies-in-telangana","Best Influencer Marketing Agencies in Telangana","Brand Marketing","brand","multi-platform","Brand Marketing","","","","0"
"best-influencer-marketing-agencies-in-tamil-nadu","Best Influencer Marketing Agencies in Tamil Nadu","Brand Marketing","brand","multi-platform","Brand Marketing","","","","0"
"best-influencer-marketing-agencies-in-sikkim","Best Influencer Marketing Agencies in Sikkim","Brand Marketing","brand","multi-platform","Brand Marketing","","","","0"
"best-influencer-marketing-agencies-in-rajasthan","Best Influencer Marketing Agencies in Rajasthan","Brand Marketing","brand","multi-platform","Brand Marketing","","","","0"
"best-influencer-marketing-agencies-in-punjab","Best Influencer Marketing Agencies in Punjab","Brand Marketing","brand","multi-platform","Brand Marketing","","","","0"
"best-influencer-marketing-agencies-in-odisha","Best Influencer Marketing Agencies in Odisha","Brand Marketing","brand","multi-platform","Brand Marketing","","","","0"
"best-influencer-marketing-agencies-in-nagaland","Best Influencer Marketing Agencies in Nagaland","Brand Marketing","brand","multi-platform","Brand Marketing","","","","0"
"best-influencer-marketing-agencies-in-mizoram","Best Influencer Marketing Agencies in Mizoram","Brand Marketing","brand","multi-platform","Brand Marketing","","","","0"
"best-influencer-marketing-agencies-in-meghalaya","Best Influencer Marketing Agencies in Meghalaya","Brand Marketing","brand","multi-platform","Brand Marketing","","","","0"
"best-influencer-marketing-agencies-in-manipur","Best Influencer Marketing Agencies in Manipur","Brand Marketing","brand","multi-platform","Brand Marketing","","","","0"
"best-influencer-marketing-agencies-in-madhya-pradesh","Best Influencer Marketing Agencies in Madhya Pradesh","Brand Marketing","brand","multi-platform","Brand Marketing","","","","0"
"best-influencer-marketing-agencies-in-kerala","Best Influencer Marketing Agencies in Kerala","Brand Marketing","brand","multi-platform","Brand Marketing","","","","0"
"best-influencer-marketing-agencies-in-karnataka","Best Influencer Marketing Agencies in Karnataka","Brand Marketing","brand","multi-platform","Brand Marketing","","","","1"
"best-influencer-marketing-agencies-in-jharkhand","Best Influencer Marketing Agencies in Jharkhand","Brand Marketing","brand","multi-platform","Brand Marketing","","","","0"
"best-influencer-marketing-agencies-in-india","Best Influencer Marketing Agencies in India: Top Agencies for Brands in 2026","Brand Marketing","brand","multi-platform","Brand Marketing","","","","0"
"best-influencer-marketing-agencies-in-andhra-pradesh","Best Influencer Marketing Agencies in Andhra Pradesh","Brand Marketing","brand","multi-platform","Brand Marketing","","","","0"
"best-influencer-marketing-agencies-in-arunachal-pradesh","Best Influencer Marketing Agencies in Arunachal Pradesh","Brand Marketing","brand","multi-platform","Brand Marketing","","","","0"
"best-influencer-marketing-agencies-in-assam","Best Influencer Marketing Agencies in Assam","Brand Marketing","brand","multi-platform","Brand Marketing","","","","0"
"best-influencer-marketing-agencies-in-bihar","Best Influencer Marketing Agencies in Bihar","Brand Marketing","brand","multi-platform","Brand Marketing","","","","0"
"best-influencer-marketing-agencies-in-himachal-pradesh","Best Influencer Marketing Agencies in Himachal Pradesh","Brand Marketing","brand","multi-platform","Brand Marketing","","","","0"
"best-influencer-marketing-agencies-in-haryana","Best Influencer Marketing Agencies in Haryana","Brand Marketing","brand","multi-platform","Brand Marketing","","","","0"
"best-influencer-marketing-agencies-in-gujarat","Best Influencer Marketing Agencies in Gujarat","Brand Marketing","brand","multi-platform","Brand Marketing","","","","1"
"best-influencer-marketing-agencies-in-goa","Best Influencer Marketing Agencies in Goa","Brand Marketing","brand","multi-platform","Brand Marketing","","","","0"
"best-influencer-marketing-agencies-in-chhattisgarh","Best Influencer Marketing Agencies in Chhattisgarh","Brand Marketing","brand","multi-platform","Brand Marketing","","","","0"
"elder-care-influencer-marketing-india","Influencer Marketing for Senior Living and Elder Care Brands in India","Brand Marketing","brand","multi-platform","Brand Marketing","","","","0"
"personal-finance-influencer-marketing-india","Influencer Marketing for Personal Finance Platforms in India","Brand Marketing","brand","multi-platform","Brand Marketing","","","","1"
"photography-creative-services-influencer-marketing-india","Influencer Marketing for Photography and Creative Service Businesses in India","Brand Marketing","brand","multi-platform","Brand Marketing","","","","0"
"subscription-influencer-marketing-india","Influencer Marketing for Subscription and Membership Businesses in India","Brand Marketing","brand","multi-platform","Brand Marketing","","","","0"
"event-influencer-marketing-india","Influencer Marketing for Event and Exhibition Businesses in India","Brand Marketing","brand","multi-platform","Brand Marketing","","","","4"
"sustainability-influencer-marketing-india","Influencer Marketing for Sustainability and Eco-Friendly Brands in India","Brand Marketing","brand","multi-platform","Brand Marketing","","","","2"
"agritech-influencer-marketing-india","Influencer Marketing for Agriculture and AgriTech Brands in India","Brand Marketing","brand","multi-platform","Brand Marketing","","","","0"
"legal-services-influencer-marketing-india","Influencer Marketing for Legal Technology and Legal Service Brands in India","Brand Marketing","brand","multi-platform","Brand Marketing","","","","0"
"hr-recruitment-influencer-marketing-india","Influencer Marketing for HR and Recruitment Companies in India","Brand Marketing","brand","multi-platform","Brand Marketing","","","","0"
"coworking-influencer-marketing-india","Influencer Marketing for Coworking and Flexible Workspace Brands in India","Brand Marketing","brand","multi-platform","Brand Marketing","","","","1"
"logistics-influencer-marketing-india","Influencer Marketing for Logistics and Supply Chain Companies in India","Brand Marketing","brand","multi-platform","Brand Marketing","","","","0"
"solar-influencer-marketing-india","Influencer Marketing for Renewable Energy and Solar Brands in India","Brand Marketing","brand","multi-platform","Brand Marketing","","","","1"
"wedding-influencer-marketing-india","Influencer Marketing for Wedding Businesses in India","Brand Marketing","brand","multi-platform","Brand Marketing","","","","4"
"manufacturing-influencer-marketing-india","Influencer Marketing for Manufacturing Brands: How Industrial Companies Can Work With Creators","Brand Marketing","brand","multi-platform","Brand Marketing","manufacturing influencer marketing","industrial influencer marketing; engineer creators; B2B manufacturing creators; trade fair influencer campaign","","4"
"b2b-influencer-marketing-india","Influencer Marketing for B2B Companies in India","Brand Marketing","brand","multi-platform","Brand Marketing","","","","14"
"insurance-influencer-marketing-india","Influencer Marketing for Insurance Companies in India","Brand Marketing","brand","multi-platform","Brand Marketing","","","","1"
"retail-influencer-marketing-india","Influencer Marketing for Retail Brands in India","Brand Marketing","brand","multi-platform","Brand Marketing","","","","11"
"sports-influencer-marketing-india","Influencer Marketing for Sports Brands in India","Brand Marketing","brand","multi-platform","Brand Marketing","","","","3"
"consumer-electronics-influencer-marketing-india","Influencer Marketing for Consumer Electronics Brands: How to Work With Tech Creators","Brand Marketing","brand","multi-platform","Brand Marketing","influencer marketing electronics","consumer electronics influencer marketing India; tech creator reviews; review unit embargo influencers; YouTube tech reviews marketing","youtube-product-reviews; influencers-for-product-launch; influencer-marketing-sales","2"
"restaurant-cafe-influencer-marketing-india","Influencer Marketing for Restaurants: How to Build Local Creator Campaigns","Brand Marketing","brand","multi-platform","Brand Marketing","restaurant influencer marketing","cafe influencer marketing; food creators local campaign; restaurant opening influencers; delivery app creator codes","","5"
"luxury-influencer-marketing-india","Influencer Marketing for Luxury Brands: How to Work With the Right Creators","Brand Marketing","brand","multi-platform","Brand Marketing","influencer marketing luxury brands","luxury influencer marketing India; luxury creator partnerships; premium brand influencers; luxury brand storytelling creators","","4"
"home-interior-influencer-marketing-india","Influencer Marketing for Home and Interior Brands: Complete Campaign Strategy","Brand Marketing","brand","multi-platform","Brand Marketing","influencer marketing home decor","interior design influencer marketing; home brand creators India; room transformation influencers; furniture influencer marketing","","1"
"pet-influencer-marketing-india","Influencer Marketing for Pet Brands in India","Brand Marketing","brand","multi-platform","Brand Marketing","","","","0"
"parenting-baby-influencer-marketing-india","Influencer Marketing for Baby and Parenting Brands: How to Choose the Right Creators","Brand Marketing","brand","multi-platform","Brand Marketing","parenting influencer marketing","baby brand influencer marketing; mom influencers India; IMS Act influencer promotion; family creators campaign","","2"
"entertainment-influencer-marketing-india","Influencer Marketing for Entertainment Brands in India","Brand Marketing","brand","multi-platform","Brand Marketing","","","","8"
"gaming-influencer-marketing-india","Influencer Marketing for Gaming Brands: How to Work With Gaming Creators","Brand Marketing","brand","multi-platform","Brand Marketing","gaming influencer marketing","gaming creators India; esports influencer marketing; game launch streamers; Online Gaming Act influencers","","5"
"mobile-app-influencer-marketing-india","Influencer Marketing for Mobile Apps: App Launches and User Acquisition","Brand Marketing","brand","multi-platform","Brand Marketing","influencer marketing mobile apps","influencer marketing app launch; app user acquisition creators; app install influencer campaign; creator referral codes app","","3"
"saas-influencer-marketing-india","Influencer Marketing for SaaS Brands: How B2B Software Companies Can Work With Creators","Brand Marketing","brand","multi-platform","Brand Marketing","SaaS influencer marketing","influencer marketing SaaS; SaaS product launch creators; B2B software creator marketing; creator demos SaaS","creator-led-b2b-marketing; b2b-creator-economy; linkedin-influencer-marketing-india","12"
"ev-influencer-marketing-india","Influencer Marketing for EV Brands in India","Brand Marketing","brand","multi-platform","Brand Marketing","","","","1"
"automotive-influencer-marketing-india","Influencer Marketing for Automobile Brands: How to Build Creator Campaigns","Brand Marketing","brand","multi-platform","Brand Marketing","influencer marketing automobile","automotive influencer marketing India; car launch influencer campaign; test drive influencer leads; ASCI automotive advertising","influencer-marketing-lead-generation; ev-influencer-marketing-india; pan-india-influencer-marketing-campaign","5"
"influencer-marketing-real-estate-brands-india","Influencer Marketing for Real Estate Brands: How to Work With Local and Property Creators","Brand Marketing","brand","multi-platform","Brand Marketing","influencer marketing real estate","real estate influencer marketing India; property influencer campaign; RERA influencer advertising; real estate site visit leads","influencer-marketing-lead-generation; pan-india-influencer-marketing-campaign; home-interior-influencer-marketing-india","5"
"influencer-marketing-fintech-brands-india","Influencer Marketing for Finance and Fintech Brands: Complete Campaign Guide","Brand Marketing","brand","multi-platform","Brand Marketing","influencer marketing fintech","fintech influencer marketing India; finfluencer marketing rules; SEBI registered influencer; ASCI financial influencer guidelines","expert-creator-marketing; personal-finance-influencer-marketing-india; influencer-marketing-compliance","8"
"influencer-marketing-education-edtech-brands-india","Influencer Marketing for Education and EdTech Brands: Complete Campaign Guide","Brand Marketing","brand","multi-platform","Brand Marketing","influencer marketing education","edtech influencer marketing India; coaching influencer marketing; CCPA coaching advertisement guidelines; education creator campaign","influencer-marketing-lead-generation; expert-creator-marketing; regional-influencer-marketing-india","6"
"influencer-marketing-hospitality-brands-india","Influencer Marketing for Hospitality Brands: How Hotels Can Work With Creators","Brand Marketing","brand","multi-platform","Brand Marketing","hotel influencer marketing","hospitality influencer marketing; creator hotel stay; resort influencer campaign; hotel direct bookings creators","","13"
"influencer-marketing-travel-brands-india","Influencer Marketing for Travel Brands: How to Build Creator-Led Destination Campaigns","Brand Marketing","brand","multi-platform","Brand Marketing","travel influencer marketing","tourism influencer marketing; destination influencer campaign; tourism board creators; travel creators India","","18"
"influencer-marketing-healthcare-brands-india","Influencer Marketing for Healthcare and Wellness Brands: Campaign Planning Guide","Brand Marketing","brand","multi-platform","Brand Marketing","influencer marketing healthcare","healthcare influencer marketing India; wellness influencer marketing; ASCI health influencer rules; doctor influencer marketing","expert-creator-marketing; influencer-marketing-fitness-brands-india; influencer-marketing-compliance","8"
"influencer-marketing-fitness-brands-india","Influencer Marketing for Sports and Fitness Brands: Complete Campaign Guide","Brand Marketing","brand","multi-platform","Brand Marketing","fitness influencer marketing","sports influencer marketing; fitness creators India; athlete influencer campaign; supplement influencer rules","","3"
"influencer-marketing-jewellery-brands-india","Influencer Marketing for Jewellery Brands: How to Build Creator Campaigns That Convert","Brand Marketing","brand","multi-platform","Brand Marketing","influencer marketing jewellery","jewellery influencer marketing India; bridal jewellery creators; festive jewellery campaign; jewellery try-on influencers","","6"
"influencer-marketing-fmcg-brands-india","Influencer Marketing for FMCG Brands: Complete Campaign Strategy","Brand Marketing","brand","multi-platform","Brand Marketing","FMCG influencer marketing","consumer brand influencer marketing; FMCG creator program; sampling influencer campaign; regional FMCG creators","","3"
"d2c-influencer-marketing-funnel-india","The D2C Influencer Marketing Funnel: A Practical Guide for Indian Brands","Campaign Strategy","brand","multi-platform","Campaign Strategy","","","","6"
"influencer-marketing-agency-vs-in-house","Influencer Marketing Agency vs Managing Influencers In-House","Brand Marketing","brand","multi-platform","Brand Marketing","influencer marketing agency vs in-house","when to hire influencer marketing agency; in-house influencer marketing team; hybrid influencer marketing model; influencer agency cost vs in-house","choose-influencer-marketing-agency-india; influencer-agency-vs-freelancer; influencer-marketing-agency-fees-india","6"
"how-to-brief-influencers","How to Brief Influencers for a Successful Brand Campaign","Campaign Strategy","brand","multi-platform","Campaign Strategy","","","","4"
"influencer-campaign-cost-india","Influencer Marketing Campaign Costs in India: Budget Examples for Brands","Campaign Strategy","brand","multi-platform","Campaign Strategy","influencer campaign cost calculator","influencer marketing campaign cost India; influencer campaign budget; influencer budget calculator; influencer campaign budget examples","influencer-budget-allocation; influencer-marketing-agency-fees-india; how-much-to-pay-influencers","14"
"measure-influencer-marketing-roi-india","How to Measure Influencer Marketing ROI for Indian Brands","Campaign Strategy","brand","multi-platform","Campaign Strategy","","","","18"
"influencer-marketing-contract-india","Influencer Marketing Contracts in India: What Brands Should Know","Influencer Marketing","brand","multi-platform","Influencer Marketing","","","","2"
"avoid-fake-influencers-india","How to Avoid Fake Followers and Influencer Fraud in India","Influencer Marketing","brand","multi-platform","Influencer Marketing","","","","3"
"influencer-management-vs-influencer-marketing","Influencer Management vs Influencer Marketing: What's the Difference?","Influencer Marketing","brand","multi-platform","Influencer Marketing","","","","0"
"influencer-campaign-management","How Influencer Campaign Management Works: A Step-by-Step Guide","Campaign Strategy","brand","multi-platform","Campaign Strategy","influencer campaign management","influencer campaign management services; influencer campaign workflow; manage influencer campaigns; brand creator collaboration process","","63"
"influencer-marketing-services-india","Influencer Marketing Services: What Should a Full-Service Agency Handle?","Brand Marketing","brand","multi-platform","Brand Marketing","influencer marketing services","full-service influencer marketing agency; what does influencer marketing agency do; influencer agency services India; influencer marketing services for brands","choose-influencer-marketing-agency-india; influencer-marketing-agency-fees-india; influencer-campaign-management","4"
"choose-influencer-marketing-agency-india","How to Choose an Influencer Marketing Agency in India","Brand Marketing","brand","multi-platform","Brand Marketing","influencer marketing agency India","how to choose influencer marketing agency; choose influencer agency India; influencer marketing agency selection; best way to pick influencer agency; influencer agency red flags","influencer-marketing-agency-pitch-questions; influencer-marketing-rfp; influencer-marketing-agency-fees-india","13"
"influencer-marketing-mistakes-india","15 Influencer Marketing Mistakes Indian Brands Should Avoid","Brand Marketing","brand","multi-platform","Brand Marketing","","","","0"
"influencer-marketing-strategy-india","How to Build an Influencer Marketing Strategy for the Indian Market","Campaign Strategy","brand","multi-platform","Campaign Strategy","","","","16"
"youtube-influencer-marketing-india","YouTube Influencer Marketing: Complete Guide for Indian Brands","Campaign Strategy","brand","youtube","Campaign Strategy","","","","4"
"instagram-influencer-marketing-india","Instagram Influencer Marketing in India: A Complete Guide for Brands","Instagram Marketing","brand","instagram","Instagram Marketing","","","","2"
"micro-influencers-india","How Indian Brands Can Work With Micro-Influencers","Influencer Marketing","brand","multi-platform","Influencer Marketing","","","","6"
"regional-influencer-marketing-india","Regional and Vernacular Influencer Marketing in India","Influencer Marketing","brand","multi-platform","Influencer Marketing","regional influencers India","vernacular influencer marketing; regional influencer marketing; regional language creators; vernacular influencer campaigns","","44"
"influencer-marketing-ahmedabad","Influencer Marketing in Ahmedabad: A Guide for Local Brands","Brand Marketing","brand","multi-platform","Brand Marketing","","","","3"
"influencer-marketing-bangalore","Influencer Marketing in Bengaluru for Startups and Brands","Brand Marketing","brand","multi-platform","Brand Marketing","","","","3"
"influencer-marketing-delhi","Influencer Marketing in Delhi: How Brands Can Find the Right Creators","Brand Marketing","brand","multi-platform","Brand Marketing","","","","2"
"influencer-marketing-mumbai","Influencer Marketing in Mumbai: A Guide for Brands","Brand Marketing","brand","multi-platform","Brand Marketing","","","","3"
"influencer-marketing-ecommerce-brands-india","Influencer Marketing for E-commerce: How to Build Campaigns That Drive Sales","Campaign Strategy","brand","multi-platform","Campaign Strategy","influencer marketing ecommerce","ecommerce influencer marketing India; influencer marketing for online stores; sale event influencer campaign; marketplace influencer tracking","influencer-marketing-sales; ugc-content-ecommerce; instagram-partnership-ads","10"
"influencer-marketing-startups-india","Influencer Marketing for Startups: How to Launch Your First Creator Campaign","Campaign Strategy","brand","multi-platform","Campaign Strategy","influencer marketing for startups","startup influencer marketing India; first influencer campaign; influencer marketing small budget; startup creator campaign plan","influencer-budget-allocation; influencer-marketing-campaign-timeline; influencer-agency-vs-freelancer","9"
"influencer-marketing-food-brands-india","Influencer Marketing for Food and Beverage Brands: From Creator Selection to Sales","Brand Marketing","brand","multi-platform","Brand Marketing","influencer marketing food brands","food influencer marketing India; FSSAI influencer rules; restaurant influencer marketing; beverage creator campaign","restaurant-cafe-influencer-marketing-india; influencer-marketing-fmcg-brands-india; influencer-marketing-sales","9"
"influencer-marketing-fashion-brands-india","Influencer Marketing for Fashion Brands: Complete Creator Campaign Strategy","Brand Marketing","brand","multi-platform","Brand Marketing","influencer marketing fashion","fashion influencer marketing India; fashion creator campaign; festive fashion influencer; size inclusive fashion creators","influencer-marketing-sales; pan-india-influencer-marketing-campaign; instagram-creator-marketing-d2c-brands","17"
"influencer-marketing-beauty-brands-india","Influencer Marketing for Beauty and Skincare Brands: How to Choose the Right Creators","Brand Marketing","brand","multi-platform","Brand Marketing","influencer marketing beauty","skincare influencer marketing India; beauty creator campaign; beauty influencer claims; beauty UGC India","micro-vs-macro-influencers; ugc-marketing-d2c-brands; influencer-usage-rights","4"
"influencer-marketing-d2c-brands-india","Influencer Marketing for D2C Brands: How to Build an Always-On Creator Program","Brand Marketing","brand","multi-platform","Brand Marketing","D2C influencer marketing","D2C influencer marketing India; always-on D2C creator program; D2C creator marketing strategy; influencer marketing for D2C brands","d2c-influencer-marketing-funnel-india; always-on-influencer-marketing; ugc-marketing-d2c-brands","11"
"influencer-marketing-platforms-india","Top Social Media Platforms for Influencer Marketing in India","Brand Marketing","brand","multi-platform","Brand Marketing","","","","5"
"find-indian-influencers","How to Find the Right Indian Influencers for Your Brand","Influencer Marketing","brand","multi-platform","Influencer Marketing","","","","26"
"influencer-marketing-cost-india","How Much Does Influencer Marketing Cost in India?","Campaign Strategy","brand","multi-platform","Campaign Strategy","","","","47"
"influencer-marketing-india","Influencer Marketing in India: A Complete Guide for Brands","Influencer Marketing","brand","multi-platform","Influencer Marketing","","","","13"
"influencer-marketing-statistics","Influencer Marketing Trends and Statistics: What Brands Need to Know","Creator Economy","brand","multi-platform","Creator Economy","","","","1"
"repurpose-influencer-content","Influencer Content Repurposing: How Brands Can Get More Value From Creator Campaigns","Campaign Strategy","brand","multi-platform","Campaign Strategy","influencer content repurposing","influencer content for paid ads; repurpose creator content; creator content ad creative; reuse influencer content","","15"
"influencer-marketing-campaign-ideas","30 Influencer Marketing Campaign Ideas for Brands","Campaign Strategy","brand","multi-platform","Campaign Strategy","","","","8"
"influencer-outreach-email","How to Write an Influencer Outreach Email That Gets Replies","Influencer Marketing","brand","multi-platform","Influencer Marketing","","","","2"
"influencers-for-product-launch","Influencer Marketing for New Product Launches: How to Plan a Creator-Led Launch","Campaign Strategy","brand","multi-platform","Campaign Strategy","influencer marketing product launch","influencers for product launch; creator launch campaign; product launch influencer strategy; launch day influencers","influencer-marketing-campaign-timeline; instagram-product-launch-campaigns; influencer-budget-allocation","20"
"best-platform-for-influencer-marketing","How to Choose the Right Social Media Platform for Influencer Marketing","Brand Marketing","brand","multi-platform","Brand Marketing","","","","4"
"influencer-marketing-report","How to Create an Influencer Marketing Report","Campaign Strategy","brand","multi-platform","Campaign Strategy","influencer campaign reporting","influencer marketing report; influencer campaign report template; influencer reporting services; creator campaign results","","17"
"brand-ambassador-program","Influencer Ambassador Programs: How Brands Can Build a Long-Term Creator Network","Influencer Marketing","brand","multi-platform","Influencer Marketing","influencer ambassador program","brand ambassador vs influencer; brand ambassador program; creator ambassador network; ambassador program India","influencer-partnerships; always-on-influencer-marketing; influencer-product-seeding-program","12"
"influencer-marketing-contract","Influencer Marketing Contracts: What Brands Need to Know","Influencer Marketing","brand","multi-platform","Influencer Marketing","","","","26"
"how-much-to-pay-influencers","How Much Should You Pay Influencers? A Brand's Complete Guide","Campaign Strategy","brand","multi-platform","Campaign Strategy","","","","15"
"instagram-influencer-marketing","Instagram Influencer Marketing: A Complete Guide for Brands","Instagram Marketing","brand","instagram","Instagram Marketing","","","","8"
"how-to-negotiate-with-influencers","How to Negotiate With Influencers: A Guide for Brands","Influencer Marketing","brand","multi-platform","Influencer Marketing","","","","17"
"influencer-marketing-kpis","Influencer Marketing KPIs: The Metrics Every Brand Should Track","Campaign Strategy","brand","multi-platform","Campaign Strategy","","","","38"
"how-to-identify-fake-followers","How to Identify Fake Followers and Fake Engagement on Instagram","Influencer Marketing","brand","multi-platform","Influencer Marketing","","","","15"
"influencer-marketing-budget","How to Calculate an Influencer Marketing Budget","Campaign Strategy","brand","multi-platform","Campaign Strategy","","","","13"
"influencer-marketing-platforms","The Complete Guide to Influencer Marketing Platforms","Brand Marketing","brand","multi-platform","Brand Marketing","","","","2"
"influencer-partnerships","How to Build a Long-Term Influencer Partnership Program","Influencer Marketing","brand","multi-platform","Influencer Marketing","influencer partnership program","influencer retainer; long-term influencer partnerships; creator partnership program; influencer retainer agreement","","19"
"how-to-work-with-influencers","How to Work With Influencers: A Complete Guide for Brands","Influencer Marketing","brand","multi-platform","Influencer Marketing","","","","8"
"influencer-marketing-vs-traditional-advertising","Influencer Marketing vs. Traditional Advertising: Which Is Right for Your Brand?","Brand Marketing","brand","multi-platform","Brand Marketing","","","","0"
"influencer-engagement-rate","How to Calculate Influencer Engagement Rate: Formulas, Examples and Benchmarks","Campaign Strategy","brand","multi-platform","Creator Analytics > Business & Brand Analytics","engagement rate","how to calculate engagement rate; engagement rate formula; influencer metrics; creator analytics","creator-analytics-for-brand-deals; how-to-pitch-brands-as-a-creator; how-to-identify-fake-followers","16"
"influencer-campaign-brief","How to Create an Effective Influencer Campaign Brief","Campaign Strategy","brand","multi-platform","Campaign Strategy","","","","15"
"15-influencer-marketing-mistakes","15 Influencer Marketing Mistakes Brands Should Avoid","Brand Marketing","brand","multi-platform","Brand Marketing","","","","3"
"how-to-find-ugc-creators","How to Find and Hire UGC Creators in India","UGC Marketing","brand","multi-platform","UGC Marketing","","","","5"
"influencer-marketing-strategy","How to Build an Influencer Marketing Strategy That Delivers Results","Campaign Strategy","brand","multi-platform","Campaign Strategy","influencer marketing strategy services","influencer marketing strategy; influencer strategy framework; influencer marketing plan; creator strategy","","11"
"how-does-influencer-marketing-work","How Does Influencer Marketing Work? A Step-by-Step Guide for Brands","Influencer Marketing","brand","multi-platform","Influencer Marketing","","","","2"
"influencer-marketing-trends-2026","Influencer Marketing Trends Brands Should Know in 2026","Social Media Trends","brand","multi-platform","Social Media Trends","","","","2"
"micro-vs-macro-influencers","Micro, Macro or Celebrity Influencers: How Should Brands Build Their Creator Mix?","Influencer Marketing","brand","multi-platform","Influencer Marketing","influencer mix","micro vs macro influencers; celebrity vs influencer marketing; influencer tiers; creator mix strategy","influencer-budget-allocation; micro-influencers-india; how-to-choose-the-right-influencer-for-your-brand","14"
"how-to-find-influencers-for-your-brand","How to Find the Right Influencers for Your Brand","Influencer Marketing","brand","multi-platform","Influencer Marketing","creator discovery services","how to find influencers; influencer discovery; find influencers for brand; creator discovery at scale","","12"
"how-to-create-a-successful-influencer-marketing-campaign","How to Create a Successful Influencer Marketing Campaign","Campaign Strategy","brand","multi-platform","Campaign Strategy","influencer campaign planning","how to create an influencer marketing campaign; influencer campaign plan template; plan influencer campaign; influencer campaign steps","influencer-marketing-campaign-timeline; influencer-budget-allocation; influencer-campaign-management","14"
"what-is-ugc-marketing","UGC Marketing: The Complete Guide for Indian Brands","UGC Marketing","brand","multi-platform","UGC Marketing","","","","12"
"how-much-does-influencer-marketing-cost","How Much Does Influencer Marketing Cost in 2026?","Campaign Strategy","brand","multi-platform","Campaign Strategy","","","","10"
"what-is-influencer-marketing","What Is Influencer Marketing? A Complete Guide for Brands","Influencer Marketing","brand","multi-platform","Influencer Marketing","","","","3"
"how-to-choose-the-right-influencer-for-your-brand","How to Choose the Right Influencer for Your Brand (Not Just the Biggest One)","Influencer Marketing","brand","multi-platform","Influencer Marketing","influencer selection criteria","influencer brand fit; how to choose an influencer; creator selection framework; evaluate influencers for brand","influencer-shortlist; influencer-audience-quality; how-to-vet-influencers","10"
"state-of-the-creator-economy-2026","The Creator Economy in India: How Brands Can Work With the New Generation of Creators","Creator Economy","brand","multi-platform","Creator Economy","","","","3"
"instagram-algorithm-changes-what-still-works","Instagram's Algorithm Keeps Changing. Here's What Still Reliably Works.","Instagram Marketing","brand","instagram","Instagram Marketing","","","","0"
"measuring-influencer-campaign-roi","How to Measure Influencer Marketing ROI","Campaign Strategy","brand","multi-platform","Campaign Strategy","","","","27"
"ugc-vs-influencer-content-whats-the-difference","UGC vs. Influencer Marketing: What's the Difference?","UGC Marketing","brand","multi-platform","UGC Marketing","","","","4"
"linkedin-creator-marketing","LinkedIn Creator Marketing: A Complete Guide for Brands and B2B Companies","Brand Marketing","brand","linkedin","Brand Marketing","","","","2"
"b2b-creator-partnerships-linkedin","B2B Creator Partnerships on LinkedIn: A Complete Guide for Brands","Brand Marketing","brand","linkedin","Brand Marketing","B2B creator partnerships","LinkedIn creator partnerships; B2B influencer partnerships; B2B creator partnership agreement; B2B podcast and newsletter sponsorships","","6"
"employee-influencer-marketing","Employee Influencer Marketing: How Brands Can Turn Employees Into Trusted Voices","Brand Marketing","brand","multi-platform","Brand Marketing","employee creator programs","employee influencer marketing; employee advocacy program; employee creators LinkedIn; ASCI employee disclosure","","9"
"executive-influencer-marketing-linkedin","Executive Influencer Marketing on LinkedIn: A Guide for CEOs and Business Leaders","Brand Marketing","brand","linkedin","Brand Marketing","executive creator marketing","executive influencer marketing; CEO LinkedIn content strategy; executive thought leadership; executive podcast and newsletter","","8"
"linkedin-thought-leadership-marketing","LinkedIn Thought Leadership Marketing: How Brands Build Authority With Creators and Experts","Brand Marketing","brand","linkedin","Brand Marketing","","","","8"
"linkedin-influencer-marketing-campaign-ideas","LinkedIn Influencer Marketing Campaign Ideas: 20 Campaign Formats for B2B Brands","Campaign Strategy","brand","linkedin","Campaign Strategy","","","","1"
"how-to-find-linkedin-influencers","How to Find LinkedIn Influencers and B2B Creators for Your Brand","Campaign Strategy","brand","linkedin","Campaign Strategy","","","","4"
"linkedin-influencer-rates-india","LinkedIn Influencer Marketing Rates: How Much Do B2B Creators Charge?","Campaign Strategy","brand","linkedin","Campaign Strategy","","","","5"
"measure-linkedin-influencer-marketing-roi","How to Measure LinkedIn Influencer Marketing ROI: Metrics, Attribution and Reporting","Campaign Strategy","brand","linkedin","Campaign Strategy","","","","4"
"snapchat-influencer-marketing-india","Snapchat Influencer Marketing: Complete Guide for Indian Brands","Campaign Strategy","brand","snapchat","Campaign Strategy","","","","5"
"snapchat-creator-marketing","Snapchat Creator Marketing: Complete Guide for Brands","Campaign Strategy","brand","snapchat","Campaign Strategy","","","","2"
"snapchat-creator-partnerships","Snapchat Creator Partnerships: How Brands Can Work With Snap Creators","Campaign Strategy","brand","snapchat","Campaign Strategy","","","","4"
"snapchat-snap-star-marketing","Snapchat Snap Star Marketing: How Brands Can Work With Top Snapchat Creators","Campaign Strategy","brand","snapchat","Campaign Strategy","","","","2"
"snapchat-spotlight-influencer-marketing","Snapchat Spotlight Influencer Marketing: Complete Guide for Brands","Campaign Strategy","brand","snapchat","Campaign Strategy","","","","2"
"snapchat-stories-influencer-marketing","Snapchat Stories Influencer Marketing: How Brands Can Drive Engagement and Sales","Campaign Strategy","brand","snapchat","Campaign Strategy","","","","2"
"snapchat-ar-creator-marketing","Snapchat AR Creator Marketing: How Brands Can Use Lenses and AR Creators","Campaign Strategy","brand","snapchat","Campaign Strategy","","","","1"
"how-to-find-snapchat-influencers","How to Find Snapchat Influencers and Creators for Your Brand","Campaign Strategy","brand","snapchat","Campaign Strategy","","","","5"
"snapchat-influencer-rates-india","Snapchat Influencer Rates in India: How Much Do Snapchat Creators Charge?","Campaign Strategy","brand","snapchat","Campaign Strategy","","","","4"
"measure-snapchat-influencer-marketing-roi","How to Measure Snapchat Influencer Marketing ROI: Metrics, Attribution and Reporting","Campaign Strategy","brand","snapchat","Campaign Strategy","","","","2"
"pinterest-influencer-marketing-india","Pinterest Influencer Marketing: Complete Guide for Indian Brands","Campaign Strategy","brand","pinterest","Campaign Strategy","","","","4"
"pinterest-creator-marketing","Pinterest Creator Marketing: Complete Guide for Brands","Campaign Strategy","brand","pinterest","Campaign Strategy","","","","2"
"pinterest-creator-partnerships","Pinterest Creator Partnerships: How Brands Can Work With Pinterest Creators","Campaign Strategy","brand","pinterest","Campaign Strategy","","","","2"
"pinterest-influencer-marketing-campaign-ideas","Pinterest Influencer Marketing Campaign Ideas: 25 Campaigns Brands Can Try","Campaign Strategy","brand","pinterest","Campaign Strategy","","","","3"
"pinterest-creator-discovery","Pinterest Creator Discovery: How to Find the Right Creators for Your Brand","Campaign Strategy","brand","pinterest","Campaign Strategy","","","","3"
"pinterest-influencer-rates-india","Pinterest Influencer Rates in India: How Much Do Pinterest Creators Charge?","Campaign Strategy","brand","pinterest","Campaign Strategy","","","","3"
"pinterest-affiliate-marketing","Pinterest Affiliate Marketing With Creators: Complete Guide for Brands","Campaign Strategy","brand","pinterest","Campaign Strategy","","","","2"
"pinterest-product-marketing-creators","Pinterest Product Marketing With Creators: How to Turn Inspiration Into Sales","Campaign Strategy","brand","pinterest","Campaign Strategy","","","","2"
"pinterest-trends-creator-marketing","Pinterest Trends and Creator Marketing: How Brands Can Build Campaigns Around Emerging Trends","Campaign Strategy","brand","pinterest","Campaign Strategy","","","","2"
"measure-pinterest-influencer-marketing-roi","How to Measure Pinterest Influencer Marketing ROI: Metrics, Attribution and Reporting","Campaign Strategy","brand","pinterest","Campaign Strategy","","","","2"
"reddit-influencer-marketing-india","Reddit Influencer Marketing: Complete Guide for Indian Brands","Campaign Strategy","brand","reddit","Campaign Strategy","","","","4"
"reddit-creator-marketing","Reddit Creator Marketing: Complete Guide for Brands","Campaign Strategy","brand","reddit","Campaign Strategy","","","","1"
"reddit-community-marketing-india","Reddit Community Marketing: Complete Guide for Indian Brands","Campaign Strategy","brand","reddit","Campaign Strategy","","","","2"
"reddit-creator-partnerships","Reddit Creator Partnerships: How Brands Can Work With Reddit Creators","Campaign Strategy","brand","reddit","Campaign Strategy","","","","5"
"reddit-influencer-marketing-campaign-ideas","Reddit Influencer Marketing Campaign Ideas: 20 Campaigns Brands Can Try","Campaign Strategy","brand","reddit","Campaign Strategy","","","","1"
"how-to-find-reddit-influencers","How to Find Reddit Creators and Influencers for Your Brand","Campaign Strategy","brand","reddit","Campaign Strategy","","","","2"
"reddit-community-building-for-brands","Reddit Community Building for Brands: How to Build a Trusted Brand Presence","Campaign Strategy","brand","reddit","Campaign Strategy","","","","2"
"reddit-marketing-strategy","Reddit Marketing Strategy: How Brands Can Build Trust Through Communities","Campaign Strategy","brand","reddit","Campaign Strategy","","","","3"
"reddit-influencer-marketing-product-launches","Reddit Influencer Marketing for Product Launches: Complete Campaign Guide","Campaign Strategy","brand","reddit","Campaign Strategy","","","","1"
"measure-reddit-influencer-marketing-roi","How to Measure Reddit Influencer and Community Marketing ROI: Metrics, Attribution and Reporting","Campaign Strategy","brand","reddit","Campaign Strategy","","","","6"
