url,page_type,title,title_len,h1,meta_description,canonical,indexable,words,h2_count,internal_links_out,inbound_internal_links,schema,search_intent,in_sitemap
https://www.kudozz.in,Homepage,Best Influencer Marketing Agency in India | Kudozz,50,Best Influencer Marketing Agency in India:Influenceisn't bought.It's built.,"Kudozz is an influencer marketing agency for brands across India: creator discovery, campaign strategy, outreach, UGC and reporting tied to the KPI you set.",https://www.kudozz.in,yes,1805,9,39,692,Answer;ContactPoint;Country;FAQPage;ImageObject;Offer;OfferCatalog;Organization;Question;Service;WebPage;WebSite,Commercial/transactional,True
https://www.kudozz.in/about,Static,About Kudozz: Influencer Marketing Agency in India — Kudozz,59,We started Kudozz because influencer marketing deserved better operators.,"Kudozz is an influencer marketing agency for brands in India: strategy-first campaigns, creator discovery, campaign management and reporting tied to one agreed KPI.",https://www.kudozz.in/about,yes,336,3,34,692,AboutPage;BreadcrumbList;ContactPoint;Country;ImageObject;ListItem;Offer;OfferCatalog;Organization;Service;WebSite,Informational (brand),True
https://www.kudozz.in/blog,Static,Influencer Marketing Blog: Strategy & Creator Economy Insights,62,Notes on running influencer marketing well.,"Practical, no-fluff writing on influencer marketing strategy, UGC, the creator economy, and campaign measurement from the Kudozz team.",https://www.kudozz.in/blog,yes,31769,2,627,692,ContactPoint;Country;ImageObject;Offer;OfferCatalog;Organization;Service;WebSite,Informational (brand),True
https://www.kudozz.in/blog/15-influencer-marketing-mistakes,Blog (brand),15 Influencer Marketing Mistakes Brands Should Avoid,52,15 Influencer Marketing Mistakes Brands Should Avoid,"The most common, and most costly, mistakes brands make running influencer campaigns — why each one hurts results, and the practical fix for each.",https://www.kudozz.in/blog/15-influencer-marketing-mistakes,yes,1605,20,17,3,Answer;BlogPosting;BreadcrumbList;ContactPoint;Country;FAQPage;ImageObject;ListItem;Offer;OfferCatalog;Organization;Question;Service;WebPage;WebSite,Informational (brand),True
https://www.kudozz.in/blog/agritech-influencer-marketing-india,Blog (brand),Influencer Marketing for Agriculture and AgriTech Brands in India,65,Influencer Marketing for Agriculture and AgriTech Brands in India,"How Indian AgriTech companies and agricultural product brands can reach genuinely diverse farming audiences through regional, language-specific creators, without making unsupported yield or income claims.",https://www.kudozz.in/blog/agritech-influencer-marketing-india,yes,1180,14,14,1,Answer;BlogPosting;BreadcrumbList;ContactPoint;Country;FAQPage;ImageObject;ListItem;Offer;OfferCatalog;Organization;Question;Service;WebPage;WebSite,Informational (brand),True
https://www.kudozz.in/blog/ai-agents-for-creators,Creator resource,AI Agents for Creators: What They Can Safely Do — Kudozz,56,AI Agents for Creators: What Creator Businesses Can (and Shouldn't) Automate,"AI agents for creators: how they differ from chatbots and automations, useful creator tasks, supervision rules, safety, disclosure and how to run a pilot.",https://www.kudozz.in/blog/ai-agents-for-creators,yes,1344,12,16,6,Answer;BlogPosting;BreadcrumbList;ContactPoint;Country;FAQPage;ImageObject;ListItem;Offer;OfferCatalog;Organization;Question;Service;WebPage;WebSite,Informational (creator),True
https://www.kudozz.in/blog/ai-content-workflow-for-creators,Creator resource,AI Content Workflow for Creators: Idea to Published — Kudozz,60,AI Content Workflow for Creators: From Idea to Published Content,"An AI content workflow for creators: idea generation, research, scripting, production, editing, captions and translation, repurposing, publishing, disclosure and review, with human checkpoints and a weekly template.",https://www.kudozz.in/blog/ai-content-workflow-for-creators,yes,1386,11,18,16,Answer;BlogPosting;BreadcrumbList;ContactPoint;Country;FAQPage;ImageObject;ListItem;Offer;OfferCatalog;Organization;Question;Service;WebPage;WebSite,Informational (creator),True
https://www.kudozz.in/blog/ai-disclosure-creators,Creator resource,AI Disclosure for Creators: When and How to Label AI Content,60,AI Disclosure for Creators: What to Consider When Using AI-Generated Content,"When creators should disclose AI-generated content: YouTube and Meta rules, India's 2026 IT Rules on synthetic content, ASCI on virtual influencers and a decision guide.",https://www.kudozz.in/blog/ai-disclosure-creators,yes,1448,13,16,11,Answer;BlogPosting;BreadcrumbList;ContactPoint;Country;FAQPage;ImageObject;ListItem;Offer;OfferCatalog;Organization;Question;Service;WebPage;WebSite,Informational (creator),True
https://www.kudozz.in/blog/ai-for-creator-brand-collaborations,Creator resource,"AI for Brand Collaborations: Work Faster, Stay Authentic",56,AI for Brand Collaborations: How Creators Can Work Faster Without Losing Authenticity,"How creators use AI for brand collaborations: research, pitches, briefs, proposals, scripts and reports, what must stay human, confidentiality, claims and disclosure.",https://www.kudozz.in/blog/ai-for-creator-brand-collaborations,yes,1393,14,18,7,Answer;BlogPosting;BreadcrumbList;ContactPoint;Country;FAQPage;ImageObject;ListItem;Offer;OfferCatalog;Organization;Question;Service;WebPage;WebSite,Informational (creator),True
https://www.kudozz.in/blog/ai-influencers-vs-human-creators,Creator resource,AI Influencers vs Human Creators: What Brands Should Know,57,AI Influencers vs Human Creators: What Brands and Creators Should Know,"AI influencers vs human creators compared: trust, control, costs, authenticity, disclosure rules in India, where each fits, and what it means for human creators.",https://www.kudozz.in/blog/ai-influencers-vs-human-creators,yes,1242,12,14,6,Answer;BlogPosting;BreadcrumbList;ContactPoint;Country;FAQPage;ImageObject;ListItem;Offer;OfferCatalog;Organization;Question;Service;WebPage;WebSite,Comparison,True
https://www.kudozz.in/blog/ai-tools-for-creators,Creator resource,AI Tools for Creators: Use AI Without Losing Your Voice,55,AI Tools for Creators: How to Use AI Without Losing Your Personal Voice,"AI tools for creators: categories of AI tools, where AI helps and where it hurts, protecting your voice, AI disclosure on YouTube and under India's 2026 IT Rules, brand deal considerations and principles.",https://www.kudozz.in/blog/ai-tools-for-creators,yes,1602,13,17,11,Answer;BlogPosting;BreadcrumbList;ContactPoint;Country;FAQPage;ImageObject;ListItem;Offer;OfferCatalog;Organization;Question;Service;WebPage;WebSite,Informational (creator),True
https://www.kudozz.in/blog/ai-ugc-marketing,Blog (brand),AI and UGC Marketing: A Guide for Brands — Kudozz,49,AI and UGC Marketing: How Brands Can Use AI Without Losing Authenticity,"AI now touches ideation, editing, and even fully synthetic creator-style content. Where it genuinely helps a UGC workflow, where it risks brand trust, and why disclosure isn't optional.",https://www.kudozz.in/blog/ai-ugc-marketing,yes,1553,11,14,21,Answer;BlogPosting;BreadcrumbList;ContactPoint;Country;FAQPage;ImageObject;ListItem;Offer;OfferCatalog;Organization;Question;Service;WebPage;WebSite,Informational (brand),True
https://www.kudozz.in/blog/always-on-influencer-marketing,Blog (brand),Always-On Influencer Marketing: Build and Scale a Program,57,How to Build an Always-On Influencer Marketing Program for Your Brand,"Scale influencer marketing into an always-on program: stages, creator roster, monthly calendar, budget, testing, reporting and scaling across India.",https://www.kudozz.in/blog/always-on-influencer-marketing,yes,1577,15,24,13,Answer;BlogPosting;BreadcrumbList;ContactPoint;Country;FAQPage;ImageObject;ListItem;Offer;OfferCatalog;Organization;Question;Service;WebPage;WebSite,Informational (brand),True
https://www.kudozz.in/blog/always-on-ugc-marketing,Blog (brand),Always-On UGC Marketing: A Continuous Content Program,53,Always-On UGC Marketing: How Brands Can Build a Continuous Creator Content Program,"A one-off UGC batch runs out of runway in weeks. An always-on program is the operating rhythm, monthly briefs, rolling creator relationships, ongoing testing, that keeps content coming without restarting from zero each time.",https://www.kudozz.in/blog/always-on-ugc-marketing,yes,1226,10,16,10,Answer;BlogPosting;BreadcrumbList;ContactPoint;Country;FAQPage;ImageObject;ListItem;Offer;OfferCatalog;Organization;Question;Service;WebPage;WebSite,Informational (brand),True
https://www.kudozz.in/blog/automotive-influencer-marketing-india,Blog (brand),Influencer Marketing for Automobile Brands: Creator Campaigns,61,Influencer Marketing for Automobile Brands: How to Build Creator Campaigns,"Automobile influencer marketing in India: reviewers vs lifestyle creators, safe-driving content rules, test-drive and dealer lead flows, and launch phasing.",https://www.kudozz.in/blog/automotive-influencer-marketing-india,yes,1628,19,16,7,Answer;BlogPosting;BreadcrumbList;ContactPoint;Country;FAQPage;ImageObject;ListItem;Offer;OfferCatalog;Organization;Question;Service;WebPage;WebSite,Informational (brand),True
https://www.kudozz.in/blog/b2b-creator-economy,Blog (brand),B2B Creator Economy: How Businesses Work With Creators,54,B2B Creator Economy: How Businesses Can Work With Industry Creators,"The B2B creator economy explained: who B2B creators are, how they earn, and B2B creator marketing vs influencer marketing, thought leadership and advocacy.",https://www.kudozz.in/blog/b2b-creator-economy,yes,1569,11,23,80,Answer;BlogPosting;BreadcrumbList;ContactPoint;Country;FAQPage;ImageObject;ListItem;Offer;OfferCatalog;Organization;Question;Service;WebPage;WebSite,Informational (brand),True
https://www.kudozz.in/blog/b2b-creator-partnerships-linkedin,Blog (brand),B2B Creator Partnerships: A Guide for Brands — Kudozz,53,B2B Creator Partnerships on LinkedIn: A Complete Guide for Brands,"B2B creator partnerships on LinkedIn and beyond: partnership models, a ten-part structure, a partner scorecard, and podcasts, newsletters and YouTube.",https://www.kudozz.in/blog/b2b-creator-partnerships-linkedin,yes,1827,13,17,7,Answer;BlogPosting;BreadcrumbList;ContactPoint;Country;FAQPage;ImageObject;ListItem;Offer;OfferCatalog;Organization;Question;Service;WebPage;WebSite,Informational (brand),True
https://www.kudozz.in/blog/b2b-influencer-marketing-india,Blog (brand),Influencer Marketing for B2B Companies in India — Kudozz,56,Influencer Marketing for B2B Companies in India,"Why B2B influencer marketing looks nothing like consumer creator marketing, and how Indian B2B companies can use industry experts and subject-matter creators to build credibility and generate qualified leads.",https://www.kudozz.in/blog/b2b-influencer-marketing-india,yes,1466,17,17,20,Answer;BlogPosting;BreadcrumbList;ContactPoint;Country;FAQPage;ImageObject;ListItem;Offer;OfferCatalog;Organization;Question;Service;WebPage;WebSite,Informational (brand),True
https://www.kudozz.in/blog/best-influencer-marketing-agencies-in-ahmedabad,Location,Best Influencer Marketing Agencies in Ahmedabad (2026),54,Best Influencer Marketing Agencies in Ahmedabad,"Influencer marketing agencies in Ahmedabad compared: Kudozz plus four researched Ahmedabad agencies on SG Highway, Satellite and Science City Road, with local campaign advice.",https://www.kudozz.in/blog/best-influencer-marketing-agencies-in-ahmedabad,yes,1757,10,21,6,Answer;BlogPosting;BreadcrumbList;ContactPoint;Country;FAQPage;ImageObject;ListItem;Offer;OfferCatalog;Organization;Place;Question;Service;WebPage;WebSite,Commercial investigation (local),True
https://www.kudozz.in/blog/best-influencer-marketing-agencies-in-andhra-pradesh,Location,Best Influencer Marketing Agencies in Andhra Pradesh,52,Best Influencer Marketing Agencies in Andhra Pradesh,"A practical guide to finding an influencer marketing partner for an Andhra Pradesh brand, covering Visakhapatnam, Vijayawada, and the state's education, pharma, and entertainment sectors.",https://www.kudozz.in/blog/best-influencer-marketing-agencies-in-andhra-pradesh,yes,1424,14,19,2,Answer;BlogPosting;BreadcrumbList;ContactPoint;Country;FAQPage;ImageObject;ListItem;Offer;OfferCatalog;Organization;Question;Service;WebPage;WebSite,Commercial investigation (local),True
https://www.kudozz.in/blog/best-influencer-marketing-agencies-in-arunachal-pradesh,Location,Best Influencer Marketing Agencies in Arunachal Pradesh,55,Best Influencer Marketing Agencies in Arunachal Pradesh,"A practical, honest guide to influencer marketing for Arunachal Pradesh brands, covering the state's tourism and handicraft sectors and why combining local and national creators usually makes sense.",https://www.kudozz.in/blog/best-influencer-marketing-agencies-in-arunachal-pradesh,yes,1531,14,17,2,Answer;BlogPosting;BreadcrumbList;ContactPoint;Country;FAQPage;ImageObject;ListItem;Offer;OfferCatalog;Organization;Question;Service;WebPage;WebSite,Commercial investigation (local),True
https://www.kudozz.in/blog/best-influencer-marketing-agencies-in-assam,Location,Best Influencer Marketing Agencies in Assam — Kudozz,52,Best Influencer Marketing Agencies in Assam,"A practical guide to finding an influencer marketing partner for an Assam brand, covering Guwahati's commercial economy, Assamese-language creators, and the state's tea, tourism, and food sectors.",https://www.kudozz.in/blog/best-influencer-marketing-agencies-in-assam,yes,1378,14,19,2,Answer;BlogPosting;BreadcrumbList;ContactPoint;Country;FAQPage;ImageObject;ListItem;Offer;OfferCatalog;Organization;Question;Service;WebPage;WebSite,Commercial investigation (local),True
https://www.kudozz.in/blog/best-influencer-marketing-agencies-in-bihar,Location,Best Influencer Marketing Agencies in Bihar — Kudozz,52,Best Influencer Marketing Agencies in Bihar,"A practical guide to finding an influencer marketing partner for a Bihar brand, covering Patna's commercial economy, the state's massive education sector, and Bhojpuri-language creator marketing.",https://www.kudozz.in/blog/best-influencer-marketing-agencies-in-bihar,yes,1413,14,19,2,Answer;BlogPosting;BreadcrumbList;ContactPoint;Country;FAQPage;ImageObject;ListItem;Offer;OfferCatalog;Organization;Question;Service;WebPage;WebSite,Commercial investigation (local),True
https://www.kudozz.in/blog/best-influencer-marketing-agencies-in-chhattisgarh,Location,Best Influencer Marketing Agencies in Chhattisgarh — Kudozz,59,Best Influencer Marketing Agencies in Chhattisgarh,"A practical guide to finding an influencer marketing partner for a Chhattisgarh brand, covering Raipur and Bhilai's industrial and consumer economy, and where Kudozz fits.",https://www.kudozz.in/blog/best-influencer-marketing-agencies-in-chhattisgarh,yes,1403,14,18,2,Answer;BlogPosting;BreadcrumbList;ContactPoint;Country;FAQPage;ImageObject;ListItem;Offer;OfferCatalog;Organization;Question;Service;WebPage;WebSite,Commercial investigation (local),True
https://www.kudozz.in/blog/best-influencer-marketing-agencies-in-delhi,Location,5 Best Influencer Marketing Agencies in Delhi NCR (2026),56,Best Influencer Marketing Agencies in Delhi NCR,"Influencer marketing agencies in Delhi NCR compared: Kudozz plus four researched agencies in Gurugram, Noida and Delhi, with Hindi creator and wedding-season planning advice.",https://www.kudozz.in/blog/best-influencer-marketing-agencies-in-delhi,yes,2065,13,26,5,Answer;BlogPosting;BreadcrumbList;ContactPoint;Country;FAQPage;ImageObject;ListItem;Offer;OfferCatalog;Organization;Place;Question;Service;WebPage;WebSite,Commercial investigation (local),True
https://www.kudozz.in/blog/best-influencer-marketing-agencies-in-goa,Location,Best Influencer Marketing Agencies in Goa — Kudozz,50,Best Influencer Marketing Agencies in Goa,"A practical guide to finding an influencer marketing partner for a Goa brand, from tourism and hospitality to wellness and lifestyle, and where Kudozz fits.",https://www.kudozz.in/blog/best-influencer-marketing-agencies-in-goa,yes,1473,14,18,2,Answer;BlogPosting;BreadcrumbList;ContactPoint;Country;FAQPage;ImageObject;ListItem;Offer;OfferCatalog;Organization;Question;Service;WebPage;WebSite,Commercial investigation (local),True
https://www.kudozz.in/blog/best-influencer-marketing-agencies-in-gujarat,Location,Best Influencer Marketing Agencies in Gujarat (2026),52,Best Influencer Marketing Agencies in Gujarat,"Influencer marketing agencies in Gujarat compared: Kudozz plus four researched agencies in Surat, Ahmedabad and Vadodara, with Gujarati creator and Navratri planning advice.",https://www.kudozz.in/blog/best-influencer-marketing-agencies-in-gujarat,yes,2120,13,31,7,Answer;BlogPosting;BreadcrumbList;ContactPoint;Country;FAQPage;ImageObject;ListItem;Offer;OfferCatalog;Organization;Place;Question;Service;WebPage;WebSite,Commercial investigation (local),True
https://www.kudozz.in/blog/best-influencer-marketing-agencies-in-haryana,Location,Best Influencer Marketing Agencies in Haryana — Kudozz,54,Best Influencer Marketing Agencies in Haryana,"A practical guide to finding an influencer marketing partner for a Haryana brand, from Gurugram's corporate and automotive economy to Panipat's textile industry, and where Kudozz fits.",https://www.kudozz.in/blog/best-influencer-marketing-agencies-in-haryana,yes,1474,14,20,3,Answer;BlogPosting;BreadcrumbList;ContactPoint;Country;FAQPage;ImageObject;ListItem;Offer;OfferCatalog;Organization;Question;Service;WebPage;WebSite,Commercial investigation (local),True
https://www.kudozz.in/blog/best-influencer-marketing-agencies-in-himachal-pradesh,Location,Best Influencer Marketing Agencies in Himachal Pradesh,54,Best Influencer Marketing Agencies in Himachal Pradesh,"A practical guide to finding the right influencer marketing partner for a Himachal Pradesh brand, covering the state's tourism, horticulture, and pharma sectors, and where Kudozz fits.",https://www.kudozz.in/blog/best-influencer-marketing-agencies-in-himachal-pradesh,yes,1607,14,21,2,Answer;BlogPosting;BreadcrumbList;ContactPoint;Country;FAQPage;ImageObject;ListItem;Offer;OfferCatalog;Organization;Question;Service;WebPage;WebSite,Commercial investigation (local),True
https://www.kudozz.in/blog/best-influencer-marketing-agencies-in-india,Location,Best Influencer Marketing Agencies in India (2026 Guide),56,Best Influencer Marketing Agencies in India: 5 to Consider and How to Choose,"Looking for an influencer marketing agency in India? Compare Kudozz and four researched alternatives, see what agencies do and cost, and find state and city guides.",https://www.kudozz.in/blog/best-influencer-marketing-agencies-in-india,yes,3010,16,62,39,Answer;BlogPosting;BreadcrumbList;ContactPoint;Country;FAQPage;ImageObject;ListItem;Offer;OfferCatalog;Organization;Place;Question;Service;WebPage;WebSite,Commercial investigation (local),True
https://www.kudozz.in/blog/best-influencer-marketing-agencies-in-jammu-and-kashmir,Location,Best Influencer Marketing Agencies in Jammu & Kashmir,53,Best Influencer Marketing Agencies in Jammu & Kashmir,"A practical guide to influencer marketing for Jammu and Kashmir's tourism and handicraft businesses, covering Srinagar's houseboat and garden tourism and the region's globally recognized crafts.",https://www.kudozz.in/blog/best-influencer-marketing-agencies-in-jammu-and-kashmir,yes,1321,14,19,2,Answer;BlogPosting;BreadcrumbList;ContactPoint;Country;FAQPage;ImageObject;ListItem;Offer;OfferCatalog;Organization;Question;Service;WebPage;WebSite,Commercial investigation (local),True
https://www.kudozz.in/blog/best-influencer-marketing-agencies-in-jharkhand,Location,Best Influencer Marketing Agencies in Jharkhand — Kudozz,56,Best Influencer Marketing Agencies in Jharkhand,"A practical guide to finding an influencer marketing partner for a Jharkhand brand, covering Ranchi and Jamshedpur's distinct economies and Deoghar's religious tourism.",https://www.kudozz.in/blog/best-influencer-marketing-agencies-in-jharkhand,yes,1351,14,19,2,Answer;BlogPosting;BreadcrumbList;ContactPoint;Country;FAQPage;ImageObject;ListItem;Offer;OfferCatalog;Organization;Question;Service;WebPage;WebSite,Commercial investigation (local),True
https://www.kudozz.in/blog/best-influencer-marketing-agencies-in-karnataka,Location,Best Influencer Marketing Agencies in Karnataka & Bengaluru,59,Best Influencer Marketing Agencies in Karnataka and Bengaluru,"Influencer marketing agencies in Bengaluru and Karnataka compared: Kudozz plus four researched Bengaluru agencies, with Kannada creator, startup and app campaign advice.",https://www.kudozz.in/blog/best-influencer-marketing-agencies-in-karnataka,yes,2042,13,25,7,Answer;BlogPosting;BreadcrumbList;ContactPoint;Country;FAQPage;ImageObject;ListItem;Offer;OfferCatalog;Organization;Place;Question;Service;WebPage;WebSite,Commercial investigation (local),True
https://www.kudozz.in/blog/best-influencer-marketing-agencies-in-kerala,Location,Best Influencer Marketing Agencies in Kerala — Kudozz,53,Best Influencer Marketing Agencies in Kerala,"A practical guide to finding an influencer marketing partner for a Kerala brand, covering Kochi's commercial economy, Malayalam-language creator marketing, and the state's tourism and healthcare sectors.",https://www.kudozz.in/blog/best-influencer-marketing-agencies-in-kerala,yes,1384,14,20,3,Answer;BlogPosting;BreadcrumbList;ContactPoint;Country;FAQPage;ImageObject;ListItem;Offer;OfferCatalog;Organization;Question;Service;WebPage;WebSite,Commercial investigation (local),True
https://www.kudozz.in/blog/best-influencer-marketing-agencies-in-ladakh,Location,Best Influencer Marketing Agencies in Ladakh — Kudozz,53,Best Influencer Marketing Agencies in Ladakh,"An honest guide to influencer marketing for Ladakh's tourism and hospitality businesses, covering Leh's adventure travel economy and why most Ladakh content actually comes from visiting creators.",https://www.kudozz.in/blog/best-influencer-marketing-agencies-in-ladakh,yes,1499,14,17,2,Answer;BlogPosting;BreadcrumbList;ContactPoint;Country;FAQPage;ImageObject;ListItem;Offer;OfferCatalog;Organization;Question;Service;WebPage;WebSite,Commercial investigation (local),True
https://www.kudozz.in/blog/best-influencer-marketing-agencies-in-madhya-pradesh,Location,Best Influencer Marketing Agencies in Madhya Pradesh,52,Best Influencer Marketing Agencies in Madhya Pradesh,"A practical guide to finding an influencer marketing partner for a Madhya Pradesh brand, covering Indore's food culture, Bhopal's administrative economy, and Ujjain's religious tourism.",https://www.kudozz.in/blog/best-influencer-marketing-agencies-in-madhya-pradesh,yes,1368,14,19,2,Answer;BlogPosting;BreadcrumbList;ContactPoint;Country;FAQPage;ImageObject;ListItem;Offer;OfferCatalog;Organization;Question;Service;WebPage;WebSite,Commercial investigation (local),True
https://www.kudozz.in/blog/best-influencer-marketing-agencies-in-maharashtra,Location,5 Best Influencer Marketing Agencies in Maharashtra (2026),58,"Best Influencer Marketing Agencies in Maharashtra: Mumbai, Pune, Nagpur and Beyond","Influencer marketing agencies in Maharashtra compared: Kudozz plus four researched alternatives across Mumbai, Pune and Nagpur, with Marathi creator and festival planning tips.",https://www.kudozz.in/blog/best-influencer-marketing-agencies-in-maharashtra,yes,2149,13,26,7,Answer;BlogPosting;BreadcrumbList;ContactPoint;Country;FAQPage;ImageObject;ListItem;Offer;OfferCatalog;Organization;Place;Question;Service;WebPage;WebSite,Commercial investigation (local),True
https://www.kudozz.in/blog/best-influencer-marketing-agencies-in-manipur,Location,Best Influencer Marketing Agencies in Manipur — Kudozz,54,Best Influencer Marketing Agencies in Manipur,"A respectful, honest guide to influencer marketing for Manipur brands, covering Imphal's local economy, the state's strong sports and music culture, and how to build a realistic creator strategy.",https://www.kudozz.in/blog/best-influencer-marketing-agencies-in-manipur,yes,1348,14,19,2,Answer;BlogPosting;BreadcrumbList;ContactPoint;Country;FAQPage;ImageObject;ListItem;Offer;OfferCatalog;Organization;Question;Service;WebPage;WebSite,Commercial investigation (local),True
https://www.kudozz.in/blog/best-influencer-marketing-agencies-in-meghalaya,Location,Best Influencer Marketing Agencies in Meghalaya — Kudozz,56,Best Influencer Marketing Agencies in Meghalaya,"A practical guide to influencer marketing for Meghalaya brands, covering Shillong's music culture, the state's tourism economy, and why local and national creators usually work best combined.",https://www.kudozz.in/blog/best-influencer-marketing-agencies-in-meghalaya,yes,1382,14,18,2,Answer;BlogPosting;BreadcrumbList;ContactPoint;Country;FAQPage;ImageObject;ListItem;Offer;OfferCatalog;Organization;Question;Service;WebPage;WebSite,Commercial investigation (local),True
https://www.kudozz.in/blog/best-influencer-marketing-agencies-in-mizoram,Location,Best Influencer Marketing Agencies in Mizoram — Kudozz,54,Best Influencer Marketing Agencies in Mizoram,"An honest guide to influencer marketing for Mizoram brands, covering Aizawl's local economy and why a realistic strategy combines local creators with broader regional reach.",https://www.kudozz.in/blog/best-influencer-marketing-agencies-in-mizoram,yes,1328,14,17,2,Answer;BlogPosting;BreadcrumbList;ContactPoint;Country;FAQPage;ImageObject;ListItem;Offer;OfferCatalog;Organization;Question;Service;WebPage;WebSite,Commercial investigation (local),True
https://www.kudozz.in/blog/best-influencer-marketing-agencies-in-mumbai,Location,Best Influencer Marketing Agencies in Mumbai (2026) — Kudozz,60,Best Influencer Marketing Agencies in Mumbai: 5 to Shortlist,"Influencer marketing agencies in Mumbai compared: Kudozz plus four researched Mumbai agencies, with advice on creators, costs, neighborhoods and choosing a partner.",https://www.kudozz.in/blog/best-influencer-marketing-agencies-in-mumbai,yes,1849,10,24,6,Answer;BlogPosting;BreadcrumbList;ContactPoint;Country;FAQPage;ImageObject;ListItem;Offer;OfferCatalog;Organization;Place;Question;Service;WebPage;WebSite,Commercial investigation (local),True
https://www.kudozz.in/blog/best-influencer-marketing-agencies-in-nagaland,Location,Best Influencer Marketing Agencies in Nagaland — Kudozz,55,Best Influencer Marketing Agencies in Nagaland,"An honest guide to influencer marketing for Nagaland brands, covering the Hornbill Festival's tourism draw, Dimapur's commercial base, and why combining local and national creators makes sense.",https://www.kudozz.in/blog/best-influencer-marketing-agencies-in-nagaland,yes,1496,14,18,2,Answer;BlogPosting;BreadcrumbList;ContactPoint;Country;FAQPage;ImageObject;ListItem;Offer;OfferCatalog;Organization;Question;Service;WebPage;WebSite,Commercial investigation (local),True
https://www.kudozz.in/blog/best-influencer-marketing-agencies-in-odisha,Location,Best Influencer Marketing Agencies in Odisha — Kudozz,53,Best Influencer Marketing Agencies in Odisha,"A practical guide to finding an influencer marketing partner for an Odisha brand, covering Bhubaneswar's emerging tech scene, Puri's religious tourism, and Odia-language creator marketing.",https://www.kudozz.in/blog/best-influencer-marketing-agencies-in-odisha,yes,1402,14,19,2,Answer;BlogPosting;BreadcrumbList;ContactPoint;Country;FAQPage;ImageObject;ListItem;Offer;OfferCatalog;Organization;Question;Service;WebPage;WebSite,Commercial investigation (local),True
https://www.kudozz.in/blog/best-influencer-marketing-agencies-in-punjab,Location,Best Influencer Marketing Agencies in Punjab — Kudozz,53,Best Influencer Marketing Agencies in Punjab,"A practical guide to finding an influencer marketing partner for a Punjab brand, covering Ludhiana's manufacturing base, Amritsar's tourism economy, and the state's outsized music and wedding culture.",https://www.kudozz.in/blog/best-influencer-marketing-agencies-in-punjab,yes,1477,14,18,2,Answer;BlogPosting;BreadcrumbList;ContactPoint;Country;FAQPage;ImageObject;ListItem;Offer;OfferCatalog;Organization;Question;Service;WebPage;WebSite,Commercial investigation (local),True
https://www.kudozz.in/blog/best-influencer-marketing-agencies-in-rajasthan,Location,Best Influencer Marketing Agencies in Rajasthan — Kudozz,56,Best Influencer Marketing Agencies in Rajasthan,"A practical guide to finding an influencer marketing partner for a Rajasthan brand, covering Jaipur's jewellery trade, Udaipur's destination wedding economy, and Kota's education sector.",https://www.kudozz.in/blog/best-influencer-marketing-agencies-in-rajasthan,yes,1433,14,21,2,Answer;BlogPosting;BreadcrumbList;ContactPoint;Country;FAQPage;ImageObject;ListItem;Offer;OfferCatalog;Organization;Question;Service;WebPage;WebSite,Commercial investigation (local),True
https://www.kudozz.in/blog/best-influencer-marketing-agencies-in-sikkim,Location,Best Influencer Marketing Agencies in Sikkim — Kudozz,53,Best Influencer Marketing Agencies in Sikkim,"An honest guide to influencer marketing for Sikkim brands, covering Gangtok's tourism economy and why combining local and national travel creators makes sense for this smaller market.",https://www.kudozz.in/blog/best-influencer-marketing-agencies-in-sikkim,yes,1319,14,18,2,Answer;BlogPosting;BreadcrumbList;ContactPoint;Country;FAQPage;ImageObject;ListItem;Offer;OfferCatalog;Organization;Question;Service;WebPage;WebSite,Commercial investigation (local),True
https://www.kudozz.in/blog/best-influencer-marketing-agencies-in-tamil-nadu,Location,Best Influencer Marketing Agencies in Tamil Nadu (2026),55,Best Influencer Marketing Agencies in Tamil Nadu,"Influencer marketing agencies in Tamil Nadu compared: Kudozz plus four researched Chennai agencies, with Tamil creator, platform and festive-season planning advice.",https://www.kudozz.in/blog/best-influencer-marketing-agencies-in-tamil-nadu,yes,2103,12,31,3,Answer;BlogPosting;BreadcrumbList;ContactPoint;Country;FAQPage;ImageObject;ListItem;Offer;OfferCatalog;Organization;Place;Question;Service;WebPage;WebSite,Commercial investigation (local),True
https://www.kudozz.in/blog/best-influencer-marketing-agencies-in-telangana,Location,Best Influencer Marketing Agencies in Telangana — Kudozz,56,Best Influencer Marketing Agencies in Telangana,"A practical guide to finding an influencer marketing partner for a Telangana brand, covering how Hyderabad's tech and pharma economy differs from regional Telugu-language campaigns elsewhere in the state.",https://www.kudozz.in/blog/best-influencer-marketing-agencies-in-telangana,yes,1465,14,20,3,Answer;BlogPosting;BreadcrumbList;ContactPoint;Country;FAQPage;ImageObject;ListItem;Offer;OfferCatalog;Organization;Question;Service;WebPage;WebSite,Commercial investigation (local),True
https://www.kudozz.in/blog/best-influencer-marketing-agencies-in-tripura,Location,Best Influencer Marketing Agencies in Tripura — Kudozz,54,Best Influencer Marketing Agencies in Tripura,"An honest guide to influencer marketing for Tripura brands, covering Agartala's local economy, Bengali-language content, and why a realistic strategy combines local and broader creators.",https://www.kudozz.in/blog/best-influencer-marketing-agencies-in-tripura,yes,1336,14,17,2,Answer;BlogPosting;BreadcrumbList;ContactPoint;Country;FAQPage;ImageObject;ListItem;Offer;OfferCatalog;Organization;Question;Service;WebPage;WebSite,Commercial investigation (local),True
https://www.kudozz.in/blog/best-influencer-marketing-agencies-in-uttar-pradesh,Location,Best Influencer Marketing Agencies in Uttar Pradesh — Kudozz,60,Best Influencer Marketing Agencies in Uttar Pradesh,"A comprehensive guide to influencer marketing agencies for Uttar Pradesh brands, covering Noida's startup ecosystem, Lucknow's culture and food economy, and Agra and Varanasi's massive tourism draw.",https://www.kudozz.in/blog/best-influencer-marketing-agencies-in-uttar-pradesh,yes,1548,14,22,4,Answer;BlogPosting;BreadcrumbList;ContactPoint;Country;FAQPage;ImageObject;ListItem;Offer;OfferCatalog;Organization;Question;Service;WebPage;WebSite,Commercial investigation (local),True
https://www.kudozz.in/blog/best-influencer-marketing-agencies-in-uttarakhand,Location,Best Influencer Marketing Agencies in Uttarakhand — Kudozz,58,Best Influencer Marketing Agencies in Uttarakhand,"A practical guide to finding an influencer marketing partner for an Uttarakhand brand, covering Rishikesh's global wellness reputation, Haridwar's pilgrimage economy, and Nainital's hill tourism.",https://www.kudozz.in/blog/best-influencer-marketing-agencies-in-uttarakhand,yes,1334,14,18,2,Answer;BlogPosting;BreadcrumbList;ContactPoint;Country;FAQPage;ImageObject;ListItem;Offer;OfferCatalog;Organization;Question;Service;WebPage;WebSite,Commercial investigation (local),True
https://www.kudozz.in/blog/best-influencer-marketing-agencies-in-west-bengal,Location,Best Influencer Marketing Agencies in West Bengal — Kudozz,58,Best Influencer Marketing Agencies in West Bengal,"A practical guide to finding an influencer marketing partner for a West Bengal brand, covering Kolkata's cultural economy, Durga Puja's commercial significance, and Bengali-language creator marketing.",https://www.kudozz.in/blog/best-influencer-marketing-agencies-in-west-bengal,yes,1383,14,20,3,Answer;BlogPosting;BreadcrumbList;ContactPoint;Country;FAQPage;ImageObject;ListItem;Offer;OfferCatalog;Organization;Question;Service;WebPage;WebSite,Commercial investigation (local),True
https://www.kudozz.in/blog/brand-ambassador-program,Blog (brand),Influencer Ambassador Programs: How to Build One — Kudozz,57,Influencer Ambassador Programs: How Brands Can Build a Long-Term Creator Network,"Build an influencer ambassador program: brand ambassador vs influencer campaign, objectives, selection, compensation, tiers, measurement and keeping it going.",https://www.kudozz.in/blog/brand-ambassador-program,yes,2034,19,17,14,Answer;BlogPosting;BreadcrumbList;ContactPoint;Country;FAQPage;ImageObject;ListItem;Offer;OfferCatalog;Organization;Question;Service;WebPage;WebSite,Informational (brand),True
https://www.kudozz.in/blog/brand-collaboration-email-templates,Creator resource,Brand Collaboration Email Templates for Creators (15),53,Brand Collaboration Email Templates for Creators: 15 Templates That Actually Work,"15 brand collaboration email templates for creators: cold and warm pitches, paid, UGC, YouTube sponsorship, affiliate, launch and seasonal pitches, follow-ups, negotiation and declining offers.",https://www.kudozz.in/blog/brand-collaboration-email-templates,yes,2339,9,15,15,Answer;BlogPosting;BreadcrumbList;ContactPoint;Country;FAQPage;ImageObject;ListItem;Offer;OfferCatalog;Organization;Question;Service;WebPage;WebSite,Informational (creator),True
https://www.kudozz.in/blog/branded-podcast-series,Blog (brand),Branded Podcast Series: Complete Guide for Indian Brands,56,Branded Podcast Series: Complete Guide for Indian Brands,"A branded podcast is a genuine content commitment, not a marketing campaign with a different name. What it actually takes to build one that a real audience wants to keep listening to.",https://www.kudozz.in/blog/branded-podcast-series,yes,1037,9,12,1,Answer;BlogPosting;BreadcrumbList;ContactPoint;Country;FAQPage;ImageObject;ListItem;Offer;OfferCatalog;Organization;Question;Service;WebPage;WebSite,Informational (brand),True
https://www.kudozz.in/blog/build-creator-marketplace,Blog (brand),How to Build a Creator Marketplace (and Its Tech Stack),55,How to Build a Creator Marketplace for Brands and Creators,"Build a creator marketplace: niche, curation, cold start, liquidity, MVP, the technology stack, payments and compliance in India, and marketplace metrics.",https://www.kudozz.in/blog/build-creator-marketplace,yes,1733,13,16,6,Answer;BlogPosting;BreadcrumbList;ContactPoint;Country;FAQPage;ImageObject;ListItem;Offer;OfferCatalog;Organization;Question;Service;WebPage;WebSite,Informational (brand),True
https://www.kudozz.in/blog/choose-influencer-marketing-agency-india,Blog (brand),How to Choose an Influencer Marketing Agency in India,53,How to Choose an Influencer Marketing Agency in India,"How to choose an influencer marketing agency in India: the selection process, creator vetting, pricing transparency, red flags, questions and a checklist.",https://www.kudozz.in/blog/choose-influencer-marketing-agency-india,yes,2213,21,33,20,Answer;BlogPosting;BreadcrumbList;ContactPoint;Country;FAQPage;ImageObject;ListItem;Offer;OfferCatalog;Organization;Question;Service;WebPage;WebSite,Informational (brand),True
https://www.kudozz.in/blog/consumer-electronics-influencer-marketing-india,Blog (brand),Consumer Electronics Influencer Marketing Guide — Kudozz,56,Influencer Marketing for Consumer Electronics Brands: How to Work With Tech Creators,"Consumer electronics influencer marketing: reviews, unboxings and comparisons, review units and embargoes, search-driven YouTube timing and spec accuracy.",https://www.kudozz.in/blog/consumer-electronics-influencer-marketing-india,yes,1705,19,15,2,Answer;BlogPosting;BreadcrumbList;ContactPoint;Country;FAQPage;ImageObject;ListItem;Offer;OfferCatalog;Organization;Question;Service;WebPage;WebSite,Informational (brand),True
https://www.kudozz.in/blog/content-batching-for-creators,Creator resource,Content Batching for Creators: A Weekly Production System,57,How to Create Content Batches: A Weekly Production System for Creators,"Content batching for creators: a realistic weekly batch-production workflow, planning, scripting, filming and editing days, outfit and set changes, buffers for brand deals and trends, and batching mistakes.",https://www.kudozz.in/blog/content-batching-for-creators,yes,948,10,17,16,Answer;BlogPosting;BreadcrumbList;ContactPoint;Country;FAQPage;ImageObject;ListItem;Offer;OfferCatalog;Organization;Question;Service;WebPage;WebSite,Informational (creator),True
https://www.kudozz.in/blog/content-performance-audit,Creator resource,Content Performance Audit: Review Your Last 30 Posts,52,Content Performance Audit for Creators: How to Review Your Last 30 Posts,"Content performance audit for creators: how to review your last 30 posts, the audit template columns, scoring against your own medians, finding patterns by topic, hook and format, and three decisions to take.",https://www.kudozz.in/blog/content-performance-audit,yes,1000,10,15,14,Answer;BlogPosting;BreadcrumbList;ContactPoint;Country;FAQPage;ImageObject;ListItem;Offer;OfferCatalog;Organization;Question;Service;WebPage;WebSite,Informational (creator),True
https://www.kudozz.in/blog/content-pillars-for-creators,Creator resource,Content Pillars for Creators: Topics That Build Authority,57,Content Pillars for Creators: How to Choose Topics That Build Authority,"What content pillars are and how creators choose three or four that fit audience, expertise and business, with a scoring method, testing plan and examples.",https://www.kudozz.in/blog/content-pillars-for-creators,yes,1289,15,16,8,Answer;BlogPosting;BreadcrumbList;ContactPoint;Country;FAQPage;ImageObject;ListItem;Offer;OfferCatalog;Organization;Question;Service;WebPage;WebSite,Informational (creator),True
https://www.kudozz.in/blog/content-repurposing-for-creators,Creator resource,Content Repurposing for Creators: Multi-Platform Workflow,57,Content Repurposing for Creators: Complete Multi-Platform Workflow,"Content repurposing for creators: a multi-platform workflow, repurposing map, adapting formats for YouTube, Instagram, LinkedIn, newsletters, websites and WhatsApp, originality rules, tools and tracking.",https://www.kudozz.in/blog/content-repurposing-for-creators,yes,1147,11,18,11,Answer;BlogPosting;BreadcrumbList;ContactPoint;Country;FAQPage;ImageObject;ListItem;Offer;OfferCatalog;Organization;Question;Service;WebPage;WebSite,Informational (creator),True
https://www.kudozz.in/blog/coworking-influencer-marketing-india,Blog (brand),Influencer Marketing for Coworking and Flexible Workspace Brands in India,73,Influencer Marketing for Coworking and Flexible Workspace Brands in India,"How Indian coworking and flexible workspace brands can use creators for city-specific discovery and membership inquiries, and why geographic audience relevance matters more here than almost anywhere else.",https://www.kudozz.in/blog/coworking-influencer-marketing-india,yes,1131,14,15,2,Answer;BlogPosting;BreadcrumbList;ContactPoint;Country;FAQPage;ImageObject;ListItem;Offer;OfferCatalog;Organization;Question;Service;WebPage;WebSite,Informational (brand),True
https://www.kudozz.in/blog/creator-ab-testing,Creator resource,"Creator A/B Testing: Test Hooks, Thumbnails and Titles",54,"Creator A/B Testing: How to Test Hooks, Thumbnails, Titles and Formats","Creator A/B testing: controlled tests for hooks, thumbnails, titles and formats, YouTube title and thumbnail A/B testing, Instagram Trial Reels, manual test design, sample sizes and avoiding false conclusions.",https://www.kudozz.in/blog/creator-ab-testing,yes,926,9,16,15,Answer;BlogPosting;BreadcrumbList;ContactPoint;Country;FAQPage;ImageObject;ListItem;Offer;OfferCatalog;Organization;Question;Service;WebPage;WebSite,Informational (creator),True
https://www.kudozz.in/blog/creator-account-security,Creator resource,Creator Account Security: Protect Your Social Accounts,54,Creator Account Security: How to Protect Your Social Media Business,"Creator account security: passkeys and 2FA, securing recovery email, team access without passwords, phishing and SIM-swap risks and what to do if hacked.",https://www.kudozz.in/blog/creator-account-security,yes,1782,14,16,20,Answer;BlogPosting;BreadcrumbList;ContactPoint;Country;FAQPage;ImageObject;ListItem;Offer;OfferCatalog;Organization;Question;Service;WebPage;WebSite,Informational (creator),True
https://www.kudozz.in/blog/creator-advertising-rules,Creator resource,Creator Advertising Rules in India: Before You Promote,54,Creator Advertising Rules in India: What Creators Should Know Before Promoting Brands,"Creator advertising rules in India: CCPA endorsement guidelines, ASCI, health and finance claims, SEBI finfluencer rules and banned categories.",https://www.kudozz.in/blog/creator-advertising-rules,yes,1680,13,13,8,Answer;BlogPosting;BreadcrumbList;ContactPoint;Country;FAQPage;ImageObject;ListItem;Offer;OfferCatalog;Organization;Question;Service;WebPage;WebSite,Informational (creator),True
https://www.kudozz.in/blog/creator-affiliate-links,Creator resource,Creator Affiliate Links: More Clicks Without Spamming,53,Creator Affiliate Links: How to Increase Clicks Without Spamming Your Audience,"Creator affiliate links: placement that earns clicks without spamming, and how to track clicks, sales, commissions and returns by link and platform.",https://www.kudozz.in/blog/creator-affiliate-links,yes,1197,12,19,13,Answer;BlogPosting;BreadcrumbList;ContactPoint;Country;FAQPage;ImageObject;ListItem;Offer;OfferCatalog;Organization;Question;Service;WebPage;WebSite,Informational (creator),True
https://www.kudozz.in/blog/creator-affiliate-marketing-india,Creator resource,Creator Affiliate Marketing in India: How It Works — Kudozz,59,Creator Affiliate Marketing in India: Complete Guide to Earning From Product Recommendations,"Creator affiliate marketing in India: affiliate links, commissions, tracking, disclosure, choosing products, audience trust, conversion, platforms, brand deal vs affiliate deal and hybrid deals.",https://www.kudozz.in/blog/creator-affiliate-marketing-india,yes,1550,13,22,18,Answer;BlogPosting;BreadcrumbList;ContactPoint;Country;FAQPage;ImageObject;ListItem;Offer;OfferCatalog;Organization;Question;Service;WebPage;WebSite,Informational (creator),True
https://www.kudozz.in/blog/creator-agency-business-plan,Creator resource,Creator Agency Business Plan: Template and Guide — Kudozz,57,Creator Agency Business Plan: How to Build a Sustainable Agency,"Write a creator agency business plan: 11 sections, a copy-ready template, revenue and cost model, cash flow, risks and a quarterly review routine.",https://www.kudozz.in/blog/creator-agency-business-plan,yes,1749,12,19,6,Answer;BlogPosting;BreadcrumbList;ContactPoint;Country;FAQPage;ImageObject;ListItem;Offer;OfferCatalog;Organization;Question;Service;WebPage;WebSite,Informational (creator),True
https://www.kudozz.in/blog/creator-agency-client-acquisition,Creator resource,Creator Agency Client Acquisition and Sales Funnel — Kudozz,59,Creator Agency Client Acquisition: How to Find and Win Brand Clients,"How creator agencies win brand clients: ideal clients, prospecting, the agency sales funnel and lead qualification, roster decks and fast brief responses.",https://www.kudozz.in/blog/creator-agency-client-acquisition,yes,1453,13,19,8,Answer;BlogPosting;BreadcrumbList;ContactPoint;Country;FAQPage;ImageObject;ListItem;Offer;OfferCatalog;Organization;Question;Service;WebPage;WebSite,Informational (creator),True
https://www.kudozz.in/blog/creator-agency-client-retention,Creator resource,Creator Agency Client Retention and Account Growth — Kudozz,59,Creator Agency Client Retention: How to Build Long-Term Brand Relationships,"Keep and grow creator agency clients: onboarding, service rhythm, quarterly reviews, health signals, why clients leave, renewals and account expansion.",https://www.kudozz.in/blog/creator-agency-client-retention,yes,1539,13,16,8,Answer;BlogPosting;BreadcrumbList;ContactPoint;Country;FAQPage;ImageObject;ListItem;Offer;OfferCatalog;Organization;Question;Service;WebPage;WebSite,Informational (creator),True
https://www.kudozz.in/blog/creator-agency-growth-strategy,Creator resource,Creator Agency Growth Strategy: 7 Ways to Grow — Kudozz,55,Creator Agency Growth Strategy: How to Grow a Creator Management Business,"Creator agency growth strategy: the seven growth levers, how to find your constraint, sequencing, hiring, and metrics that show healthy agency growth.",https://www.kudozz.in/blog/creator-agency-growth-strategy,yes,1923,15,21,8,Answer;BlogPosting;BreadcrumbList;ContactPoint;Country;FAQPage;ImageObject;ListItem;Offer;OfferCatalog;Organization;Question;Service;WebPage;WebSite,Informational (creator),True
https://www.kudozz.in/blog/creator-agency-operations,Creator resource,Creator Agency Operations: Run a Management Business,52,Creator Agency Operations: How to Run a Creator Management Business,"Creator agency operations: campaign workflow, money flow options, paying creators, contracts, compliance, systems, team roles and key agency metrics.",https://www.kudozz.in/blog/creator-agency-operations,yes,1275,12,20,12,Answer;BlogPosting;BreadcrumbList;ContactPoint;Country;FAQPage;ImageObject;ListItem;Offer;OfferCatalog;Organization;Question;Service;WebPage;WebSite,Informational (creator),True
https://www.kudozz.in/blog/creator-agency-pricing-strategy,Creator resource,Creator Agency Pricing Strategy and Retainers — Kudozz,54,Creator Agency Pricing Strategy: How to Price Your Services,"How creator agencies price services: pricing methods, project vs retainer vs percentage fees, how retainers work, building quotes and raising prices.",https://www.kudozz.in/blog/creator-agency-pricing-strategy,yes,1752,11,15,8,Answer;BlogPosting;BreadcrumbList;ContactPoint;Country;FAQPage;ImageObject;ListItem;Offer;OfferCatalog;Organization;Question;Service;WebPage;WebSite,Commercial investigation (pricing),True
https://www.kudozz.in/blog/creator-agency-profitability,Creator resource,Creator Agency Profitability: Margins and Calculator,52,Creator Agency Profitability: How to Build a Profitable Creator Business,"Creator agency profitability: billings vs net revenue, costs, margins, profit per client and creator, margin leaks, and a calculator with your numbers.",https://www.kudozz.in/blog/creator-agency-profitability,yes,1628,12,16,10,Answer;BlogPosting;BreadcrumbList;ContactPoint;Country;FAQPage;ImageObject;ListItem;Offer;OfferCatalog;Organization;Question;Service;WebPage;WebSite,Informational (creator),True
https://www.kudozz.in/blog/creator-analytics-dashboard,Creator resource,Creator Analytics Dashboard: Track Audience and Revenue,55,"Creator Analytics Dashboard: How to Track Your Audience, Content and Revenue","How to build a creator analytics dashboard: audience, content, owned channels, revenue and brand-deal pipeline metrics, sources for each, review cadence, a dashboard template and mistakes to avoid.",https://www.kudozz.in/blog/creator-analytics-dashboard,yes,1460,12,29,27,Answer;BlogPosting;BreadcrumbList;ContactPoint;Country;FAQPage;ImageObject;ListItem;Offer;OfferCatalog;Organization;Question;Service;WebPage;WebSite,Informational (creator),True
https://www.kudozz.in/blog/creator-analytics-for-brand-deals,Creator resource,Creator Analytics for Brand Deals: Which Metrics to Share,57,Creator Analytics for Brand Deals: Which Metrics Should You Share With Brands?,"Creator analytics for brand deals: reach, views, watch time, completion, saves, shares, comments, engagement, link clicks, profile visits and demographics, what each platform shows, and how to share it honestly.",https://www.kudozz.in/blog/creator-analytics-for-brand-deals,yes,1490,9,19,17,Answer;BlogPosting;BreadcrumbList;ContactPoint;Country;FAQPage;ImageObject;ListItem;Offer;OfferCatalog;Organization;Question;Service;WebPage;WebSite,Informational (creator),True
https://www.kudozz.in/blog/creator-assistant,Creator resource,Creator Virtual Assistant: What a Creator VA Does — Kudozz,58,Creator Assistant: What Does a Creator Virtual Assistant Do?,"What a creator virtual assistant does: tasks to delegate first, what not to hand over, hiring and onboarding, safe account access and a weekly VA task list.",https://www.kudozz.in/blog/creator-assistant,yes,1285,12,14,6,Answer;BlogPosting;BreadcrumbList;ContactPoint;Country;FAQPage;ImageObject;ListItem;Offer;OfferCatalog;Organization;Question;Service;WebPage;WebSite,Informational (creator),True
https://www.kudozz.in/blog/creator-attribution,Creator resource,Creator Attribution: Prove Your Content Generated Sales,55,Creator Attribution: How to Prove Your Content Generated Sales,"How creators prove content drove sales: tracked links, UTMs, codes, product tags, affiliate and brand data, the limits of each method and honest reporting.",https://www.kudozz.in/blog/creator-attribution,yes,1364,13,16,11,Answer;BlogPosting;BreadcrumbList;ContactPoint;Country;FAQPage;ImageObject;ListItem;Offer;OfferCatalog;Organization;Question;Service;WebPage;WebSite,Informational (creator),True
https://www.kudozz.in/blog/creator-audience-ownership,Creator resource,Creator Audience Ownership: Why Email and Websites Matter,57,"Creator Audience Ownership: Why Email, Communities and Websites Matter","Why creator audience ownership matters: platform risk, reach you don't control, email vs community vs website, what ""owned"" means and a 90-day plan to start.",https://www.kudozz.in/blog/creator-audience-ownership,yes,1238,11,17,14,Answer;BlogPosting;BreadcrumbList;ContactPoint;Country;FAQPage;ImageObject;ListItem;Offer;OfferCatalog;Organization;Question;Service;WebPage;WebSite,Informational (creator),True
https://www.kudozz.in/blog/creator-audience-research,Creator resource,Creator Audience Research: Find Out What Your Followers Want,60,Creator Audience Research: How to Understand What Your Followers Want,"Audience research methods for creators: comments and DMs, polls, surveys, interviews, analytics patterns and search data, organising findings and acting on them.",https://www.kudozz.in/blog/creator-audience-research,yes,1313,16,16,10,Answer;BlogPosting;BreadcrumbList;ContactPoint;Country;FAQPage;ImageObject;ListItem;Offer;OfferCatalog;Organization;Question;Service;WebPage;WebSite,Informational (creator),True
https://www.kudozz.in/blog/creator-audience-trust-sponsored-content,Creator resource,Audience Trust: How Sponsored Content Can Stay Authentic,56,Creator Audience Trust: How Sponsored Content Can Stay Authentic,"How creators keep audience trust in sponsored content: fit, voice, honest limitations, upfront disclosure, handling comments and spotting early signs that trust is slipping.",https://www.kudozz.in/blog/creator-audience-trust-sponsored-content,yes,1407,16,17,9,Answer;BlogPosting;BreadcrumbList;ContactPoint;Country;FAQPage;ImageObject;ListItem;Offer;OfferCatalog;Organization;Question;Service;WebPage;WebSite,Informational (creator),True
https://www.kudozz.in/blog/creator-backup-strategy,Creator resource,Creator Backup Strategy: Protect Content and Data — Kudozz,58,Creator Backup Strategy: How to Protect Your Content and Business Data,"Creator backup strategy: what to back up, the 3-2-1 rule, cloud vs drives for video, phone backups, platform exports, testing restores and a routine.",https://www.kudozz.in/blog/creator-backup-strategy,yes,1213,12,14,6,Answer;BlogPosting;BreadcrumbList;ContactPoint;Country;FAQPage;ImageObject;ListItem;Offer;OfferCatalog;Organization;Question;Service;WebPage;WebSite,Informational (creator),True
https://www.kudozz.in/blog/creator-bookkeeping,Creator resource,Creator Bookkeeping: What to Track Every Month — Kudozz,55,Creator Bookkeeping and Accounting: What Professional Creators Should Track Every Month,"Creator bookkeeping and accounting: a separate bank account, categories, a monthly close, TDS and GST reconciliation, software and working with your CA.",https://www.kudozz.in/blog/creator-bookkeeping,yes,1510,14,18,8,Answer;BlogPosting;BreadcrumbList;ContactPoint;Country;FAQPage;ImageObject;ListItem;Offer;OfferCatalog;Organization;Question;Service;WebPage;WebSite,Informational (creator),True
https://www.kudozz.in/blog/creator-brand-brief,Creator resource,How to Read and Respond to a Brand Brief as a Creator,53,Creator Collaboration Brief: How to Understand and Respond to a Brand Brief,"How creators should read a brand brief: objective, audience, key message, mandatory talking points, prohibited claims, deliverables, deadlines, approvals, hashtags, tags, links, disclosure and usage rights, plus a checklist.",https://www.kudozz.in/blog/creator-brand-brief,yes,1179,8,14,16,Answer;BlogPosting;BreadcrumbList;ContactPoint;Country;FAQPage;ImageObject;ListItem;Offer;OfferCatalog;Organization;Question;Service;WebPage;WebSite,Informational (creator),True
https://www.kudozz.in/blog/creator-brand-deal-checklist,Creator resource,Creator Brand Deal Checklist: Check Before You Accept,53,Creator Brand Deal Checklist: What to Check Before Accepting a Collaboration,"A creator brand deal checklist to use before accepting any collaboration: brand legitimacy, campaign scope, fee, payment schedule, taxes, usage rights, exclusivity, approvals, claims and disclosure.",https://www.kudozz.in/blog/creator-brand-deal-checklist,yes,1230,12,19,14,Answer;BlogPosting;BreadcrumbList;ContactPoint;Country;FAQPage;ImageObject;ListItem;Offer;OfferCatalog;Organization;Question;Service;WebPage;WebSite,Informational (creator),True
https://www.kudozz.in/blog/creator-brand-deal-profit,Creator resource,Creator Brand Deal Profit: Calculate What You Really Earn,57,Creator Brand Deal Profit: How to Calculate What You Actually Earn,"How creators calculate brand deal profit: fee vs cash received, direct costs, time, TDS and GST timing, payment delays and your effective hourly rate, with an example.",https://www.kudozz.in/blog/creator-brand-deal-profit,yes,1343,13,19,10,Answer;BlogPosting;BreadcrumbList;ContactPoint;Country;FAQPage;ImageObject;ListItem;Offer;OfferCatalog;Organization;Question;Service;WebPage;WebSite,Informational (creator),True
https://www.kudozz.in/blog/creator-brand-deals,Creator resource,"Creator Brand Deals: How to Get, Manage and Grow Them",53,"Creator Brand Deals: Complete Guide to Getting, Managing and Growing Brand Partnerships","A complete guide to creator brand deals: types of deals, how creators get them, inbound enquiries, briefs, proposals, pricing, negotiation, contracts, production, approval, publishing, reporting, payment and repeat partnerships.",https://www.kudozz.in/blog/creator-brand-deals,yes,1751,18,45,16,Answer;BlogPosting;BreadcrumbList;ContactPoint;Country;FAQPage;ImageObject;ListItem;Offer;OfferCatalog;Organization;Question;Service;WebPage;WebSite,Informational (creator),True
https://www.kudozz.in/blog/creator-brand-fit,Creator resource,Creator Brand Fit: Decide Whether a Collaboration Makes Sense,61,Creator Brand Fit: How to Decide Whether a Collaboration Makes Sense,"A brand fit scorecard for creators: audience, product, values, content and commercial fit, with questions, red flags and how to handle deals that only partly fit.",https://www.kudozz.in/blog/creator-brand-fit,yes,1347,15,17,11,Answer;BlogPosting;BreadcrumbList;ContactPoint;Country;FAQPage;ImageObject;ListItem;Offer;OfferCatalog;Organization;Question;Service;WebPage;WebSite,Informational (creator),True
https://www.kudozz.in/blog/creator-brand-partnership-pipeline,Creator resource,How to Build a Brand Partnership Pipeline as a Creator,54,How Creators Can Build a Brand Partnership Pipeline,"How creators build a brand partnership pipeline: target lists, pipeline stages from prospect to paid, weekly habits, stage conversion and capacity planning.",https://www.kudozz.in/blog/creator-brand-partnership-pipeline,yes,1815,14,23,11,Answer;BlogPosting;BreadcrumbList;ContactPoint;Country;FAQPage;ImageObject;ListItem;Offer;OfferCatalog;Organization;Question;Service;WebPage;WebSite,Informational (creator),True
https://www.kudozz.in/blog/creator-brand-partnerships,Creator resource,Creator Brand Partnerships: Build Relationships That Last,57,Creator Brand Partnerships: How to Build Relationships That Last,"How creators build long-term brand partnerships: partnership types, what brands look for, a post-campaign rhythm, co-creation, renewals and ending well.",https://www.kudozz.in/blog/creator-brand-partnerships,yes,1755,16,22,13,Answer;BlogPosting;BreadcrumbList;ContactPoint;Country;FAQPage;ImageObject;ListItem;Offer;OfferCatalog;Organization;Question;Service;WebPage;WebSite,Informational (creator),True
https://www.kudozz.in/blog/creator-brand-revisions,Creator resource,Brand Content Approval and Revisions: Keep Creative Control,59,Brand Content Approval and Revisions: How Creators Keep Creative Control,"Brand content approval and revisions for creators: approval stages, submission packages, approval records, normal vs excessive revisions, creative disagreements, compliance fixes, scope creep and professional replies.",https://www.kudozz.in/blog/creator-brand-revisions,yes,1629,12,16,19,Answer;BlogPosting;BreadcrumbList;ContactPoint;Country;FAQPage;ImageObject;ListItem;Offer;OfferCatalog;Organization;Question;Service;WebPage;WebSite,Informational (creator),True
https://www.kudozz.in/blog/creator-brand-safety,Creator resource,Creator Brand Safety Checklist: Vet Sponsors Before You Accept,62,Creator Brand Safety: How to Protect Your Personal Brand While Working With Brands,"Creator brand safety checklist: how to research a sponsor, category and claim risks in India, contract protections, comment moderation and handling partner controversies.",https://www.kudozz.in/blog/creator-brand-safety,yes,1666,16,23,17,Answer;BlogPosting;BreadcrumbList;ContactPoint;Country;FAQPage;ImageObject;ListItem;Offer;OfferCatalog;Organization;Question;Service;WebPage;WebSite,Informational (creator),True
https://www.kudozz.in/blog/creator-break-even-analysis,Creator resource,Creator Break-Even Analysis: Calculate Your Break-Even,54,Creator Break-Even Analysis: How to Calculate Your Break-Even Point,"Creator break-even analysis with a free calculator: fixed costs, contribution margin, deals or sales needed to break even, and worked examples.",https://www.kudozz.in/blog/creator-break-even-analysis,yes,1275,12,16,8,Answer;BlogPosting;BreadcrumbList;ContactPoint;Country;FAQPage;ImageObject;ListItem;Offer;OfferCatalog;Organization;Question;Service;WebPage;WebSite,Informational (creator),True
https://www.kudozz.in/blog/creator-business-budget,Creator resource,Creator Business Budget: Plan Your Monthly Expenses — Kudozz,60,Creator Business Budget: How to Plan Your Monthly Expenses,"How creators build a monthly business budget: fixed and variable costs, spending limits from income, growth investments, subscription reviews and a template.",https://www.kudozz.in/blog/creator-business-budget,yes,1168,13,16,12,Answer;BlogPosting;BreadcrumbList;ContactPoint;Country;FAQPage;ImageObject;ListItem;Offer;OfferCatalog;Organization;Question;Service;WebPage;WebSite,Informational (creator),True
https://www.kudozz.in/blog/creator-business-continuity,Creator resource,Creator Business Continuity: Plan for Time Away — Kudozz,56,Creator Business Continuity: How to Keep Your Business Running When You Can't Create,"Creator business continuity: content buffers, a continuity document, backup people, brand communication, runway and an interactive continuity checklist.",https://www.kudozz.in/blog/creator-business-continuity,yes,1583,13,19,10,Answer;BlogPosting;BreadcrumbList;ContactPoint;Country;FAQPage;ImageObject;ListItem;Offer;OfferCatalog;Organization;Question;Service;WebPage;WebSite,Informational (creator),True
https://www.kudozz.in/blog/creator-business-email,Creator resource,Creator Business Email: A Professional Setup — Kudozz,53,Creator Business Email: How to Set Up a Professional Creator Email System,"Set up a creator business email: custom domain vs free address, addresses to create, filters for brand enquiries, templates, team access and security.",https://www.kudozz.in/blog/creator-business-email,yes,1187,12,15,6,Answer;BlogPosting;BreadcrumbList;ContactPoint;Country;FAQPage;ImageObject;ListItem;Offer;OfferCatalog;Organization;Question;Service;WebPage;WebSite,Informational (creator),True
https://www.kudozz.in/blog/creator-business-expenses-india,Creator resource,Creator Business Expenses: What Indian Creators Should Track,60,Creator Business Expenses: What Indian Creators Should Track and Manage,"Creator business expenses in India: common expense categories, mixed personal and business use, records for income tax and GST input credit, presumptive taxation caveats, a tracking template and mistakes to avoid.",https://www.kudozz.in/blog/creator-business-expenses-india,yes,1334,11,17,21,Answer;BlogPosting;BreadcrumbList;ContactPoint;Country;FAQPage;ImageObject;ListItem;Offer;OfferCatalog;Organization;Question;Service;WebPage;WebSite,Informational (creator),True
https://www.kudozz.in/blog/creator-business-kit,Creator resource,Creator Business Kit: 10 Resources for Professional Creators,60,Creator Business Kit: 10 Resources Every Professional Creator Should Have,"The creator business kit: media kit, rate card, portfolio, brand pitch, collaboration emails, contract knowledge, usage rights, negotiation, invoicing and analytics, each explained with a link to a full guide.",https://www.kudozz.in/blog/creator-business-kit,yes,1402,16,45,7,Answer;BlogPosting;BreadcrumbList;ContactPoint;Country;FAQPage;ImageObject;ListItem;Offer;OfferCatalog;Organization;Question;Service;WebPage;WebSite,Informational (creator),True
https://www.kudozz.in/blog/creator-business-model,Creator resource,Creator Business Model: Choose the Right Revenue Model,54,Creator Business Model: How to Choose the Right Revenue Model for Your Audience,"Choose a creator business model that fits your audience: six models, audience intent, skills and capacity, simple unit economics and how models combine as you grow.",https://www.kudozz.in/blog/creator-business-model,yes,1369,13,27,13,Answer;BlogPosting;BreadcrumbList;ContactPoint;Country;FAQPage;ImageObject;ListItem;Offer;OfferCatalog;Organization;Question;Service;WebPage;WebSite,Informational (creator),True
https://www.kudozz.in/blog/creator-business-plan,Creator resource,Creator Business Plan: Build a Sustainable Creator Business,59,Creator Business Plan: How to Turn Content Creation Into a Sustainable Business,"How to write a creator business plan: positioning, audience, content strategy, revenue streams, pricing, operations, finances, risks, milestones and KPIs, with a one-page template and 12-month roadmap.",https://www.kudozz.in/blog/creator-business-plan,yes,1470,9,38,12,Answer;BlogPosting;BreadcrumbList;ContactPoint;Country;FAQPage;ImageObject;ListItem;Offer;OfferCatalog;Organization;Question;Service;WebPage;WebSite,Informational (creator),True
https://www.kudozz.in/blog/creator-business-risk-management,Creator resource,Creator Business Risk Management: A Practical Guide — Kudozz,60,Creator Business Risk Management: Risks Every Professional Creator Should Understand,"Creator business risk management: platform, account, income, legal, reputation, key-person and data risks, a simple risk register and practical controls.",https://www.kudozz.in/blog/creator-business-risk-management,yes,1183,10,19,7,Answer;BlogPosting;BreadcrumbList;ContactPoint;Country;FAQPage;ImageObject;ListItem;Offer;OfferCatalog;Organization;Question;Service;WebPage;WebSite,Informational (creator),True
https://www.kudozz.in/blog/creator-business-sops,Creator resource,Creator Business SOPs: 15 Processes to Document — Kudozz,56,Creator Business SOPs: 15 Processes Every Professional Creator Should Document,"Creator business SOPs: 15 documented processes covering brand inquiry, qualification, brief review, pricing, contract, content planning, production, approval, publishing, reporting, invoicing, follow-up, portfolio, analytics and monthly review.",https://www.kudozz.in/blog/creator-business-sops,yes,1509,11,26,14,Answer;BlogPosting;BreadcrumbList;ContactPoint;Country;FAQPage;ImageObject;ListItem;Offer;OfferCatalog;Organization;Question;Service;WebPage;WebSite,Informational (creator),True
https://www.kudozz.in/blog/creator-campaign-capacity-planning,Creator resource,Creator Campaign Capacity and Resource Planning — Kudozz,56,Creator Campaign Capacity Planning: How Agencies Know How Many Campaigns They Can Handle,"Plan creator campaign capacity: hours per campaign and creator, available team hours, a capacity calculator, resource allocation, peaks and hiring.",https://www.kudozz.in/blog/creator-campaign-capacity-planning,yes,1361,12,14,7,Answer;BlogPosting;BreadcrumbList;ContactPoint;Country;FAQPage;ImageObject;ListItem;Offer;OfferCatalog;Organization;Question;Service;WebPage;WebSite,Informational (creator),True
https://www.kudozz.in/blog/creator-campaign-documentation,Creator resource,Creator Campaign Documentation: Documents Every Creator Needs,61,Creator Campaign Documentation: The Documents Every Professional Creator Needs,"The documents creators should keep for every brand campaign: brief, agreement, approvals, disclosure proof, reports, invoices and payments, with a folder structure.",https://www.kudozz.in/blog/creator-campaign-documentation,yes,1386,14,17,13,Answer;BlogPosting;BreadcrumbList;ContactPoint;Country;FAQPage;ImageObject;ListItem;Offer;OfferCatalog;Organization;Question;Service;WebPage;WebSite,Informational (creator),True
https://www.kudozz.in/blog/creator-campaign-escalation,Creator resource,Creator Campaign Escalation: Severity Levels and Owners,55,Creator Campaign Escalation Process: How to Handle Problems Before They Grow,"Creator campaign escalation: four severity levels, owners and response times, first responses to common problems, client communication and incident logs.",https://www.kudozz.in/blog/creator-campaign-escalation,yes,1226,10,16,5,Answer;BlogPosting;BreadcrumbList;ContactPoint;Country;FAQPage;ImageObject;ListItem;Offer;OfferCatalog;Organization;Question;Service;WebPage;WebSite,Informational (creator),True
https://www.kudozz.in/blog/creator-campaign-operations,Creator resource,Creator Campaign Operations: Run Campaigns at Scale — Kudozz,60,Creator Campaign Operations: How Agencies Manage Campaigns at Scale,"How agencies run many creator campaigns at once: the campaign journey, stage gates, owners, a master tracker, SLAs, weekly rhythm and operations metrics.",https://www.kudozz.in/blog/creator-campaign-operations,yes,1568,13,21,10,Answer;BlogPosting;BreadcrumbList;ContactPoint;Country;FAQPage;ImageObject;ListItem;Offer;OfferCatalog;Organization;Question;Service;WebPage;WebSite,Informational (creator),True
https://www.kudozz.in/blog/creator-campaign-post-mortem,Creator resource,Creator Campaign Post-Mortem and Knowledge Base — Kudozz,56,Creator Campaign Post-Mortem: How to Review Campaigns and Capture What Works,"Run a creator campaign post-mortem: blameless format, a copy-ready template, what to capture, and how to build a campaign knowledge base teams use.",https://www.kudozz.in/blog/creator-campaign-post-mortem,yes,1236,12,15,9,Answer;BlogPosting;BreadcrumbList;ContactPoint;Country;FAQPage;ImageObject;ListItem;Offer;OfferCatalog;Organization;Question;Service;WebPage;WebSite,Informational (creator),True
https://www.kudozz.in/blog/creator-campaign-proposal,Creator resource,Creator Campaign Proposal: How to Write One for Brands,54,How to Create a Creator Campaign Proposal for Brands,"How to create a creator campaign proposal for brands: understanding the brief, objective, creative idea, deliverables, timeline, pricing, usage rights, reporting, assumptions and exclusions, with an adaptable proposal structure.",https://www.kudozz.in/blog/creator-campaign-proposal,yes,1369,9,20,10,Answer;BlogPosting;BreadcrumbList;ContactPoint;Country;FAQPage;ImageObject;ListItem;Offer;OfferCatalog;Organization;Question;Service;WebPage;WebSite,Informational (creator),True
https://www.kudozz.in/blog/creator-campaign-quality-assurance,Creator resource,Creator Campaign QA: Check Deliverables Before Go-Live,54,Creator Campaign Quality Assurance: How Agencies Check Deliverables,"Creator campaign QA: check brief compliance, claims, disclosure, rights and links before go-live, verify after, with an interactive QA checklist.",https://www.kudozz.in/blog/creator-campaign-quality-assurance,yes,1368,11,17,8,Answer;BlogPosting;BreadcrumbList;ContactPoint;Country;FAQPage;ImageObject;ListItem;Offer;OfferCatalog;Organization;Question;Service;WebPage;WebSite,Informational (creator),True
https://www.kudozz.in/blog/creator-campaign-reporting,Creator resource,Creator Campaign Reporting: What to Send Brands After a Deal,60,Creator Campaign Reporting: What to Send Brands After a Collaboration,"Creator campaign reporting: what to send brands after a collaboration, report timing, contents (deliverables, metrics, audience response, learnings), format options, honesty rules and a ready-to-use report template.",https://www.kudozz.in/blog/creator-campaign-reporting,yes,1000,11,15,18,Answer;BlogPosting;BreadcrumbList;ContactPoint;Country;FAQPage;ImageObject;ListItem;Offer;OfferCatalog;Organization;Question;Service;WebPage;WebSite,Informational (creator),True
https://www.kudozz.in/blog/creator-cancellation-policy,Creator resource,Creator Cancellation Policy: When a Brand Cancels a Campaign,60,Creator Cancellation Policy: What Happens When a Brand Cancels a Campaign?,"What creators should do when a brand cancels: kill fees by stage, cancellation terms to agree, postponements, products and expenses, and professional responses.",https://www.kudozz.in/blog/creator-cancellation-policy,yes,1358,15,14,7,Answer;BlogPosting;BreadcrumbList;ContactPoint;Country;FAQPage;ImageObject;ListItem;Offer;OfferCatalog;Organization;Question;Service;WebPage;WebSite,Informational (creator),True
https://www.kudozz.in/blog/creator-case-study,Creator resource,Creator Case Study: Turn a Brand Collaboration Into Proof,57,Creator Case Study: How to Turn a Brand Collaboration Into Proof of Your Value,"How to write a creator case study: campaign objective, deliverables, audience, reach, views, engagement, clicks, conversions where legitimately available, content examples and lessons, with a template.",https://www.kudozz.in/blog/creator-case-study,yes,1453,13,17,17,Answer;BlogPosting;BreadcrumbList;ContactPoint;Country;FAQPage;ImageObject;ListItem;Offer;OfferCatalog;Organization;Question;Service;WebPage;WebSite,Informational (creator),True
https://www.kudozz.in/blog/creator-cash-flow-management,Creator resource,Creator Cash Flow: How to Manage Uneven Monthly Income,54,Creator Cash Flow Management: How to Manage Uneven Monthly Income,"Cash flow for creators: the gap between work and payment, a 13-week cash view, advances and payment terms, timing expenses, payout schedules and avoiding shortfalls.",https://www.kudozz.in/blog/creator-cash-flow-management,yes,1173,12,15,11,Answer;BlogPosting;BreadcrumbList;ContactPoint;Country;FAQPage;ImageObject;ListItem;Offer;OfferCatalog;Organization;Question;Service;WebPage;WebSite,Informational (creator),True
https://www.kudozz.in/blog/creator-checkout,Creator resource,Creator Checkout: Reduce Friction When Selling Online,53,Creator Checkout Experience: How to Reduce Friction When Selling Online,"How creators reduce checkout friction: mobile-first checkout, UPI and cards, fewer fields, clear pricing and GST, trust signals, refunds, instant delivery and testing.",https://www.kudozz.in/blog/creator-checkout,yes,1149,14,14,10,Answer;BlogPosting;BreadcrumbList;ContactPoint;Country;FAQPage;ImageObject;ListItem;Offer;OfferCatalog;Organization;Question;Service;WebPage;WebSite,Informational (creator),True
https://www.kudozz.in/blog/creator-client-management,Creator resource,Creator Client Management: Manage Multiple Brand Clients,56,Creator Client Management: How to Manage Multiple Brand Relationships at Once,"Creator client management: managing multiple brand relationships, communication standards, expectation setting, conflicts and exclusivity, account notes, renewal planning, difficult clients and ending relationships.",https://www.kudozz.in/blog/creator-client-management,yes,1071,13,20,12,Answer;BlogPosting;BreadcrumbList;ContactPoint;Country;FAQPage;ImageObject;ListItem;Offer;OfferCatalog;Organization;Question;Service;WebPage;WebSite,Informational (creator),True
https://www.kudozz.in/blog/creator-client-onboarding,Creator resource,Creator Client Onboarding: A Complete Process for New Clients,61,Creator Client Onboarding: A Complete Process for New Clients,"A client onboarding process for creator services: agreement and payment, welcome pack, intake and access, kickoff call, communication rules and a first quick win.",https://www.kudozz.in/blog/creator-client-onboarding,yes,1125,14,15,7,Answer;BlogPosting;BreadcrumbList;ContactPoint;Country;FAQPage;ImageObject;ListItem;Offer;OfferCatalog;Organization;Question;Service;WebPage;WebSite,Informational (creator),True
https://www.kudozz.in/blog/creator-coaching-business,Creator resource,Creator Coaching Business: Build a Coaching Offer — Kudozz,58,Creator Coaching Business: How to Turn Expertise Into a Coaching Offer,"How creators build a coaching business: one-to-one vs group coaching, programme design, session structure, accountability, ethical limits, pricing and capacity.",https://www.kudozz.in/blog/creator-coaching-business,yes,1161,14,15,6,Answer;BlogPosting;BreadcrumbList;ContactPoint;Country;FAQPage;ImageObject;ListItem;Offer;OfferCatalog;Organization;Question;Service;WebPage;WebSite,Informational (creator),True
https://www.kudozz.in/blog/creator-collaborations-with-other-influencers,Creator resource,"Creator-to-Creator Collaborations: Plan, Price and Manage",57,"Creator Collaboration With Other Influencers: How to Plan, Price and Manage Joint Campaigns","How creators can collaborate with other influencers: audience overlap, Instagram Collab posts, YouTube collaborations, podcasts, lives, joint brand campaigns, revenue sharing, pricing, contracts and a planning framework.",https://www.kudozz.in/blog/creator-collaborations-with-other-influencers,yes,1291,10,14,7,Answer;BlogPosting;BreadcrumbList;ContactPoint;Country;FAQPage;ImageObject;ListItem;Offer;OfferCatalog;Organization;Question;Service;WebPage;WebSite,Informational (creator),True
https://www.kudozz.in/blog/creator-commerce-india,Creator resource,Creator Commerce in India: Turning Content Into Sales,53,Creator Commerce in India: Complete Guide to Turning Content Into Sales,"Creator commerce in India: affiliate marketing, platform shopping, own digital and physical products, merchandise, co-created brand products and live commerce, with a content-to-sale funnel and commerce stack.",https://www.kudozz.in/blog/creator-commerce-india,yes,1373,14,23,11,Answer;BlogPosting;BreadcrumbList;ContactPoint;Country;FAQPage;ImageObject;ListItem;Offer;OfferCatalog;Organization;Question;Service;WebPage;WebSite,Informational (creator),True
https://www.kudozz.in/blog/creator-community-engagement,Creator resource,Creator Community Engagement: Build Real Conversations,54,Creator Community Engagement: How to Build Conversations Around Your Content,"How creators build conversations around content: prompts that invite replies, comment strategy, replying at scale, rituals, lives, moderation and measuring conversation.",https://www.kudozz.in/blog/creator-community-engagement,yes,1293,15,17,7,Answer;BlogPosting;BreadcrumbList;ContactPoint;Country;FAQPage;ImageObject;ListItem;Offer;OfferCatalog;Organization;Question;Service;WebPage;WebSite,Informational (creator),True
https://www.kudozz.in/blog/creator-competitor-analysis,Creator resource,Creator Competitor Analysis: Study Creators Without Copying,59,Creator Competitor Analysis: How to Study Other Creators Without Copying Them,"How creators analyse other creators without copying: who to study, what to compare, a comparison sheet, finding your own angle and the line between learning and copying.",https://www.kudozz.in/blog/creator-competitor-analysis,yes,1275,14,16,7,Answer;BlogPosting;BreadcrumbList;ContactPoint;Country;FAQPage;ImageObject;ListItem;Offer;OfferCatalog;Organization;Question;Service;WebPage;WebSite,Informational (creator),True
https://www.kudozz.in/blog/creator-consulting-services,Creator resource,How Creators Can Sell Consulting and Advisory Services,54,How Creators Can Sell Consulting and Advisory Services,"How creators sell consulting: who buys it, common offers, scoping advisory work, delivering useful recommendations, pricing structures, contracts and finding clients.",https://www.kudozz.in/blog/creator-consulting-services,yes,1160,14,16,7,Answer;BlogPosting;BreadcrumbList;ContactPoint;Country;FAQPage;ImageObject;ListItem;Offer;OfferCatalog;Organization;Question;Service;WebPage;WebSite,Informational (creator),True
https://www.kudozz.in/blog/creator-content-analytics,Creator resource,Creator Content Analytics: Find What Content Is Working,55,Creator Content Analytics: How to Identify What Content Is Actually Working,"Creator content analytics: define what 'working' means per goal, choose the right metrics, compare like with like, find patterns across posts, and turn insights into decisions, with a content scoring table.",https://www.kudozz.in/blog/creator-content-analytics,yes,996,11,17,13,Answer;BlogPosting;BreadcrumbList;ContactPoint;Country;FAQPage;ImageObject;ListItem;Offer;OfferCatalog;Organization;Question;Service;WebPage;WebSite,Informational (creator),True
https://www.kudozz.in/blog/creator-content-calendar,Creator resource,Creator Content Calendar: Plan 30 Days of Content — Kudozz,58,Creator Content Calendar: How to Plan 30 Days of Content Without Running Out of Ideas,"Creator content calendar: a 30-day planning framework using content pillars, series, search topics, Indian festivals and brand deliverables, with a fill-in template and monthly planning routine.",https://www.kudozz.in/blog/creator-content-calendar,yes,1402,13,20,15,Answer;BlogPosting;BreadcrumbList;ContactPoint;Country;FAQPage;ImageObject;ListItem;Offer;OfferCatalog;Organization;Question;Service;WebPage;WebSite,Informational (creator),True
https://www.kudozz.in/blog/creator-content-distribution,Creator resource,Creator Content Distribution: Get More Reach From Every Post,60,Creator Content Distribution: How to Get More Reach From Every Post,"How creators distribute content: owned channels, adapted cross-posting, Stories and channels, communities, collaborations, search and promotion without spam.",https://www.kudozz.in/blog/creator-content-distribution,yes,1225,14,19,9,Answer;BlogPosting;BreadcrumbList;ContactPoint;Country;FAQPage;ImageObject;ListItem;Offer;OfferCatalog;Organization;Question;Service;WebPage;WebSite,Informational (creator),True
https://www.kudozz.in/blog/creator-content-frameworks,Creator resource,Creator Content Frameworks: 15 Systems for Planning Content,59,Creator Content Frameworks: 15 Systems for Planning Better Content,"Fifteen content planning frameworks for creators, including Help-Hub-Hero, the 3E mix, problem-solution and series ladders, with when to use each and examples.",https://www.kudozz.in/blog/creator-content-frameworks,yes,1223,11,18,8,Answer;BlogPosting;BreadcrumbList;ContactPoint;Country;FAQPage;ImageObject;ListItem;Offer;OfferCatalog;Organization;Question;Service;WebPage;WebSite,Informational (creator),True
https://www.kudozz.in/blog/creator-content-licensing,Creator resource,Creator Content Licensing: How to License Content to Brands,59,Creator Content Licensing: How to License Your Content to Brands,"Creator content licensing explained: ownership vs licensing, organic, paid media, website and e-commerce use, duration, territory, platforms, editing, derivative works and exclusivity, with a licensing checklist.",https://www.kudozz.in/blog/creator-content-licensing,yes,1523,11,17,21,Answer;BlogPosting;BreadcrumbList;ContactPoint;Country;FAQPage;ImageObject;ListItem;Offer;OfferCatalog;Organization;Question;Service;WebPage;WebSite,Informational (creator),True
https://www.kudozz.in/blog/creator-content-mix-sponsored-organic,Creator resource,Creator Content Mix: Balance Sponsored and Organic Content,58,Creator Content Mix: How to Balance Sponsored and Organic Content,"How creators balance sponsored and organic content and decide how often to work with brands: sustainable share, spacing, monthly planning and platform differences.",https://www.kudozz.in/blog/creator-content-mix-sponsored-organic,yes,1373,15,18,7,Answer;BlogPosting;BreadcrumbList;ContactPoint;Country;FAQPage;ImageObject;ListItem;Offer;OfferCatalog;Organization;Question;Service;WebPage;WebSite,Informational (creator),True
https://www.kudozz.in/blog/creator-content-moderation,Creator resource,"Creator Content Moderation: Comments, Spam and Abuse",52,"Creator Content Moderation: How to Manage Comments, Spam and Harmful Content","Creator content moderation: community rules, Instagram Hidden Words, YouTube held comments and blocked words, spam, scams, harassment and moderators.",https://www.kudozz.in/blog/creator-content-moderation,yes,1336,14,14,5,Answer;BlogPosting;BreadcrumbList;ContactPoint;Country;FAQPage;ImageObject;ListItem;Offer;OfferCatalog;Organization;Question;Service;WebPage;WebSite,Informational (creator),True
https://www.kudozz.in/blog/creator-content-production-cost,Creator resource,Cost Per Content: Calculate Your Real Production Costs,54,Cost Per Content: How Creators Can Understand Their Real Production Costs,"How creators calculate cost per content: time, direct costs, equipment and software share and overheads by format, with a worksheet for pricing and planning.",https://www.kudozz.in/blog/creator-content-production-cost,yes,1410,14,17,10,Answer;BlogPosting;BreadcrumbList;ContactPoint;Country;FAQPage;ImageObject;ListItem;Offer;OfferCatalog;Organization;Question;Service;WebPage;WebSite,Commercial investigation (pricing),True
https://www.kudozz.in/blog/creator-content-quality-control,Creator resource,Creator Content Quality Control and Review Workflow — Kudozz,60,Creator Content Quality Control: How to Review Content Faster and Maintain Quality at Scale,"Creator content quality control: an internal approval workflow, quality checklists by format, faster reviews, feedback rules and brand approval handoffs.",https://www.kudozz.in/blog/creator-content-quality-control,yes,1237,11,17,10,Answer;BlogPosting;BreadcrumbList;ContactPoint;Country;FAQPage;ImageObject;ListItem;Offer;OfferCatalog;Organization;Question;Service;WebPage;WebSite,Informational (creator),True
https://www.kudozz.in/blog/creator-content-roi,Creator resource,Creator Content ROI: Measure Your Time and Money — Kudozz,57,Creator Content ROI: How to Measure Whether Your Time and Money Are Paying Off,"Creator content ROI: tracking time and cost per piece, outcomes (audience, leads, revenue), ROI by format, series and platform, an ROI worksheet with hypothetical numbers, and deciding what to produce.",https://www.kudozz.in/blog/creator-content-roi,yes,1004,11,17,10,Answer;BlogPosting;BreadcrumbList;ContactPoint;Country;FAQPage;ImageObject;ListItem;Offer;OfferCatalog;Organization;Question;Service;WebPage;WebSite,Informational (creator),True
https://www.kudozz.in/blog/creator-content-series,Creator resource,Creator Content Series: Turn One Idea Into a Franchise,54,Creator Content Series: How to Turn One Idea Into a Repeatable Content Franchise,"How creators build a content series: finding a repeatable idea, naming and branding it, format templates, episode planning, cross-platform series, sponsorship fit, measuring series performance and retiring series.",https://www.kudozz.in/blog/creator-content-series,yes,984,12,17,10,Answer;BlogPosting;BreadcrumbList;ContactPoint;Country;FAQPage;ImageObject;ListItem;Offer;OfferCatalog;Organization;Question;Service;WebPage;WebSite,Informational (creator),True
https://www.kudozz.in/blog/creator-content-strategy,Creator resource,Creator Content Strategy: Build a Repeatable Content System,59,Creator Content Strategy: How to Build a Repeatable Content System,"Creator content strategy as a system: audience, content pillars, formats, production, distribution and measurement, with a one-page template and quarterly review.",https://www.kudozz.in/blog/creator-content-strategy,yes,1465,17,22,13,Answer;BlogPosting;BreadcrumbList;ContactPoint;Country;FAQPage;ImageObject;ListItem;Offer;OfferCatalog;Organization;Question;Service;WebPage;WebSite,Informational (creator),True
https://www.kudozz.in/blog/creator-content-workflow,Creator resource,Creator Content Workflow: From Idea to Published Post,53,Creator Content Workflow: From Idea to Published Post,"A content workflow for creators: idea capture, selection, scripting, production, editing, quality checks, publishing and post-publish steps, with a checklist and team roles.",https://www.kudozz.in/blog/creator-content-workflow,yes,1321,12,20,9,Answer;BlogPosting;BreadcrumbList;ContactPoint;Country;FAQPage;ImageObject;ListItem;Offer;OfferCatalog;Organization;Question;Service;WebPage;WebSite,Informational (creator),True
https://www.kudozz.in/blog/creator-contracts,Creator resource,Creator Contracts: Agreements Every Creator Business Needs,58,Creator Contracts: The Agreements and Legal Documents a Creator Business Needs,"Creator contracts explained: brand deal, management, freelancer, licensing and collaboration agreements, records to keep and when to get legal help.",https://www.kudozz.in/blog/creator-contracts,yes,1677,12,18,11,Answer;BlogPosting;BreadcrumbList;ContactPoint;Country;FAQPage;ImageObject;ListItem;Offer;OfferCatalog;Organization;Question;Service;WebPage;WebSite,Informational (creator),True
https://www.kudozz.in/blog/creator-contracts-vs-emails,Creator resource,Creator Contracts vs Emails: What Should Be in Writing?,55,Creator Contracts vs Emails: What Should Be in Writing?,"When creators can rely on a confirmation email and when they need a signed contract: terms to put in writing, risk-based guidance and an email template.",https://www.kudozz.in/blog/creator-contracts-vs-emails,yes,1274,12,14,10,Answer;BlogPosting;BreadcrumbList;ContactPoint;Country;FAQPage;ImageObject;ListItem;Offer;OfferCatalog;Organization;Question;Service;WebPage;WebSite,Comparison,True
https://www.kudozz.in/blog/creator-conversion-rate,Creator resource,Creator Conversion Rate: Measure Content That Drives Sales,58,Creator Conversion Rate: How to Measure Content That Drives Sales,"Creator conversion rate explained: view-to-click and click-to-purchase rates, where to get data, what affects them, and how to improve conversion honestly.",https://www.kudozz.in/blog/creator-conversion-rate,yes,1363,13,15,10,Answer;BlogPosting;BreadcrumbList;ContactPoint;Country;FAQPage;ImageObject;ListItem;Offer;OfferCatalog;Organization;Question;Service;WebPage;WebSite,Informational (creator),True
https://www.kudozz.in/blog/creator-copyright,Creator resource,Creator Copyright: Protect Your Original Content in India,57,Creator Copyright: Complete Guide to Protecting Your Original Content,"Creator copyright guide for India: original works, automatic protection and optional registration, ownership with editors and brands, licensing, reuploads, fair dealing and transformation, platform reporting and documentation.",https://www.kudozz.in/blog/creator-copyright,yes,1309,14,16,13,Answer;BlogPosting;BreadcrumbList;ContactPoint;Country;FAQPage;ImageObject;ListItem;Offer;OfferCatalog;Organization;Question;Service;WebPage;WebSite,Informational (creator),True
https://www.kudozz.in/blog/creator-course-business,Creator resource,Creator Course Business: Build and Sell an Online Course,56,Creator Course Business: How to Build and Sell an Online Course,"The creator course business end to end: course formats, validation, building a course people finish, platforms and payments in India, support, refunds and fit.",https://www.kudozz.in/blog/creator-course-business,yes,1136,12,18,11,Answer;BlogPosting;BreadcrumbList;ContactPoint;Country;FAQPage;ImageObject;ListItem;Offer;OfferCatalog;Organization;Question;Service;WebPage;WebSite,Informational (creator),True
https://www.kudozz.in/blog/creator-course-launch,Creator resource,Creator Course Launch Strategy: From Audience to First Sale,59,Creator Course Launch Strategy: From Audience Building to First Sale,"How creators launch a course: waitlist, a free workshop or webinar as the launch event, open-cart week, email sequences, founding cohorts, objections and evergreen.",https://www.kudozz.in/blog/creator-course-launch,yes,1061,13,16,9,Answer;BlogPosting;BreadcrumbList;ContactPoint;Country;FAQPage;ImageObject;ListItem;Offer;OfferCatalog;Organization;Question;Service;WebPage;WebSite,Informational (creator),True
https://www.kudozz.in/blog/creator-course-pricing,Creator resource,Creator Course Pricing: How Much Should an Online Course Cost?,62,Creator Course Pricing: How Much Should an Online Course Cost?,"How creators price online courses: outcome value, format and support, audience budget, tiers, cohort vs self-paced, payment plans, launch pricing and fees.",https://www.kudozz.in/blog/creator-course-pricing,yes,1177,14,16,5,Answer;BlogPosting;BreadcrumbList;ContactPoint;Country;FAQPage;ImageObject;ListItem;Offer;OfferCatalog;Organization;Question;Service;WebPage;WebSite,Commercial investigation (pricing),True
https://www.kudozz.in/blog/creator-course-topic,Creator resource,How to Choose a Course Topic People Will Pay to Learn,53,How to Choose a Course Topic People Will Pay to Learn,"How creators choose a course topic people will pay for: demand signals, narrowing to an outcome, credibility, alternatives, a scoring sheet and testing first.",https://www.kudozz.in/blog/creator-course-topic,yes,1177,13,15,6,Answer;BlogPosting;BreadcrumbList;ContactPoint;Country;FAQPage;ImageObject;ListItem;Offer;OfferCatalog;Organization;Question;Service;WebPage;WebSite,Informational (creator),True
https://www.kudozz.in/blog/creator-crisis-communication,Creator resource,Creator Crisis Communication: What to Say and When — Kudozz,59,Creator Crisis Communication: How to Respond to Brands and Audiences When Something Goes Wrong,"Creator crisis communication: who to tell first, timing, holding statements, apologies, corrections, brand partner messages and templates to adapt.",https://www.kudozz.in/blog/creator-crisis-communication,yes,1457,14,13,8,Answer;BlogPosting;BreadcrumbList;ContactPoint;Country;FAQPage;ImageObject;ListItem;Offer;OfferCatalog;Organization;Question;Service;WebPage;WebSite,Informational (creator),True
https://www.kudozz.in/blog/creator-crisis-management,Creator resource,Creator Crisis Management: Respond When Things Go Wrong,55,Creator Crisis Management: How to Respond When Content or Brand Partnerships Go Wrong,"Creator crisis response: pause, verify, communicate, correct, document and learn, applied to sponsored backlash, complaints, errors, disclosure slips and copyright disputes.",https://www.kudozz.in/blog/creator-crisis-management,yes,1671,18,20,11,Answer;BlogPosting;BreadcrumbList;ContactPoint;Country;FAQPage;ImageObject;ListItem;Offer;OfferCatalog;Organization;Question;Service;WebPage;WebSite,Informational (creator),True
https://www.kudozz.in/blog/creator-crm,Creator resource,"Creator CRM: Track Brand Leads, Deals and Follow-Ups",52,"Creator CRM: How to Track Brand Leads, Deals and Follow-Ups","Creator CRM explained: fields for brands, contacts, deals and follow-ups, spreadsheet vs tool, setup in an afternoon, and habits that keep it up to date.",https://www.kudozz.in/blog/creator-crm,yes,1569,13,18,13,Answer;BlogPosting;BreadcrumbList;ContactPoint;Country;FAQPage;ImageObject;ListItem;Offer;OfferCatalog;Organization;Question;Service;WebPage;WebSite,Informational (creator),True
https://www.kudozz.in/blog/creator-cross-promotion,Creator resource,Creator Cross-Promotion: Grow Together Without Competing,56,Creator Cross-Promotion: How Creators Can Grow Together Without Competing,"Creator cross-promotion: recommendation swaps, shout-outs, newsletter and channel features, playlists, collab posts and creator circles, keeping it fair, disclosure when money or gifts are involved, and measuring results.",https://www.kudozz.in/blog/creator-cross-promotion,yes,969,12,15,10,Answer;BlogPosting;BreadcrumbList;ContactPoint;Country;FAQPage;ImageObject;ListItem;Offer;OfferCatalog;Organization;Question;Service;WebPage;WebSite,Informational (creator),True
https://www.kudozz.in/blog/creator-customer-journey,Creator resource,Creator-to-Customer Journey: From First View to Purchase,56,Creator-to-Customer Journey: From First View to Purchase,"Map your creator-to-customer journey from the audience's side: questions and friction at each step from first view to purchase and repurchase, with a template.",https://www.kudozz.in/blog/creator-customer-journey,yes,1074,11,16,6,Answer;BlogPosting;BreadcrumbList;ContactPoint;Country;FAQPage;ImageObject;ListItem;Offer;OfferCatalog;Organization;Question;Service;WebPage;WebSite,Informational (creator),True
https://www.kudozz.in/blog/creator-deliverables,Creator resource,Creator Deliverables: How to Define a Brand Deal's Scope,56,Creator Deliverables: How to Define What You Are Actually Agreeing to,"Creator deliverables explained: content formats, number of posts, Stories, Reels, Shorts, YouTube integrations, raw footage, captions, links, tags, revisions, reporting and deadlines, with a deliverables checklist.",https://www.kudozz.in/blog/creator-deliverables,yes,1264,11,15,17,Answer;BlogPosting;BreadcrumbList;ContactPoint;Country;FAQPage;ImageObject;ListItem;Offer;OfferCatalog;Organization;Question;Service;WebPage;WebSite,Informational (creator),True
https://www.kudozz.in/blog/creator-digital-product-pricing,Creator resource,Creator Digital Product Pricing: How Much Should You Charge?,60,Creator Digital Product Pricing: How Much Should You Charge?,"How creators price digital products: value, audience budget, alternatives, tiers and bundles, launch pricing, fees, GST considerations and when to change prices.",https://www.kudozz.in/blog/creator-digital-product-pricing,yes,1147,13,16,12,Answer;BlogPosting;BreadcrumbList;ContactPoint;Country;FAQPage;ImageObject;ListItem;Offer;OfferCatalog;Organization;Question;Service;WebPage;WebSite,Commercial investigation (pricing),True
https://www.kudozz.in/blog/creator-digital-product-validation,Creator resource,Digital Product Validation: Test an Idea Before You Build,57,Creator Digital Product Validation: How to Test an Idea Before Building It,"How creators validate a digital product idea before building: demand signals, waitlists, pre-sales, pilots and paid workshops, evidence thresholds and next steps.",https://www.kudozz.in/blog/creator-digital-product-validation,yes,1154,12,15,12,Answer;BlogPosting;BreadcrumbList;ContactPoint;Country;FAQPage;ImageObject;ListItem;Offer;OfferCatalog;Organization;Question;Service;WebPage;WebSite,Informational (creator),True
https://www.kudozz.in/blog/creator-disclosure-guide,Creator resource,Creator Disclosure Guide: Disclose Sponsored Content in India,61,Creator Disclosure Guide: How to Disclose Sponsored Content and Brand Partnerships,"Creator disclosure guide for India: what counts as a material connection, ASCI and Department of Consumer Affairs guidance, labels, placement by format, platform tools on Instagram and YouTube, and common mistakes.",https://www.kudozz.in/blog/creator-disclosure-guide,yes,1140,10,19,38,Answer;BlogPosting;BreadcrumbList;ContactPoint;Country;FAQPage;ImageObject;ListItem;Offer;OfferCatalog;Organization;Question;Service;WebPage;WebSite,Informational (creator),True
https://www.kudozz.in/blog/creator-discount-codes,Creator resource,Creator Discount Codes: Use Promo Codes to Measure Sales,56,Creator Discount Codes: How to Use Promo Codes to Measure Sales,"How creators use discount codes to track sales: unique codes, naming, terms to agree, coupon-site leakage, disclosure, reporting and combining codes with links.",https://www.kudozz.in/blog/creator-discount-codes,yes,1351,15,16,6,Answer;BlogPosting;BreadcrumbList;ContactPoint;Country;FAQPage;ImageObject;ListItem;Offer;OfferCatalog;Organization;Question;Service;WebPage;WebSite,Informational (creator),True
https://www.kudozz.in/blog/creator-discovery-call,Creator resource,Creator Discovery Call: Run a Call With a Potential Client,58,Creator Discovery Call: How to Structure a Call With a Potential Client,"How creators run discovery calls: pre-call qualification, a 30-minute structure, questions to ask, presenting the offer and price, objections and follow-up.",https://www.kudozz.in/blog/creator-discovery-call,yes,1170,12,14,8,Answer;BlogPosting;BreadcrumbList;ContactPoint;Country;FAQPage;ImageObject;ListItem;Offer;OfferCatalog;Organization;Question;Service;WebPage;WebSite,Informational (creator),True
https://www.kudozz.in/blog/creator-discovery-platform,Blog (brand),Creator Discovery Platforms: How They Work and What to Check,60,Creator Discovery Platform: How Brands Can Find the Right Creators,"How creator discovery platforms work: data sources, search methods, key filters, audience data accuracy, India coverage and a checklist for choosing one.",https://www.kudozz.in/blog/creator-discovery-platform,yes,1245,11,16,10,Answer;BlogPosting;BreadcrumbList;ContactPoint;Country;FAQPage;ImageObject;ListItem;Offer;OfferCatalog;Organization;Question;Service;WebPage;WebSite,Informational (brand),True
https://www.kudozz.in/blog/creator-ebooks,Creator resource,"Creator Ebooks: How to Write, Publish and Sell an Ebook",55,"Creator Ebooks: How to Write, Publish and Sell an Ebook","How creators write, publish and sell an ebook: focused topics, outlining from audience questions, writing and editing, design and formats, where to sell, pricing and marketing.",https://www.kudozz.in/blog/creator-ebooks,yes,1142,14,16,6,Answer;BlogPosting;BreadcrumbList;ContactPoint;Country;FAQPage;ImageObject;ListItem;Offer;OfferCatalog;Organization;Question;Service;WebPage;WebSite,Informational (creator),True
https://www.kudozz.in/blog/creator-economy-value-chain,Blog (brand),Creator Economy Value Chain and Business Models — Kudozz,56,"The Creator Economy Value Chain: How Money Moves Between Brands, Creators and Platforms","How money moves in the creator economy: five money flows, the players at each layer, where margin sits, and the business models built around creators.",https://www.kudozz.in/blog/creator-economy-value-chain,yes,1467,10,28,4,Answer;BlogPosting;BreadcrumbList;ContactPoint;Country;FAQPage;ImageObject;ListItem;Offer;OfferCatalog;Organization;Question;Service;WebPage;WebSite,Informational (brand),True
https://www.kudozz.in/blog/creator-email-funnel,Creator resource,Creator Email Funnel: Turn Subscribers Into Customers,53,Creator Email Funnel: How to Turn Subscribers Into Customers,"How creators build email funnels: welcome, nurture and offer sequences, segmentation, writing emails people read, timing offers, consent and key metrics.",https://www.kudozz.in/blog/creator-email-funnel,yes,1080,13,14,8,Answer;BlogPosting;BreadcrumbList;ContactPoint;Country;FAQPage;ImageObject;ListItem;Offer;OfferCatalog;Organization;Question;Service;WebPage;WebSite,Informational (creator),True
https://www.kudozz.in/blog/creator-engagement-analytics,Creator resource,Creator Engagement Analytics: What Your Audience Likes,54,Creator Engagement Analytics: How to Understand What Your Audience Really Likes,"Creator engagement analytics: what likes, comments, saves, shares, replies and DMs each signal, comment analysis, engagement per 1,000 views, patterns by topic and format, and turning insights into content.",https://www.kudozz.in/blog/creator-engagement-analytics,yes,958,11,16,6,Answer;BlogPosting;BreadcrumbList;ContactPoint;Country;FAQPage;ImageObject;ListItem;Offer;OfferCatalog;Organization;Question;Service;WebPage;WebSite,Informational (creator),True
https://www.kudozz.in/blog/creator-exclusivity,Creator resource,Creator Exclusivity in Brand Deals: Meaning and Negotiation,59,Creator Exclusivity: What It Means and How to Negotiate It in Brand Deals,"Creator exclusivity explained: category, competitor, platform and geographic exclusivity, duration, why exclusivity has economic value, questions to ask and how to negotiate it, with examples.",https://www.kudozz.in/blog/creator-exclusivity,yes,1834,12,15,17,Answer;BlogPosting;BreadcrumbList;ContactPoint;Country;FAQPage;ImageObject;ListItem;Offer;OfferCatalog;Organization;Question;Service;WebPage;WebSite,Informational (creator),True
https://www.kudozz.in/blog/creator-file-management,Creator resource,Creator File Management: Organise Content and Assets,52,"Creator File Management: How to Organise Content, Contracts and Brand Assets","Creator file management: a folder structure, naming conventions, a brand asset kit with bios and headshots, video storage, sharing and a monthly tidy-up.",https://www.kudozz.in/blog/creator-file-management,yes,1309,12,15,8,Answer;BlogPosting;BreadcrumbList;ContactPoint;Country;FAQPage;ImageObject;ListItem;Offer;OfferCatalog;Organization;Question;Service;WebPage;WebSite,Informational (creator),True
https://www.kudozz.in/blog/creator-financial-planning,Creator resource,Creator Financial Planning: Manage Irregular Creator Income,59,Creator Financial Planning: How to Manage Irregular Creator Income,"Financial planning for creators with irregular income: separate accounts, paying yourself a steady amount, buffers, setting aside tax and when to get professional advice.",https://www.kudozz.in/blog/creator-financial-planning,yes,1196,13,16,10,Answer;BlogPosting;BreadcrumbList;ContactPoint;Country;FAQPage;ImageObject;ListItem;Offer;OfferCatalog;Organization;Question;Service;WebPage;WebSite,Informational (creator),True
https://www.kudozz.in/blog/creator-funnel,Creator resource,Creator Funnel: How to Turn Social Followers Into Customers,59,Creator Funnel: How to Turn Social Followers Into Customers,"The creator funnel explained: discovery, trust, owned audience, offer and retention stages, assets and metrics for each, and a worked example for an Indian creator.",https://www.kudozz.in/blog/creator-funnel,yes,1483,16,29,11,Answer;BlogPosting;BreadcrumbList;ContactPoint;Country;FAQPage;ImageObject;ListItem;Offer;OfferCatalog;Organization;Question;Service;WebPage;WebSite,Informational (creator),True
https://www.kudozz.in/blog/creator-gift-guides,Creator resource,Creator Gift Guides: Build Recommendation Content That Earns,60,Creator Gift Guides: How to Build Monetizable Recommendation Content,"How creators build gift guides people use: angles, price bands, curation, formats by platform, Indian gifting occasions, affiliate and sponsor slots, and disclosure.",https://www.kudozz.in/blog/creator-gift-guides,yes,993,12,15,5,Answer;BlogPosting;BreadcrumbList;ContactPoint;Country;FAQPage;ImageObject;ListItem;Offer;OfferCatalog;Organization;Question;Service;WebPage;WebSite,Informational (creator),True
https://www.kudozz.in/blog/creator-goals,Creator resource,How to Set Creator Goals That Improve Your Business — Kudozz,60,How to Set Creator Goals That Actually Improve Your Business,"How creators set useful goals: outcome, input and learning goals, choosing goals by business stage, measurable targets without vanity metrics, and monthly reviews.",https://www.kudozz.in/blog/creator-goals,yes,1336,13,17,7,Answer;BlogPosting;BreadcrumbList;ContactPoint;Country;FAQPage;ImageObject;ListItem;Offer;OfferCatalog;Organization;Question;Service;WebPage;WebSite,Informational (creator),True
https://www.kudozz.in/blog/creator-growth-strategy,Creator resource,Creator Growth Strategy: Grow Without Chasing Trends,52,Creator Growth Strategy: How to Build an Audience Without Chasing Every Trend,"Creator growth strategy: sustainable growth loops (search, series, community, collaboration), using trends selectively, balancing reach and depth, owned audience, and avoiding burnout.",https://www.kudozz.in/blog/creator-growth-strategy,yes,1065,12,27,10,Answer;BlogPosting;BreadcrumbList;ContactPoint;Country;FAQPage;ImageObject;ListItem;Offer;OfferCatalog;Organization;Question;Service;WebPage;WebSite,Informational (creator),True
https://www.kudozz.in/blog/creator-impersonation,Creator resource,Creator Impersonation: Report Fake Accounts — Kudozz,52,Creator Impersonation: How to Protect Your Identity and Report Fake Accounts,"Creator impersonation: fake profiles, identity and likeness misuse, reporting impersonation on Instagram and YouTube, YouTube likeness detection, verification, evidence preservation and audience communication.",https://www.kudozz.in/blog/creator-impersonation,yes,1115,11,18,10,Answer;BlogPosting;BreadcrumbList;ContactPoint;Country;FAQPage;ImageObject;ListItem;Offer;OfferCatalog;Organization;Question;Service;WebPage;WebSite,Informational (creator),True
https://www.kudozz.in/blog/creator-income-tracker,Creator resource,Creator Income Tracker: Track Brand Deals and Revenue,53,Creator Income Tracker: How to Track Brand Deals and Creator Revenue,"How creators track income: columns for every revenue stream, invoiced vs received, TDS and GST, monthly reconciliation and the reports a tracker gives you.",https://www.kudozz.in/blog/creator-income-tracker,yes,1256,12,20,16,Answer;BlogPosting;BreadcrumbList;ContactPoint;Country;FAQPage;ImageObject;ListItem;Offer;OfferCatalog;Organization;Question;Service;WebPage;WebSite,Informational (creator),True
https://www.kudozz.in/blog/creator-intellectual-property,Creator resource,Creator Intellectual Property: What You Own — Kudozz,52,Creator Intellectual Property: What Creators Own and What They Don't,"What creators own: copyright, trademarks, personality rights, platform licences, brand and freelancer work, AI content, and how to protect each in India.",https://www.kudozz.in/blog/creator-intellectual-property,yes,1448,12,17,10,Answer;BlogPosting;BreadcrumbList;ContactPoint;Country;FAQPage;ImageObject;ListItem;Offer;OfferCatalog;Organization;Question;Service;WebPage;WebSite,Informational (creator),True
https://www.kudozz.in/blog/creator-invoice-management,Creator resource,Creator Invoice Management and Payment Tracking — Kudozz,56,Creator Invoice Management: How to Track Brand Deals From Invoice to Payment,"Creator invoice management: an invoice log, payment statuses, due dates, TDS matching, a weekly check, an ageing view and handling partial payments.",https://www.kudozz.in/blog/creator-invoice-management,yes,1269,12,15,10,Answer;BlogPosting;BreadcrumbList;ContactPoint;Country;FAQPage;ImageObject;ListItem;Offer;OfferCatalog;Organization;Question;Service;WebPage;WebSite,Informational (creator),True
https://www.kudozz.in/blog/creator-landing-pages,Creator resource,Creator Landing Pages: Turn Social Traffic Into Sign-Ups,56,"Creator Landing Pages: How to Turn Social Traffic Into Subscribers, Leads and Sales","How creators build landing pages that convert social traffic: one goal, message match, page structure, mobile and UPI checkout, trust, consent and tracking.",https://www.kudozz.in/blog/creator-landing-pages,yes,1122,13,19,10,Answer;BlogPosting;BreadcrumbList;ContactPoint;Country;FAQPage;ImageObject;ListItem;Offer;OfferCatalog;Organization;Question;Service;WebPage;WebSite,Informational (creator),True
https://www.kudozz.in/blog/creator-lead-magnets,Creator resource,Creator Lead Magnets: 20 Ideas to Grow Your Email List,54,Creator Lead Magnets: 20 Ideas to Turn Followers Into Email Subscribers,"Twenty lead magnet ideas for creators, what makes one worth an email address, building one in a weekend, promotion, consent and a welcome sequence.",https://www.kudozz.in/blog/creator-lead-magnets,yes,1258,12,15,12,Answer;BlogPosting;BreadcrumbList;ContactPoint;Country;FAQPage;ImageObject;ListItem;Offer;OfferCatalog;Organization;Question;Service;WebPage;WebSite,Informational (creator),True
https://www.kudozz.in/blog/creator-led-b2b-marketing,Blog (brand),Creator-Led B2B Marketing: Build Demand Through Creators,56,Creator-Led B2B Marketing: How Companies Can Build Demand Through Creators,"Build B2B demand through creators: buying-committee mapping, always-on programs, conversion paths, pipeline attribution, budgeting and a 90-day plan.",https://www.kudozz.in/blog/creator-led-b2b-marketing,yes,1503,14,18,78,Answer;BlogPosting;BreadcrumbList;ContactPoint;Country;FAQPage;ImageObject;ListItem;Offer;OfferCatalog;Organization;Question;Service;WebPage;WebSite,Informational (brand),True
https://www.kudozz.in/blog/creator-management-agency-business-model,Creator resource,Creator Agency Revenue Model: 10 Ways Agencies Earn — Kudozz,60,Creator Management Agency Business Model: How Agencies Make Money,"Creator agency revenue model: 10 revenue streams, how commission structures work, incentives, unit economics per creator and a revenue calculator.",https://www.kudozz.in/blog/creator-management-agency-business-model,yes,1747,12,17,13,Answer;BlogPosting;BreadcrumbList;ContactPoint;Country;FAQPage;ImageObject;ListItem;Offer;OfferCatalog;Organization;Question;Service;WebPage;WebSite,Informational (creator),True
https://www.kudozz.in/blog/creator-manager-vs-agency,Creator resource,Creator Manager vs Agency vs Independent: Which Fits You?,57,Creator Agency vs Independent Creator: When Should You Work With a Manager or Agency?,"A neutral comparison of independent creators, talent managers, creator agencies, influencer marketing agencies and MCNs: services, fees, control, contracts and fit.",https://www.kudozz.in/blog/creator-manager-vs-agency,yes,1679,15,21,18,Answer;BlogPosting;BreadcrumbList;ContactPoint;Country;FAQPage;ImageObject;ListItem;Offer;OfferCatalog;Organization;Question;Service;WebPage;WebSite,Comparison,True
https://www.kudozz.in/blog/creator-marketplace,Blog (brand),Creator Marketplace: How Brand–Creator Platforms Work,53,Creator Marketplace: How Brand–Creator Marketplaces Work,"How creator marketplaces work for brands, creators and platforms: types, campaign flow, platform-native options in India, and database and network compared.",https://www.kudozz.in/blog/creator-marketplace,yes,1690,10,18,11,Answer;BlogPosting;BreadcrumbList;ContactPoint;Country;FAQPage;ImageObject;ListItem;Offer;OfferCatalog;Organization;Question;Service;WebPage;WebSite,Informational (brand),True
https://www.kudozz.in/blog/creator-marketplace-business-model,Blog (brand),Creator Marketplace Business Model and Fees — Kudozz,52,Creator Marketplace Business Model: How Platforms Make Money,"How creator marketplaces make money and charge: take rates, subscriptions, managed fees, what brands and creators pay, plus a marketplace fee calculator.",https://www.kudozz.in/blog/creator-marketplace-business-model,yes,1297,10,15,6,Answer;BlogPosting;BreadcrumbList;ContactPoint;Country;FAQPage;ImageObject;ListItem;Offer;OfferCatalog;Organization;Question;Service;WebPage;WebSite,Informational (brand),True
https://www.kudozz.in/blog/creator-marketplace-trust-safety,Blog (brand),Creator Marketplace Trust and Safety — Kudozz,45,Creator Marketplace Trust & Safety: How Platforms Protect Brands and Creators,"Creator marketplace trust and safety: verification, fraud and scams, payment protection, disputes, disclosure, data protection and T&S operations.",https://www.kudozz.in/blog/creator-marketplace-trust-safety,yes,1257,13,16,4,Answer;BlogPosting;BreadcrumbList;ContactPoint;Country;FAQPage;ImageObject;ListItem;Offer;OfferCatalog;Organization;Question;Service;WebPage;WebSite,Informational (brand),True
https://www.kudozz.in/blog/creator-matching,Blog (brand),Creator Matching: How Brand–Creator Matching Works — Kudozz,59,Creator Matching: How Platforms Match Brands With the Right Creators,"How brand–creator matching works: matching signals, rules, scoring, similarity and two-sided methods, human review, fairness and a matching framework.",https://www.kudozz.in/blog/creator-matching,yes,1206,10,14,6,Answer;BlogPosting;BreadcrumbList;ContactPoint;Country;FAQPage;ImageObject;ListItem;Offer;OfferCatalog;Organization;Question;Service;WebPage;WebSite,Informational (brand),True
https://www.kudozz.in/blog/creator-media-kit,Creator resource,Creator Media Kit: What to Include and How to Make One,54,Creator Media Kit: How to Create a Media Kit That Gets Brand Deals,"How to create a creator media kit brands actually read: what to include, audience and performance data, rates or no rates, PDF vs online, and a page-by-page structure.",https://www.kudozz.in/blog/creator-media-kit,yes,2667,15,25,30,Answer;BlogPosting;BreadcrumbList;ContactPoint;Country;FAQPage;ImageObject;ListItem;Offer;OfferCatalog;Organization;Question;Service;WebPage;WebSite,Informational (creator),True
https://www.kudozz.in/blog/creator-memberships,Creator resource,Creator Memberships: How to Build Recurring Revenue — Kudozz,60,Creator Memberships: How to Build Recurring Revenue From Your Audience,"Creator memberships explained: recurring revenue models, YouTube channel memberships, Instagram subscriptions, website memberships, tier and perk design, pricing, churn, and payments in India.",https://www.kudozz.in/blog/creator-memberships,yes,1303,12,22,21,Answer;BlogPosting;BreadcrumbList;ContactPoint;Country;FAQPage;ImageObject;ListItem;Offer;OfferCatalog;Organization;Question;Service;WebPage;WebSite,Informational (creator),True
https://www.kudozz.in/blog/creator-monetization-india,Creator resource,Creator Monetization in India: 12 Ways Beyond Brand Deals,57,Creator Monetization in India: 20 Revenue Streams and How to Build Your Strategy,"Creator monetization in India: 12 income streams beyond brand deals, including UGC, affiliate marketing, YouTube Shopping, memberships, subscriptions, digital products, courses, consulting, events, licensing and merchandise.",https://www.kudozz.in/blog/creator-monetization-india,yes,2309,13,38,14,Answer;BlogPosting;BreadcrumbList;ContactPoint;Country;FAQPage;ImageObject;ListItem;Offer;OfferCatalog;Organization;Question;Service;WebPage;WebSite,Informational (creator),True
https://www.kudozz.in/blog/creator-networking,Creator resource,Creator Networking: Build Relationships in the Creator Economy,62,Creator Networking: How to Build Professional Relationships in the Creator Economy,"Creator networking: building relationships with peers, brand and agency teams, editors and industry people, where to meet them in India, online networking, follow-up habits and a simple relationship tracker.",https://www.kudozz.in/blog/creator-networking,yes,959,12,15,7,Answer;BlogPosting;BreadcrumbList;ContactPoint;Country;FAQPage;ImageObject;ListItem;Offer;OfferCatalog;Organization;Question;Service;WebPage;WebSite,Informational (creator),True
https://www.kudozz.in/blog/creator-newsletter-india,Creator resource,How to Build an Email Newsletter as a Creator in India,54,How to Build an Email Newsletter as a Creator in India,"How to build an email newsletter as a creator in India: why email matters, choosing a format and platform, lead magnets, growing subscribers from social, writing issues, frequency, deliverability and consent.",https://www.kudozz.in/blog/creator-newsletter-india,yes,1608,16,15,19,Answer;BlogPosting;BreadcrumbList;ContactPoint;Country;FAQPage;ImageObject;ListItem;Offer;OfferCatalog;Organization;Question;Service;WebPage;WebSite,Informational (creator),True
https://www.kudozz.in/blog/creator-newsletter-monetization,Creator resource,Creator Newsletter Monetization: How to Earn From Email,55,Creator Newsletter Monetization: How to Make Money From Your Email Audience,"Creator newsletter monetization: newsletter sponsorships, paid subscriptions, digital products, affiliate links, services and events, with a pricing framework, sponsor pitch and mistakes to avoid.",https://www.kudozz.in/blog/creator-newsletter-monetization,yes,1299,11,19,6,Answer;BlogPosting;BreadcrumbList;ContactPoint;Country;FAQPage;ImageObject;ListItem;Offer;OfferCatalog;Organization;Question;Service;WebPage;WebSite,Informational (creator),True
https://www.kudozz.in/blog/creator-niche-selection,Creator resource,Creator Niche Selection: How to Choose a Niche Brands Hire For,62,Creator Niche Selection: How to Choose a Niche Brands Actually Hire For,"How to choose a creator niche brands hire for: broad vs narrow niches, audience demand, expertise, sustainability, brand demand, monetization, competition, regional-language opportunities and sub-niches.",https://www.kudozz.in/blog/creator-niche-selection,yes,1480,11,16,11,Answer;BlogPosting;BreadcrumbList;ContactPoint;Country;FAQPage;ImageObject;ListItem;Offer;OfferCatalog;Organization;Question;Service;WebPage;WebSite,Informational (creator),True
https://www.kudozz.in/blog/creator-offer-packaging,Creator resource,How to Package Your Expertise Into a High-Value Offer,53,How to Package Your Expertise Into a High-Value Creator Offer,"How creators package expertise into a sellable offer: the outcome, vehicle, scope, deliverables, support level, productised services and an offer builder template.",https://www.kudozz.in/blog/creator-offer-packaging,yes,1143,13,16,9,Answer;BlogPosting;BreadcrumbList;ContactPoint;Country;FAQPage;ImageObject;ListItem;Offer;OfferCatalog;Organization;Question;Service;WebPage;WebSite,Informational (creator),True
https://www.kudozz.in/blog/creator-operations,Creator resource,Creator Operations: Run Your Content Business Like a Company,60,Creator Operations: How to Run Your Content Business Like a Company,"Creator operations explained: the eight business systems professional creators run, an operating rhythm, stage-by-stage setups and a plan to fix chaos.",https://www.kudozz.in/blog/creator-operations,yes,2130,14,22,14,Answer;BlogPosting;BreadcrumbList;ContactPoint;Country;FAQPage;ImageObject;ListItem;Offer;OfferCatalog;Organization;Question;Service;WebPage;WebSite,Informational (creator),True
https://www.kudozz.in/blog/creator-operations-checklist,Creator resource,Creator Operations Checklist: 30 Processes to Review,52,Creator Operations Checklist: 30 Processes to Run Your Creator Business,"Interactive creator operations checklist: score 30 processes across brand deals, delivery, content, finance, team and protection, then fix the gaps first.",https://www.kudozz.in/blog/creator-operations-checklist,yes,1462,10,16,6,Answer;BlogPosting;BreadcrumbList;ContactPoint;Country;FAQPage;ImageObject;ListItem;Offer;OfferCatalog;Organization;Question;Service;WebPage;WebSite,Informational (creator),True
https://www.kudozz.in/blog/creator-opportunity-cost,Creator resource,Creator Opportunity Cost: How to Choose Which Deals to Accept,61,Creator Opportunity Cost: How to Decide Which Brand Deals to Accept,"How creators judge opportunity cost when choosing brand deals: capacity, exclusivity, audience attention, content slots and energy, with a framework for comparing offers.",https://www.kudozz.in/blog/creator-opportunity-cost,yes,1403,14,16,7,Answer;BlogPosting;BreadcrumbList;ContactPoint;Country;FAQPage;ImageObject;ListItem;Offer;OfferCatalog;Organization;Question;Service;WebPage;WebSite,Commercial investigation (pricing),True
https://www.kudozz.in/blog/creator-outsourcing,Creator resource,Creator Outsourcing: What to Delegate First — Kudozz,52,Creator Outsourcing: What Should Creators Delegate First?,"What creators should outsource first: a keep, delegate, outsource, automate or hire framework, a free delegation calculator and a safe handover process.",https://www.kudozz.in/blog/creator-outsourcing,yes,1430,12,18,9,Answer;BlogPosting;BreadcrumbList;ContactPoint;Country;FAQPage;ImageObject;ListItem;Offer;OfferCatalog;Organization;Question;Service;WebPage;WebSite,Informational (creator),True
https://www.kudozz.in/blog/creator-paid-community-india,Creator resource,How to Build a Paid Community as a Creator in India — Kudozz,60,How to Build a Paid Community as a Creator in India,"How to build a paid community as a creator in India: when to charge, community offer design, pricing in INR, platforms, payments and renewals, onboarding, moderation, retention and mistakes.",https://www.kudozz.in/blog/creator-paid-community-india,yes,1537,14,17,9,Answer;BlogPosting;BreadcrumbList;ContactPoint;Country;FAQPage;ImageObject;ListItem;Offer;OfferCatalog;Organization;Question;Service;WebPage;WebSite,Informational (creator),True
https://www.kudozz.in/blog/creator-payment-terms,Creator resource,"Creator Payment Terms: Advances, Deadlines and Follow-Ups",57,Creator Payment Terms: How to Negotiate Advance Payments and Payment Deadlines,"Creator payment terms explained: advance payments, milestone payments, payment on publication, payment after campaign, deadlines, purchase orders, invoices, late payment and follow-ups, with a payment terms checklist.",https://www.kudozz.in/blog/creator-payment-terms,yes,1297,9,16,19,Answer;BlogPosting;BreadcrumbList;ContactPoint;Country;FAQPage;ImageObject;ListItem;Offer;OfferCatalog;Organization;Question;Service;WebPage;WebSite,Informational (creator),True
https://www.kudozz.in/blog/creator-paywall-content,Creator resource,What to Put Behind a Paywall: Free vs Paid Creator Content,58,How to Decide What to Put Behind a Creator Paywall,"How creators decide what to paywall: the job of free content, what people pay for, a free vs paid decision table, the content funnel and paywall mistakes.",https://www.kudozz.in/blog/creator-paywall-content,yes,1162,13,16,5,Answer;BlogPosting;BreadcrumbList;ContactPoint;Country;FAQPage;ImageObject;ListItem;Offer;OfferCatalog;Organization;Question;Service;WebPage;WebSite,Comparison,True
https://www.kudozz.in/blog/creator-pitch-deck,Creator resource,Creator Pitch Deck: How to Make One for Brand Collaborations,60,How to Create a Creator Pitch Deck for Brand Collaborations,"How to create a creator pitch deck for brand collaborations: pitch deck vs media kit vs portfolio vs rate card, what each slide should include, campaign concepts, and a sample 8-slide structure.",https://www.kudozz.in/blog/creator-pitch-deck,yes,1382,8,17,11,Answer;BlogPosting;BreadcrumbList;ContactPoint;Country;FAQPage;ImageObject;ListItem;Offer;OfferCatalog;Organization;Question;Service;WebPage;WebSite,Informational (creator),True
https://www.kudozz.in/blog/creator-platform-risk,Creator resource,Creator Platform Risk: Reduce Dependence on One Platform,56,Creator Platform Risk: How to Reduce Dependence on One Social Platform,"Creator platform risk: lessons from TikTok's India block, five risk types, measuring dependence, choosing a second platform and a 90-day plan.",https://www.kudozz.in/blog/creator-platform-risk,yes,1236,12,17,8,Answer;BlogPosting;BreadcrumbList;ContactPoint;Country;FAQPage;ImageObject;ListItem;Offer;OfferCatalog;Organization;Question;Service;WebPage;WebSite,Informational (creator),True
https://www.kudozz.in/blog/creator-portfolio,Creator resource,Creator Portfolio: How to Build One Brands Want to See,54,Creator Portfolio: How to Build a Portfolio That Brands Want to See,"How to build a creator portfolio: media kit vs portfolio vs rate card vs creator website, what to include, case studies, hosting options, and what to show with no brand collaborations.",https://www.kudozz.in/blog/creator-portfolio,yes,1589,9,17,11,Answer;BlogPosting;BreadcrumbList;ContactPoint;Country;FAQPage;ImageObject;ListItem;Offer;OfferCatalog;Organization;Question;Service;WebPage;WebSite,Informational (creator),True
https://www.kudozz.in/blog/creator-positioning,Creator resource,Creator Positioning: Become Known for One Topic — Kudozz,56,Creator Positioning: How to Become Known for One Specific Topic or Niche,"Creator positioning: how to become known for one topic, writing a positioning statement, choosing your point of view and difference, signature formats, repetition, and expanding without diluting.",https://www.kudozz.in/blog/creator-positioning,yes,1041,12,15,15,Answer;BlogPosting;BreadcrumbList;ContactPoint;Country;FAQPage;ImageObject;ListItem;Offer;OfferCatalog;Organization;Question;Service;WebPage;WebSite,Informational (creator),True
https://www.kudozz.in/blog/creator-pricing-calculator,Creator resource,Creator Pricing Calculator: Work Out What to Charge Brands,58,Creator Pricing Calculator: What Should You Charge Brands?,"Free creator pricing calculator: work out a quote from your time, costs, views and add-ons for usage and exclusivity, plus how to sanity-check it before you quote.",https://www.kudozz.in/blog/creator-pricing-calculator,yes,1607,13,19,9,Answer;BlogPosting;BreadcrumbList;ContactPoint;Country;FAQPage;ImageObject;ListItem;Offer;OfferCatalog;Organization;Question;Service;WebPage;WebSite,Commercial investigation (pricing),True
https://www.kudozz.in/blog/creator-pricing-strategy,Creator resource,"Creator Pricing Strategy: Price Services, Content and Products",62,Creator Pricing Strategy: How to Price Different Types of Services and Content,"A creator pricing strategy across offers: brand content, UGC, usage, services, workshops, digital products and memberships, packages and raising prices.",https://www.kudozz.in/blog/creator-pricing-strategy,yes,1037,11,20,12,Answer;BlogPosting;BreadcrumbList;ContactPoint;Country;FAQPage;ImageObject;ListItem;Offer;OfferCatalog;Organization;Question;Service;WebPage;WebSite,Commercial investigation (pricing),True
https://www.kudozz.in/blog/creator-printables,Creator resource,Creator Printables: How to Create and Sell Digital Printables,61,Creator Printables: How to Create and Sell Digital Printables,"How creators design and sell printables: useful printable types, A4 and Letter formats, design and usability, bundles, where to sell, licensing and marketing.",https://www.kudozz.in/blog/creator-printables,yes,1037,14,14,5,Answer;BlogPosting;BreadcrumbList;ContactPoint;Country;FAQPage;ImageObject;ListItem;Offer;OfferCatalog;Organization;Question;Service;WebPage;WebSite,Informational (creator),True
https://www.kudozz.in/blog/creator-product-analytics,Creator resource,Creator Product Analytics: What to Measure After You Launch,59,Creator Product Analytics: What to Measure After Launching a Paid Offer,"What creators should measure after launching a paid offer: conversion by source, funnel drop-off, revenue, refunds, activation, completion, churn and feedback.",https://www.kudozz.in/blog/creator-product-analytics,yes,1167,14,15,9,Answer;BlogPosting;BreadcrumbList;ContactPoint;Country;FAQPage;ImageObject;ListItem;Offer;OfferCatalog;Organization;Question;Service;WebPage;WebSite,Informational (creator),True
https://www.kudozz.in/blog/creator-product-recommendations,Creator resource,How Creators Recommend Products Without Losing Trust,52,Creator Product Recommendations: How to Recommend Products Without Losing Audience Trust,"A trust-first framework for creator product recommendations: product knowledge, audience fit, honest limitations, disclosure and personal recommendation standards.",https://www.kudozz.in/blog/creator-product-recommendations,yes,1422,13,17,14,Answer;BlogPosting;BreadcrumbList;ContactPoint;Country;FAQPage;ImageObject;ListItem;Offer;OfferCatalog;Organization;Question;Service;WebPage;WebSite,Informational (creator),True
https://www.kudozz.in/blog/creator-product-reviews,Creator resource,How to Review Sponsored Products Authentically as a Creator,59,Creator Product Reviews: How to Review Sponsored Products Authentically,"How creators review sponsored products authentically: terms to agree, testing time, an honest review structure, handling negatives, disclosure and claims to avoid.",https://www.kudozz.in/blog/creator-product-reviews,yes,1087,11,17,8,Answer;BlogPosting;BreadcrumbList;ContactPoint;Country;FAQPage;ImageObject;ListItem;Offer;OfferCatalog;Organization;Question;Service;WebPage;WebSite,Informational (creator),True
https://www.kudozz.in/blog/creator-product-seeding,Creator resource,Creator Product Seeding: Turn Gifting Into Brand Relationships,62,Creator Product Seeding: How to Turn Gifting Into Long-Term Brand Relationships,"How creators handle product seeding: whether you owe a post, disclosure for gifted items, records, useful feedback and turning PR packages into paid relationships.",https://www.kudozz.in/blog/creator-product-seeding,yes,1448,15,18,6,Answer;BlogPosting;BreadcrumbList;ContactPoint;Country;FAQPage;ImageObject;ListItem;Offer;OfferCatalog;Organization;Question;Service;WebPage;WebSite,Informational (creator),True
https://www.kudozz.in/blog/creator-production-team,Creator resource,Creator Production Team: Build a Repeatable Process — Kudozz,60,Creator Production Team: How to Build a Repeatable Content Production Process,"Build a creator production team: team shapes by output, clean handoffs, capacity planning, content buffers and how to find and fix production bottlenecks.",https://www.kudozz.in/blog/creator-production-team,yes,1265,11,16,9,Answer;BlogPosting;BreadcrumbList;ContactPoint;Country;FAQPage;ImageObject;ListItem;Offer;OfferCatalog;Organization;Question;Service;WebPage;WebSite,Informational (creator),True
https://www.kudozz.in/blog/creator-profit-loss-statement,Creator resource,Creator Profit and Loss Statement (P&L) Explained — Kudozz,58,Creator Profit and Loss Statement: How to Read and Build a P&L for Your Creator Business,"Creator profit and loss statement explained: revenue, direct costs, gross and operating profit, a worked example, P&L vs cash flow and how to use it.",https://www.kudozz.in/blog/creator-profit-loss-statement,yes,1280,10,16,8,Answer;BlogPosting;BreadcrumbList;ContactPoint;Country;FAQPage;ImageObject;ListItem;Offer;OfferCatalog;Organization;Question;Service;WebPage;WebSite,Informational (creator),True
https://www.kudozz.in/blog/creator-profit-margin,Creator resource,Creator Profit Margin: Calculate Your Real Business Profit,58,Creator Profit Margin: How to Calculate the Real Profit From Your Content Business,"How creators calculate profit margin: revenue, direct costs, overheads, gross vs net margin, margin by revenue stream, your time, and ways to improve margins.",https://www.kudozz.in/blog/creator-profit-margin,yes,1187,11,18,8,Answer;BlogPosting;BreadcrumbList;ContactPoint;Country;FAQPage;ImageObject;ListItem;Offer;OfferCatalog;Organization;Question;Service;WebPage;WebSite,Informational (creator),True
https://www.kudozz.in/blog/creator-project-management,Creator resource,"Creator Project Management: Launches, Series and Campaigns",58,"Creator Project Management: How to Run Launches, Series and Multi-Deliverable Campaigns","Creator project management for launches, series and multi-deliverable campaigns: scope, milestones, dependencies, a board template and choosing tools.",https://www.kudozz.in/blog/creator-project-management,yes,1496,13,17,9,Answer;BlogPosting;BreadcrumbList;ContactPoint;Country;FAQPage;ImageObject;ListItem;Offer;OfferCatalog;Organization;Question;Service;WebPage;WebSite,Informational (creator),True
https://www.kudozz.in/blog/creator-reputation-management,Creator resource,Creator Reputation Management: Protect Your Personal Brand,58,Creator Reputation Management: How to Protect Your Personal Brand Online,"Creator reputation management: search results for your name, owned profiles, content history, brand relationships, corrections, transparency and legitimate criticism.",https://www.kudozz.in/blog/creator-reputation-management,yes,1346,15,18,11,Answer;BlogPosting;BreadcrumbList;ContactPoint;Country;FAQPage;ImageObject;ListItem;Offer;OfferCatalog;Organization;Question;Service;WebPage;WebSite,Informational (creator),True
https://www.kudozz.in/blog/creator-retainer-deals,Creator resource,Creator Retainer Deals: Build Recurring Brand Partnerships,58,Creator Retainer Deals: How to Build Recurring Brand Partnerships,"How creators build brand retainers: from one-off to monthly, scope, deliverables, reporting, communication, exclusivity, payment schedules, capacity and renewal.",https://www.kudozz.in/blog/creator-retainer-deals,yes,1171,14,19,13,Answer;BlogPosting;BreadcrumbList;ContactPoint;Country;FAQPage;ImageObject;ListItem;Offer;OfferCatalog;Organization;Question;Service;WebPage;WebSite,Informational (creator),True
https://www.kudozz.in/blog/creator-revenue-diversification,Creator resource,Creator Revenue Diversification: Reduce Single-Stream Risk,58,Creator Revenue Diversification: How to Avoid Depending on One Income Stream,"How creators reduce income risk: platform, client, format and stream dependency, simple concentration checks, choosing the next stream and a 12-month plan.",https://www.kudozz.in/blog/creator-revenue-diversification,yes,1161,12,20,17,Answer;BlogPosting;BreadcrumbList;ContactPoint;Country;FAQPage;ImageObject;ListItem;Offer;OfferCatalog;Organization;Question;Service;WebPage;WebSite,Informational (creator),True
https://www.kudozz.in/blog/creator-revenue-forecasting,Creator resource,Creator Revenue Forecasting: How to Plan Your Income,52,Creator Revenue Forecasting: How to Plan Your Income,"How creators forecast income: confirmed, recurring, pipeline and launch income, weighted scenarios, a free forecast calculator and monthly reviews.",https://www.kudozz.in/blog/creator-revenue-forecasting,yes,1425,14,17,14,Answer;BlogPosting;BreadcrumbList;ContactPoint;Country;FAQPage;ImageObject;ListItem;Offer;OfferCatalog;Organization;Question;Service;WebPage;WebSite,Informational (creator),True
https://www.kudozz.in/blog/creator-revenue-streams-from-brand-content,Creator resource,How to Turn Brand Content Into Multiple Revenue Streams,55,How Creators Can Turn Brand Content Into Multiple Revenue Streams,"How creators can turn brand content into multiple revenue streams: usage extensions, whitelisting, affiliate and YouTube Shopping on sponsored products, UGC versions, licensing, renewals, and how this fits brand, audience, commerce and creator-owned income.",https://www.kudozz.in/blog/creator-revenue-streams-from-brand-content,yes,1133,8,20,11,Answer;BlogPosting;BreadcrumbList;ContactPoint;Country;FAQPage;ImageObject;ListItem;Offer;OfferCatalog;Organization;Question;Service;WebPage;WebSite,Informational (creator),True
https://www.kudozz.in/blog/creator-roster-evaluation,Creator resource,Creator Roster Evaluation: A Quarterly Review — Kudozz,54,Creator Roster Evaluation: How to Know Which Creators to Keep,"Review your creator roster quarterly: evidence to gather, the keep, develop, restructure or exit matrix, honest conversations and fair, professional exits.",https://www.kudozz.in/blog/creator-roster-evaluation,yes,1199,11,17,8,Answer;BlogPosting;BreadcrumbList;ContactPoint;Country;FAQPage;ImageObject;ListItem;Offer;OfferCatalog;Organization;Question;Service;WebPage;WebSite,Informational (creator),True
https://www.kudozz.in/blog/creator-roster-strategy,Creator resource,"Creator Roster Strategy: Balance, Diversity and Categories",58,Creator Roster Strategy: How to Build a Valuable Creator Network,"Creator roster strategy: roster tiers, a talent category system, roster diversity across niches, languages and regions, the roster map and roster size.",https://www.kudozz.in/blog/creator-roster-strategy,yes,1536,12,16,9,Answer;BlogPosting;BreadcrumbList;ContactPoint;Country;FAQPage;ImageObject;ListItem;Offer;OfferCatalog;Organization;Question;Service;WebPage;WebSite,Informational (creator),True
https://www.kudozz.in/blog/creator-scams-fake-brand-collaborations,Creator resource,How to Spot Fake Brand Collaboration Offers and Scams,53,How to Spot Fake Brand Collaboration Offers and Creator Scams,"How to spot fake brand collaboration offers: suspicious domains, fake agencies, payment and courier fees, password and OTP requests, malicious links and files, WhatsApp and DM scams, a verification checklist and how to report in India.",https://www.kudozz.in/blog/creator-scams-fake-brand-collaborations,yes,1817,9,18,20,Answer;BlogPosting;BreadcrumbList;ContactPoint;Country;FAQPage;ImageObject;ListItem;Offer;OfferCatalog;Organization;Question;Service;WebPage;WebSite,Informational (creator),True
https://www.kudozz.in/blog/creator-seo,Creator resource,"Creator SEO: Get Discovered on Google, YouTube and Social",57,"Creator SEO: Complete Guide to Getting Discovered Across Google, YouTube and Social Search","Creator SEO explained: how discovery differs across Google, YouTube, Instagram, TikTok and AI search, and a practical system to make your content findable for the questions your audience asks.",https://www.kudozz.in/blog/creator-seo,yes,1439,11,23,14,Answer;BlogPosting;BreadcrumbList;ContactPoint;Country;FAQPage;ImageObject;ListItem;Offer;OfferCatalog;Organization;Question;Service;WebPage;WebSite,Informational (creator),True
https://www.kudozz.in/blog/creator-service-pricing,Creator resource,"Creator Service Pricing: Price Consulting, Coaching, Freelance",62,"Creator Service Pricing: How to Price Consulting, Coaching and Freelance Services","How creators price services: hourly, project, package, retainer and value-based pricing, a minimum rate from capacity, deposits, raising rates and scope creep.",https://www.kudozz.in/blog/creator-service-pricing,yes,1201,16,18,9,Answer;BlogPosting;BreadcrumbList;ContactPoint;Country;FAQPage;ImageObject;ListItem;Offer;OfferCatalog;Organization;Question;Service;WebPage;WebSite,Commercial investigation (pricing),True
https://www.kudozz.in/blog/creator-services,Creator resource,Creator Services: Turn Your Expertise Into a Paid Service,57,Creator Services: How to Turn Your Expertise Into a Paid Service,"How creators turn expertise into paid services: consulting, coaching, done-for-you, audits and speaking, choosing a service, and the journey from offer to retention.",https://www.kudozz.in/blog/creator-services,yes,1177,12,20,12,Answer;BlogPosting;BreadcrumbList;ContactPoint;Country;FAQPage;ImageObject;ListItem;Offer;OfferCatalog;Organization;Question;Service;WebPage;WebSite,Informational (creator),True
https://www.kudozz.in/blog/creator-storefront,Creator resource,Creator Storefront: Build a Shop for Products and Picks,55,"Creator Storefront: How to Build a Shop for Your Products, Recommendations and Services","How to build a creator storefront: what to sell, organising products, recommendations and services, storefront options, payments and checkout in India, disclosure, analytics and mistakes to avoid.",https://www.kudozz.in/blog/creator-storefront,yes,1072,11,18,17,Answer;BlogPosting;BreadcrumbList;ContactPoint;Country;FAQPage;ImageObject;ListItem;Offer;OfferCatalog;Organization;Question;Service;WebPage;WebSite,Informational (creator),True
https://www.kudozz.in/blog/creator-storytelling,Creator resource,Creator Storytelling: Make Information Content People Remember,62,Creator Storytelling: How to Turn Information Into Content People Remember,"Storytelling for creators: character, stakes, tension and change, seven frameworks for Reels, Shorts and YouTube, finding stories in everyday material and ethics.",https://www.kudozz.in/blog/creator-storytelling,yes,1315,12,15,7,Answer;BlogPosting;BreadcrumbList;ContactPoint;Country;FAQPage;ImageObject;ListItem;Offer;OfferCatalog;Organization;Question;Service;WebPage;WebSite,Informational (creator),True
https://www.kudozz.in/blog/creator-studio-business-model,Creator resource,Creator Studio Business Model: Build a Production Studio,56,Creator Studio Business Model: How to Build a Content Production Studio,"Creator studio business model: brand content, UGC, production services and owned channels, pricing, capacity, equipment, rights and when a studio fits.",https://www.kudozz.in/blog/creator-studio-business-model,yes,1185,11,17,8,Answer;BlogPosting;BreadcrumbList;ContactPoint;Country;FAQPage;ImageObject;ListItem;Offer;OfferCatalog;Organization;Question;Service;WebPage;WebSite,Informational (creator),True
https://www.kudozz.in/blog/creator-talent-acquisition,Creator resource,Creator Talent Acquisition: Find and Recruit Creators,53,Creator Talent Acquisition: How Agencies Find and Sign New Creators,"How agencies find and recruit creators: demand-led plans, sourcing channels, outreach, the agency pitch, discovery calls and a fair signing process.",https://www.kudozz.in/blog/creator-talent-acquisition,yes,1508,12,17,7,Answer;BlogPosting;BreadcrumbList;ContactPoint;Country;FAQPage;ImageObject;ListItem;Offer;OfferCatalog;Organization;Question;Service;WebPage;WebSite,Informational (creator),True
https://www.kudozz.in/blog/creator-talent-database,Creator resource,Creator Talent Database: Build and Manage One — Kudozz,54,Creator Talent Database: How to Build and Manage a Creator Database,"Build a creator talent database: fields to capture, categories, data freshness, links to deals, tools, access control and DPDP-aware data handling.",https://www.kudozz.in/blog/creator-talent-database,yes,1456,12,16,11,Answer;BlogPosting;BreadcrumbList;ContactPoint;Country;FAQPage;ImageObject;ListItem;Offer;OfferCatalog;Organization;Question;Service;WebPage;WebSite,Informational (creator),True
https://www.kudozz.in/blog/creator-talent-development,Creator resource,Creator Talent Development: Help Creators Grow — Kudozz,55,Creator Talent Development: How Agencies Can Help Creators Grow,"How agencies help creators grow: development plans, content and analytics reviews, brand-readiness, rate growth, new revenue lines and workshops.",https://www.kudozz.in/blog/creator-talent-development,yes,1140,11,21,5,Answer;BlogPosting;BreadcrumbList;ContactPoint;Country;FAQPage;ImageObject;ListItem;Offer;OfferCatalog;Organization;Question;Service;WebPage;WebSite,Informational (creator),True
https://www.kudozz.in/blog/creator-talent-management,Creator resource,Creator Talent Management and Retention — Kudozz,48,Creator Talent Management: How to Manage Creators and a Roster Professionally,"Creator talent management: the talent lifecycle, onboarding, communication, deal consent, roster capacity, and why creators leave and how to retain them.",https://www.kudozz.in/blog/creator-talent-management,yes,1565,14,23,12,Answer;BlogPosting;BreadcrumbList;ContactPoint;Country;FAQPage;ImageObject;ListItem;Offer;OfferCatalog;Organization;Question;Service;WebPage;WebSite,Informational (creator),True
https://www.kudozz.in/blog/creator-talent-screening,Creator resource,Creator Talent Screening: An Agency Scorecard — Kudozz,54,Creator Talent Screening: How Agencies Should Evaluate Creators,"How agencies screen creators before signing: must-pass checks, weighted fit criteria, commercial potential, conflicts and an interactive scorecard.",https://www.kudozz.in/blog/creator-talent-screening,yes,1448,11,18,9,Answer;BlogPosting;BreadcrumbList;ContactPoint;Country;FAQPage;ImageObject;ListItem;Offer;OfferCatalog;Organization;Question;Service;WebPage;WebSite,Informational (creator),True
https://www.kudozz.in/blog/creator-task-management,Creator resource,Creator Task Management: Organise Your Daily Work — Kudozz,58,Creator Task Management: How to Organize Your Daily Content Business,"Creator task management: capture tasks from DMs and email, prioritise by deadline and income, time-block creative and admin work and plan each week.",https://www.kudozz.in/blog/creator-task-management,yes,1348,12,14,6,Answer;BlogPosting;BreadcrumbList;ContactPoint;Country;FAQPage;ImageObject;ListItem;Offer;OfferCatalog;Organization;Question;Service;WebPage;WebSite,Informational (creator),True
https://www.kudozz.in/blog/creator-tax-records-india,Creator resource,Creator Tax Records India: What to Keep for Brand Deals,55,Creator Tax Records: What Indian Creators Should Keep for Brand Deals,"What tax records Indian creators should keep: income and invoices, TDS certificates, GST records if registered, expenses, gifted products and reconciliation.",https://www.kudozz.in/blog/creator-tax-records-india,yes,1315,13,16,10,Answer;BlogPosting;BreadcrumbList;ContactPoint;Country;FAQPage;ImageObject;ListItem;Offer;OfferCatalog;Organization;Question;Service;WebPage;WebSite,Informational (creator),True
https://www.kudozz.in/blog/creator-team-building,Creator resource,Creator Team: When to Hire and How to Build One — Kudozz,56,"Creator Team: When Should a Creator Start Hiring, and How Do You Build a Team From Scratch?","When should a creator start hiring? Readiness signs, the usual hiring order, how to build a creator team from scratch, freelancer vs full-time and costs.",https://www.kudozz.in/blog/creator-team-building,yes,1550,14,22,14,Answer;BlogPosting;BreadcrumbList;ContactPoint;Country;FAQPage;ImageObject;ListItem;Offer;OfferCatalog;Organization;Question;Service;WebPage;WebSite,Informational (creator),True
https://www.kudozz.in/blog/creator-team-compensation,Creator resource,Creator Team Compensation: How to Structure Pay — Kudozz,56,Creator Team Salary and Compensation: How to Structure Pay,"How creators structure team pay: per-piece, retainer, hourly, salary, commission and bonuses, budgeting team costs and India tax and employment basics.",https://www.kudozz.in/blog/creator-team-compensation,yes,1492,12,17,12,Answer;BlogPosting;BreadcrumbList;ContactPoint;Country;FAQPage;ImageObject;ListItem;Offer;OfferCatalog;Organization;Question;Service;WebPage;WebSite,Informational (creator),True
https://www.kudozz.in/blog/creator-team-management,Creator resource,Creator Team Management: Run a Productive Content Team,54,Creator Team Management: How to Build a Productive Content Team,"Creator team management: clear ownership, briefs, weekly meetings, communication rules, useful feedback, remote freelancers, access and offboarding.",https://www.kudozz.in/blog/creator-team-management,yes,1216,14,14,6,Answer;BlogPosting;BreadcrumbList;ContactPoint;Country;FAQPage;ImageObject;ListItem;Offer;OfferCatalog;Organization;Question;Service;WebPage;WebSite,Informational (creator),True
https://www.kudozz.in/blog/creator-team-roles,Creator resource,Creator Team Roles: 15 Roles and When to Hire Each — Kudozz,59,Creator Team Roles: 15 People You Can Hire as Your Business Grows,"15 creator team roles explained: what editors, VAs, social media managers, content managers, creator managers and talent managers do, and when to hire.",https://www.kudozz.in/blog/creator-team-roles,yes,1599,9,18,9,Answer;BlogPosting;BreadcrumbList;ContactPoint;Country;FAQPage;ImageObject;ListItem;Offer;OfferCatalog;Organization;Question;Service;WebPage;WebSite,Informational (creator),True
https://www.kudozz.in/blog/creator-tech-stack,Creator resource,Creator Tech Stack: Tools for a Creator Business — Kudozz,57,Creator Tech Stack: The Tools a Professional Creator Business Needs,"Build a creator tech stack: 12 tool categories, when each is worth it, starter to team stacks, how tools connect, free vs paid and a quarterly stack review.",https://www.kudozz.in/blog/creator-tech-stack,yes,1475,11,19,11,Answer;BlogPosting;BreadcrumbList;ContactPoint;Country;FAQPage;ImageObject;ListItem;Offer;OfferCatalog;Organization;Question;Service;WebPage;WebSite,Informational (creator),True
https://www.kudozz.in/blog/creator-thought-leadership,Creator resource,Creator Thought Leadership: Influence Beyond Social Media,57,Creator Thought Leadership: How to Build Influence Beyond Social Media,"How creators build thought leadership beyond social media: original points of view, long-form writing, talks, podcasts, research, collaborations and measuring influence.",https://www.kudozz.in/blog/creator-thought-leadership,yes,1211,13,17,7,Answer;BlogPosting;BreadcrumbList;ContactPoint;Country;FAQPage;ImageObject;ListItem;Offer;OfferCatalog;Organization;Question;Service;WebPage;WebSite,Informational (creator),True
https://www.kudozz.in/blog/creator-thumbnail-strategy,Creator resource,Creator Thumbnail Strategy: Design Thumbnails That Earn Clicks,62,Creator Thumbnail Strategy: How to Design Thumbnails That Earn Clicks,"Thumbnail strategy for creators: what thumbnails must do, attention psychology, pairing with titles, mobile legibility, testing thumbnails and avoiding clickbait.",https://www.kudozz.in/blog/creator-thumbnail-strategy,yes,1375,14,16,8,Answer;BlogPosting;BreadcrumbList;ContactPoint;Country;FAQPage;ImageObject;ListItem;Offer;OfferCatalog;Organization;Question;Service;WebPage;WebSite,Informational (creator),True
https://www.kudozz.in/blog/creator-title-strategy,Creator resource,Creator Title Strategy: Titles That Get Clicks and Searches,59,Creator Title Strategy: How to Write Titles That Get Clicks and Search Traffic,"How creators write titles for search and clicks: the two jobs of a title, honest formulas, keywords vs curiosity, titles by platform, regional-language titles and testing.",https://www.kudozz.in/blog/creator-title-strategy,yes,1238,14,17,8,Answer;BlogPosting;BreadcrumbList;ContactPoint;Country;FAQPage;ImageObject;ListItem;Offer;OfferCatalog;Organization;Question;Service;WebPage;WebSite,Informational (creator),True
https://www.kudozz.in/blog/creator-trademark,Creator resource,Creator Trademark Guide: Protect Your Brand Name in India,57,Creator Trademark Guide: How Creators Can Protect Their Brand Name and Logo in India,"How Indian creators trademark a channel name or logo: when it's worth it, searching, choosing classes, filing with IP India, TM vs ® and handling copycats.",https://www.kudozz.in/blog/creator-trademark,yes,1489,14,14,7,Answer;BlogPosting;BreadcrumbList;ContactPoint;Country;FAQPage;ImageObject;ListItem;Offer;OfferCatalog;Organization;Question;Service;WebPage;WebSite,Informational (creator),True
https://www.kudozz.in/blog/creator-trend-research,Creator resource,Creator Trend Research: Spot Trends Before They're Saturated,60,Creator Trend Research: How to Find Trends Before They Become Saturated,"How creators research trends: early-signal sources, a fit test, the timing window, adding your own angle, avoiding saturated trends and when to skip them.",https://www.kudozz.in/blog/creator-trend-research,yes,1273,13,15,6,Answer;BlogPosting;BreadcrumbList;ContactPoint;Country;FAQPage;ImageObject;ListItem;Offer;OfferCatalog;Organization;Question;Service;WebPage;WebSite,Informational (creator),True
https://www.kudozz.in/blog/creator-usage-rights,Creator resource,Creator Usage Rights: What Brands Can Do With Your Content,58,Creator Usage Rights: What Brands Can and Can't Do With Your Content,"Creator usage rights explained: organic vs paid usage, whitelisting, website and social reposting, duration, territory, media, editing, derivative content and perpetual rights, and why to price them separately.",https://www.kudozz.in/blog/creator-usage-rights,yes,1683,13,19,33,Answer;BlogPosting;BreadcrumbList;ContactPoint;Country;FAQPage;ImageObject;ListItem;Offer;OfferCatalog;Organization;Question;Service;WebPage;WebSite,Informational (creator),True
https://www.kudozz.in/blog/creator-webinar-strategy,Creator resource,Creator Webinar Strategy: Turn Free Sessions Into Revenue,57,Creator Webinar Strategy: How to Turn Educational Sessions Into Revenue,"How creators run webinars that educate and sell: topic choice, registration and reminders, teach-then-offer structure, ethical offers, replays, follow-up and metrics.",https://www.kudozz.in/blog/creator-webinar-strategy,yes,1175,13,14,5,Answer;BlogPosting;BreadcrumbList;ContactPoint;Country;FAQPage;ImageObject;ListItem;Offer;OfferCatalog;Organization;Question;Service;WebPage;WebSite,Informational (creator),True
https://www.kudozz.in/blog/creator-website-seo,Creator resource,Creator Website SEO: How to Get Discovered on Google,52,Creator Website SEO: How Creators Can Get Discovered on Google,"Creator website SEO: rank for your name, niche and local searches, technical basics, Search Console, structured data, content ideas, linking your platforms, and SEO mistakes creators should avoid.",https://www.kudozz.in/blog/creator-website-seo,yes,1469,13,15,7,Answer;BlogPosting;BreadcrumbList;ContactPoint;Country;FAQPage;ImageObject;ListItem;Offer;OfferCatalog;Organization;Question;Service;WebPage;WebSite,Informational (creator),True
https://www.kudozz.in/blog/creator-whitelisting,Creator resource,Creator Whitelisting: Letting Brands Run Ads With Your Content,62,Creator Whitelisting: Complete Guide to Allowing Brands to Run Ads With Your Content,"Creator whitelisting explained: paid amplification vs licensing vs creator-authorised ads, Meta partnership ads permissions, duration, territory, usage, pricing considerations, risks and how to revoke access.",https://www.kudozz.in/blog/creator-whitelisting,yes,1343,10,16,20,Answer;BlogPosting;BreadcrumbList;ContactPoint;Country;FAQPage;ImageObject;ListItem;Offer;OfferCatalog;Organization;Question;Service;WebPage;WebSite,Informational (creator),True
https://www.kudozz.in/blog/creator-workflow,Creator resource,Creator Workflow: Manage Brand Deals and Deadlines — Kudozz,59,"Creator Workflow: How to Manage Brand Deals, Content and Deadlines Like a Business","A creator workflow for managing brand deals like a business: opportunity tracking, planning, production, approval, reporting and finance, with a downloadable creator campaign tracker and weekly routine.",https://www.kudozz.in/blog/creator-workflow,yes,1425,8,28,22,Answer;BlogPosting;BreadcrumbList;ContactPoint;Country;FAQPage;ImageObject;ListItem;Offer;OfferCatalog;Organization;Question;Service;WebPage;WebSite,Informational (creator),True
https://www.kudozz.in/blog/creator-workflow-automation,Creator resource,Creator Workflow Automation: What to Automate and How,53,Creator Workflow Automation: How to Automate Repetitive Business Tasks,"Creator workflow automation: 20 repetitive tasks creators can automate, how to design a safe automation, human checkpoints and what never to automate.",https://www.kudozz.in/blog/creator-workflow-automation,yes,1390,12,14,8,Answer;BlogPosting;BreadcrumbList;ContactPoint;Country;FAQPage;ImageObject;ListItem;Offer;OfferCatalog;Organization;Question;Service;WebPage;WebSite,Informational (creator),True
https://www.kudozz.in/blog/creator-workshops,Creator resource,Creator Workshops: How to Sell Live Workshops Online,52,Creator Workshop Business: How to Sell Live Workshops Online,"How creators sell paid live workshops: topic and outcome, format and length, pricing, promotion, running the session, recordings, team workshops and validation.",https://www.kudozz.in/blog/creator-workshops,yes,1176,15,16,7,Answer;BlogPosting;BreadcrumbList;ContactPoint;Country;FAQPage;ImageObject;ListItem;Offer;OfferCatalog;Organization;Question;Service;WebPage;WebSite,Informational (creator),True
https://www.kudozz.in/blog/creators-handle-late-brand-payments,Creator resource,How Creators Can Handle Late Brand Payments (Step by Step),58,How Creators Can Handle Late Brand Payments,"How creators handle late brand payments: check your side, reminder templates, escalation, pausing work, formal notices, MSME Samadhaan eligibility and prevention.",https://www.kudozz.in/blog/creators-handle-late-brand-payments,yes,1446,15,15,12,Answer;BlogPosting;BreadcrumbList;ContactPoint;Country;FAQPage;ImageObject;ListItem;Offer;OfferCatalog;Organization;Question;Service;WebPage;WebSite,Informational (creator),True
https://www.kudozz.in/blog/d2c-influencer-marketing-funnel-india,Blog (brand),D2C Influencer Marketing Funnel for Indian Brands — Kudozz,58,The D2C Influencer Marketing Funnel: A Practical Guide for Indian Brands,"A stage-by-stage, tactics-focused look at how Indian D2C brands turn creator content into discount-code conversions, affiliate revenue, and reusable ad creative, the execution layer beneath the broader D2C growth strategy.",https://www.kudozz.in/blog/d2c-influencer-marketing-funnel-india,yes,1174,14,25,9,Answer;BlogPosting;BreadcrumbList;ContactPoint;Country;FAQPage;ImageObject;ListItem;Offer;OfferCatalog;Organization;Question;Service;WebPage;WebSite,Informational (brand),True
https://www.kudozz.in/blog/digital-product-ideas-for-creators,Creator resource,Digital Product Ideas for Creators: 30 to Sell Online,53,Digital Product Ideas for Creators: 30 Products You Can Sell Online,"30 digital product ideas for creators: templates, guides, presets, courses, memberships, services and niche-specific products, with a table of effort and fit and a framework to choose your first product.",https://www.kudozz.in/blog/digital-product-ideas-for-creators,yes,1341,15,20,10,Answer;BlogPosting;BreadcrumbList;ContactPoint;Country;FAQPage;ImageObject;ListItem;Offer;OfferCatalog;Organization;Question;Service;WebPage;WebSite,Informational (creator),True
https://www.kudozz.in/blog/elder-care-influencer-marketing-india,Blog (brand),Influencer Marketing for Senior Living and Elder Care Brands in India,69,Influencer Marketing for Senior Living and Elder Care Brands in India,"How Indian senior living communities, elder care providers, and home care services can build trust with the adult children who usually make the actual decision, through respectful, transparent creator communication.",https://www.kudozz.in/blog/elder-care-influencer-marketing-india,yes,1155,14,14,1,Answer;BlogPosting;BreadcrumbList;ContactPoint;Country;FAQPage;ImageObject;ListItem;Offer;OfferCatalog;Organization;Question;Service;WebPage;WebSite,Informational (brand),True
https://www.kudozz.in/blog/employee-influencer-marketing,Blog (brand),Employee Creator Programs and Influencer Marketing — Kudozz,59,Employee Influencer Marketing: How Brands Can Turn Employees Into Trusted Voices,"How to build an employee creator program: advocacy vs employee influencers, who to involve, running the program, ASCI disclosure and policy basics.",https://www.kudozz.in/blog/employee-influencer-marketing,yes,2066,15,17,11,Answer;BlogPosting;BreadcrumbList;ContactPoint;Country;FAQPage;ImageObject;ListItem;Offer;OfferCatalog;Organization;Question;Service;WebPage;WebSite,Informational (brand),True
https://www.kudozz.in/blog/engagement-rate-vs-reach-for-creators,Creator resource,Engagement Rate vs Reach: What Should Creators Show Brands?,59,Creator Engagement Rate vs Reach: What Should You Show Brands?,"Engagement rate vs reach for creators: definitions of reach, impressions, views, average views, saves, shares, comments and clicks, labelled engagement formulas, and which metrics to show brands by platform and campaign objective.",https://www.kudozz.in/blog/engagement-rate-vs-reach-for-creators,yes,1135,9,13,11,Answer;BlogPosting;BreadcrumbList;ContactPoint;Country;FAQPage;ImageObject;ListItem;Offer;OfferCatalog;Organization;Question;Service;WebPage;WebSite,Comparison,True
https://www.kudozz.in/blog/entertainment-influencer-marketing-india,Blog (brand),Influencer Marketing for Entertainment Brands in India,54,Influencer Marketing for Entertainment Brands in India,"How OTT platforms, studios, and entertainment brands can use creators for genuine pre-launch buzz and sustained conversation, with clear disclosure so sponsored reactions aren't mistaken for independent reviews.",https://www.kudozz.in/blog/entertainment-influencer-marketing-india,yes,1108,14,16,9,Answer;BlogPosting;BreadcrumbList;ContactPoint;Country;FAQPage;ImageObject;ListItem;Offer;OfferCatalog;Organization;Question;Service;WebPage;WebSite,Informational (brand),True
https://www.kudozz.in/blog/ev-influencer-marketing-india,Blog (brand),Influencer Marketing for EV Brands in India — Kudozz,52,Influencer Marketing for EV Brands in India,"How Indian EV and electric two-wheeler brands can use creators to address genuine range and charging concerns, without overstating incentives, savings, or environmental claims that need independent verification.",https://www.kudozz.in/blog/ev-influencer-marketing-india,yes,1235,14,14,2,Answer;BlogPosting;BreadcrumbList;ContactPoint;Country;FAQPage;ImageObject;ListItem;Offer;OfferCatalog;Organization;Question;Service;WebPage;WebSite,Informational (brand),True
https://www.kudozz.in/blog/event-influencer-marketing-india,Blog (brand),Influencer Marketing for Event and Exhibition Businesses in India,65,Influencer Marketing for Event and Exhibition Businesses in India,"How Indian event organizers, exhibition companies, and conference businesses can build a creator timeline around pre-event buzz, live coverage, and post-event amplification, scaled to the event's actual size.",https://www.kudozz.in/blog/event-influencer-marketing-india,yes,1151,14,15,5,Answer;BlogPosting;BreadcrumbList;ContactPoint;Country;FAQPage;ImageObject;ListItem;Offer;OfferCatalog;Organization;Question;Service;WebPage;WebSite,Informational (brand),True
https://www.kudozz.in/blog/evergreen-content-ideas-creators,Creator resource,How to Find Evergreen Content Ideas as a Creator — Kudozz,57,How to Find Evergreen Content Ideas as a Creator,"How creators find evergreen content ideas: recurring questions, beginner problems, decision guides, how-tos and seasonal evergreen, with a test for evergreen potential.",https://www.kudozz.in/blog/evergreen-content-ideas-creators,yes,1207,13,15,7,Answer;BlogPosting;BreadcrumbList;ContactPoint;Country;FAQPage;ImageObject;ListItem;Offer;OfferCatalog;Organization;Question;Service;WebPage;WebSite,Informational (creator),True
https://www.kudozz.in/blog/executive-influencer-marketing-linkedin,Blog (brand),Executive Creator Marketing: A Guide for Leaders — Kudozz,57,Executive Influencer Marketing on LinkedIn: A Guide for CEOs and Business Leaders,"Executive creator marketing: content territories by role, building an executive content strategy, ghostwriting, Thought Leader Ads and formats beyond LinkedIn.",https://www.kudozz.in/blog/executive-influencer-marketing-linkedin,yes,1995,15,15,9,Answer;BlogPosting;BreadcrumbList;ContactPoint;Country;FAQPage;ImageObject;ListItem;Offer;OfferCatalog;Organization;Question;Service;WebPage;WebSite,Informational (brand),True
https://www.kudozz.in/blog/experiential-influencer-marketing,Blog (brand),Experiential Influencer Marketing: Events and Store Openings,60,Experiential Influencer Marketing: Turning Events and Experiences Into Creator Campaigns,"Build creator campaigns around launches, store openings and brand events: before, during and after the event, measurement and a planning checklist.",https://www.kudozz.in/blog/experiential-influencer-marketing,yes,1463,12,18,3,Answer;BlogPosting;BreadcrumbList;ContactPoint;Country;FAQPage;ImageObject;ListItem;Offer;OfferCatalog;Organization;Question;Service;WebPage;WebSite,Informational (brand),True
https://www.kudozz.in/blog/expert-creator-marketing,Blog (brand),Expert Creator Marketing: Working With Industry Experts,55,Expert Creator Marketing: How Brands Can Work With Industry Experts,"Work with expert and industry creators: verifying credentials, India's rules for doctors, lawyers, CAs and finfluencers, partnership models and briefs.",https://www.kudozz.in/blog/expert-creator-marketing,yes,1524,12,16,83,Answer;BlogPosting;BreadcrumbList;ContactPoint;Country;FAQPage;ImageObject;ListItem;Offer;OfferCatalog;Organization;Question;Service;WebPage;WebSite,Informational (brand),True
https://www.kudozz.in/blog/find-indian-influencers,Blog (brand),How to Find Influencers for Your Brand in India — Kudozz,56,How to Find the Right Indian Influencers for Your Brand,"A practical framework for sourcing and evaluating Indian creators, including when regional and language fit matters as much as audience size or engagement quality.",https://www.kudozz.in/blog/find-indian-influencers,yes,1647,20,19,36,Answer;BlogPosting;BreadcrumbList;ContactPoint;Country;FAQPage;ImageObject;ListItem;Offer;OfferCatalog;Organization;Question;Service;WebPage;WebSite,Informational (brand),True
https://www.kudozz.in/blog/first-brand-collaboration-india,Creator resource,How to Get Your First Brand Collaboration in India — Kudozz,59,How to Get Your First Brand Collaboration as a Creator in India,"How to get your first brand collaboration as a creator in India: niche, sample content, media kit, finding brands, pitching, gifting vs paid, UGC as an entry point, first negotiation and avoiding scams.",https://www.kudozz.in/blog/first-brand-collaboration-india,yes,1616,14,24,12,Answer;BlogPosting;BreadcrumbList;ContactPoint;Country;FAQPage;ImageObject;ListItem;Offer;OfferCatalog;Organization;Question;Service;WebPage;WebSite,Informational (creator),True
https://www.kudozz.in/blog/follower-growth-vs-audience-growth,Creator resource,Follower Growth vs Audience Growth: What to Measure — Kudozz,60,Follower Growth vs Audience Growth: What Creators Should Actually Measure,"Follower growth vs audience growth: why follower counts mislead, metrics that show real audience growth (returning viewers, retention, saves, shares, email subscribers, community), and an audience scorecard.",https://www.kudozz.in/blog/follower-growth-vs-audience-growth,yes,1016,11,15,8,Answer;BlogPosting;BreadcrumbList;ContactPoint;Country;FAQPage;ImageObject;ListItem;Offer;OfferCatalog;Organization;Question;Service;WebPage;WebSite,Comparison,True
https://www.kudozz.in/blog/founder-creator-brand,Creator resource,Founder Creator Brand: Build an Audience Through Content,56,Founder Creator Brand: How Founders Can Build an Audience Through Content,"How founders build a creator brand: platforms, pillars, what to share, time-efficient systems, running a founder content programme and business outcomes.",https://www.kudozz.in/blog/founder-creator-brand,yes,1529,15,16,10,Answer;BlogPosting;BreadcrumbList;ContactPoint;Country;FAQPage;ImageObject;ListItem;Offer;OfferCatalog;Organization;Question;Service;WebPage;WebSite,Informational (creator),True
https://www.kudozz.in/blog/future-of-x-creator-marketing,Blog (brand),The Future of X Creator Marketing: How Brands Can Build Influence Through Conversations,87,The Future of X Creator Marketing: How Brands Can Build Influence Through Conversations,"Not a forecast dressed up as fact. What's already visible in how X's creator economy is developing, and where that reasonably points for brands willing to invest in genuine conversation over reach.",https://www.kudozz.in/blog/future-of-x-creator-marketing,yes,912,6,12,2,Answer;BlogPosting;BreadcrumbList;ContactPoint;Country;FAQPage;ImageObject;ListItem;Offer;OfferCatalog;Organization;Question;Service;WebPage;WebSite,Informational (brand),True
https://www.kudozz.in/blog/gaming-influencer-marketing-india,Blog (brand),Gaming Influencer Marketing: Working With Gaming Creators,57,Influencer Marketing for Gaming Brands: How to Work With Gaming Creators,"Gaming influencer marketing in India: streams, gameplay, esports and creator tournaments, the Online Gaming Act 2025, audience age and measurement.",https://www.kudozz.in/blog/gaming-influencer-marketing-india,yes,1513,16,15,3,Answer;BlogPosting;BreadcrumbList;ContactPoint;Country;FAQPage;ImageObject;ListItem;Offer;OfferCatalog;Organization;Question;Service;WebPage;WebSite,Informational (brand),True
https://www.kudozz.in/blog/gst-for-influencers-india,Creator resource,GST for Influencers in India: When Do Creators Need GST?,56,GST for Influencers and Creators in India: When Does a Creator Need GST?,"GST for influencers and creators in India: registration threshold, voluntary registration, GST on creator services, invoices, inter-state and export considerations, agency and brand payments, and records to keep.",https://www.kudozz.in/blog/gst-for-influencers-india,yes,1361,12,13,32,Answer;BlogPosting;BreadcrumbList;ContactPoint;Country;FAQPage;ImageObject;ListItem;Offer;OfferCatalog;Organization;Question;Service;WebPage;WebSite,Informational (creator),True
https://www.kudozz.in/blog/hire-social-media-manager-creator,Creator resource,How to Hire a Social Media Manager as a Creator — Kudozz,56,How to Hire a Social Media Manager as a Creator (or Outsource It),"How creators hire or outsource a social media manager: what they do, freelancer vs agency, a paid trial, safe account access, reporting and keeping your voice.",https://www.kudozz.in/blog/hire-social-media-manager-creator,yes,1145,11,14,6,Answer;BlogPosting;BreadcrumbList;ContactPoint;Country;FAQPage;ImageObject;ListItem;Offer;OfferCatalog;Organization;Question;Service;WebPage;WebSite,Informational (creator),True
https://www.kudozz.in/blog/hire-video-editor-creator,Creator resource,How to Hire a Video Editor as a Creator — Kudozz,48,How to Hire a Video Editor as a Creator (and When to Outsource Editing),"How creators hire or outsource video editing: where to find editors, a paid test edit, editing briefs, pricing structures, feedback rounds and ownership.",https://www.kudozz.in/blog/hire-video-editor-creator,yes,1390,14,15,8,Answer;BlogPosting;BreadcrumbList;ContactPoint;Country;FAQPage;ImageObject;ListItem;Offer;OfferCatalog;Organization;Question;Service;WebPage;WebSite,Informational (creator),True
https://www.kudozz.in/blog/home-interior-influencer-marketing-india,Blog (brand),Home Decor and Interior Influencer Marketing Guide — Kudozz,59,Influencer Marketing for Home and Interior Brands: Complete Campaign Strategy,"Home and interior influencer marketing: designers, renovation and small-space creators, room transformations, product integration and showroom conversion.",https://www.kudozz.in/blog/home-interior-influencer-marketing-india,yes,1289,17,16,3,Answer;BlogPosting;BreadcrumbList;ContactPoint;Country;FAQPage;ImageObject;ListItem;Offer;OfferCatalog;Organization;Question;Service;WebPage;WebSite,Informational (brand),True
https://www.kudozz.in/blog/host-read-podcast-ads,Blog (brand),Host-Read Podcast Ads: Complete Guide for Brands — Kudozz,57,Host-Read Podcast Ads: Complete Guide for Brands,"A host-read ad works because it sounds like the host, not the brand. What that actually requires in terms of scripting discipline, disclosure, and tracking.",https://www.kudozz.in/blog/host-read-podcast-ads,yes,924,8,13,1,Answer;BlogPosting;BreadcrumbList;ContactPoint;Country;FAQPage;ImageObject;ListItem;Offer;OfferCatalog;Organization;Question;Service;WebPage;WebSite,Informational (brand),True
https://www.kudozz.in/blog/how-creators-say-no-to-brand-deals,Creator resource,How to Say No to Brand Collaborations Professionally,52,How Creators Can Say No to Brand Collaborations Professionally,"How creators decline brand collaborations professionally: when to say no, templates for poor fit, low budget, timing and exclusivity conflicts, and counter-offers.",https://www.kudozz.in/blog/how-creators-say-no-to-brand-deals,yes,1475,14,17,7,Answer;BlogPosting;BreadcrumbList;ContactPoint;Country;FAQPage;ImageObject;ListItem;Offer;OfferCatalog;Organization;Question;Service;WebPage;WebSite,Informational (creator),True
https://www.kudozz.in/blog/how-much-should-creators-charge-india,Creator resource,How Much Should Creators Charge for Brand Deals in India?,57,How Much Should Creators Charge for Brand Collaborations in India?,"How much should creators charge in India? The pricing factors that matter (views, engagement, niche, platform, production, rights, exclusivity) and a worked framework, with clearly labelled examples.",https://www.kudozz.in/blog/how-much-should-creators-charge-india,yes,1914,12,22,20,Answer;BlogPosting;BreadcrumbList;ContactPoint;Country;FAQPage;ImageObject;ListItem;Offer;OfferCatalog;Organization;Question;Service;WebPage;WebSite,Commercial investigation (pricing),True
https://www.kudozz.in/blog/how-much-to-pay-influencers,Blog (brand),How Much to Pay Influencers: A Guide for Brands — Kudozz,56,How Much Should You Pay Influencers? A Brand's Complete Guide,"The specific factors that actually determine what a creator charges, and a framework for judging value, not just price, before you make an offer.",https://www.kudozz.in/blog/how-much-to-pay-influencers,yes,2076,21,22,15,Answer;BlogPosting;BreadcrumbList;ContactPoint;Country;FAQPage;ImageObject;ListItem;Offer;OfferCatalog;Organization;Question;Service;WebPage;WebSite,Commercial investigation (pricing),True
https://www.kudozz.in/blog/how-to-analyze-a-viral-video,Creator resource,How to Analyse a Viral Video: A Creator's Framework — Kudozz,60,How to Analyze a Viral Video: A Creator's Framework for Finding What Worked,"How to analyze a viral video: a seven-factor framework (topic, timing, hook, format, emotion, distribution, audience), data to check, separating repeatable causes from luck, and turning findings into tests.",https://www.kudozz.in/blog/how-to-analyze-a-viral-video,yes,986,10,17,6,Answer;BlogPosting;BreadcrumbList;ContactPoint;Country;FAQPage;ImageObject;ListItem;Offer;OfferCatalog;Organization;Question;Service;WebPage;WebSite,Informational (creator),True
https://www.kudozz.in/blog/how-to-build-a-creator-brand,Creator resource,How to Build a Personal Brand as a Creator — Kudozz,51,How to Build a Personal Brand as a Creator (That Brands Want to Work With),"How to build a personal brand as a creator: positioning, niche, content pillars, story and values, visual identity, voice, expertise, consistency across platforms, credibility and differentiation, with worksheets.",https://www.kudozz.in/blog/how-to-build-a-creator-brand,yes,2100,16,23,11,Answer;BlogPosting;BreadcrumbList;ContactPoint;Country;FAQPage;ImageObject;ListItem;Offer;OfferCatalog;Organization;Question;Service;WebPage;WebSite,Informational (creator),True
https://www.kudozz.in/blog/how-to-build-a-creator-community,Creator resource,How to Build a Creator Community From Your Followers,52,How to Build a Creator Community: From Followers to an Engaged Audience,"How to build a creator community: audience vs community, choosing platforms, community rituals, moderation and rules, member contribution, measuring community health, and moving to paid communities.",https://www.kudozz.in/blog/how-to-build-a-creator-community,yes,1418,15,19,16,Answer;BlogPosting;BreadcrumbList;ContactPoint;Country;FAQPage;ImageObject;ListItem;Offer;OfferCatalog;Organization;Question;Service;WebPage;WebSite,Informational (creator),True
https://www.kudozz.in/blog/how-to-build-a-creator-website,Creator resource,How to Build a Creator Website: Guide for Indian Creators,57,How to Build a Creator Website: Complete Guide for Indian Creators,"How to build a creator website in India: why creators need one, essential pages, platform options, domain and hosting, costs in INR, brand-deal pages, email capture, and a launch checklist.",https://www.kudozz.in/blog/how-to-build-a-creator-website,yes,1781,14,19,19,Answer;BlogPosting;BreadcrumbList;ContactPoint;Country;FAQPage;ImageObject;ListItem;Offer;OfferCatalog;Organization;Question;Service;WebPage;WebSite,Informational (creator),True
https://www.kudozz.in/blog/how-to-build-an-audience-brands-want,Creator resource,How to Build a Creator Audience Brands Want to Reach,52,How to Build a Creator Audience That Brands Want to Reach,"How to build a creator audience brands want: audience relevance, trust, consistency, niche authority, engagement, retention, community, geographic and language relevance, and why follower count alone isn't enough.",https://www.kudozz.in/blog/how-to-build-an-audience-brands-want,yes,1540,15,20,8,Answer;BlogPosting;BreadcrumbList;ContactPoint;Country;FAQPage;ImageObject;ListItem;Offer;OfferCatalog;Organization;Question;Service;WebPage;WebSite,Informational (creator),True
https://www.kudozz.in/blog/how-to-build-authority-as-a-creator,Creator resource,How to Build Authority as a Creator in Your Industry,52,How to Build Authority as a Creator in Your Industry,"How to build authority as a creator: topical depth, evidence and accuracy, credentials and experience, consistency, owned content, collaborations and speaking, and how authority helps search and brand deals.",https://www.kudozz.in/blog/how-to-build-authority-as-a-creator,yes,950,10,18,12,Answer;BlogPosting;BreadcrumbList;ContactPoint;Country;FAQPage;ImageObject;ListItem;Offer;OfferCatalog;Organization;Question;Service;WebPage;WebSite,Informational (creator),True
https://www.kudozz.in/blog/how-to-choose-the-right-influencer-for-your-brand,Blog (brand),Influencer Selection Criteria: Choosing Creators — Kudozz,57,How to Choose the Right Influencer for Your Brand (Not Just the Biggest One),"Influencer selection criteria for brands: audience fit, brand fit, engagement quality, authenticity, regional relevance and an 8-factor scoring framework.",https://www.kudozz.in/blog/how-to-choose-the-right-influencer-for-your-brand,yes,1378,10,17,12,Answer;BlogPosting;BreadcrumbList;ContactPoint;Country;FAQPage;ImageObject;ListItem;Offer;OfferCatalog;Organization;Question;Service;WebPage;WebSite,Informational (brand),True
https://www.kudozz.in/blog/how-to-choose-the-right-podcast,Blog (brand),How to Choose the Right Podcast for Your Brand — Kudozz,55,How to Choose the Right Podcast for Your Brand,"A practical scorecard for turning a shortlist into a decision, weighing audience fit and credibility well above pricing and reach.",https://www.kudozz.in/blog/how-to-choose-the-right-podcast,yes,816,5,12,1,Answer;BlogPosting;BreadcrumbList;ContactPoint;Country;FAQPage;ImageObject;ListItem;Offer;OfferCatalog;Organization;Question;Service;WebPage;WebSite,Informational (brand),True
https://www.kudozz.in/blog/how-to-contact-instagram-influencers,Blog (brand),How to Contact Instagram Influencers (With Templates),53,"How to Contact Instagram Influencers: Outreach, Pitching and Negotiation Guide",The difference between a message that gets a reply and one that gets ignored usually comes down to specificity. Templates and a negotiation framework for reaching out to Instagram creators.,https://www.kudozz.in/blog/how-to-contact-instagram-influencers,yes,1244,10,16,5,Answer;BlogPosting;BreadcrumbList;ContactPoint;Country;FAQPage;ImageObject;ListItem;Offer;OfferCatalog;Organization;Question;Service;WebPage;WebSite,Informational (brand),True
https://www.kudozz.in/blog/how-to-contact-youtube-creators,Blog (brand),"How to Contact YouTube Creators: Outreach, Pitching and Negotiation Guide",73,"How to Contact YouTube Creators: Outreach, Pitching and Negotiation Guide","YouTube creators get pitched constantly through their listed business email. A specific, well-researched pitch still gets a reply. A generic one gets archived.",https://www.kudozz.in/blog/how-to-contact-youtube-creators,yes,1436,13,15,3,Answer;BlogPosting;BreadcrumbList;ContactPoint;Country;FAQPage;ImageObject;ListItem;Offer;OfferCatalog;Organization;Question;Service;WebPage;WebSite,Informational (brand),True
https://www.kudozz.in/blog/how-to-create-a-successful-influencer-marketing-campaign,Blog (brand),Influencer Campaign Planning: How to Create a Campaign,54,How to Create a Successful Influencer Marketing Campaign,"Plan an influencer marketing campaign step by step: objective, audience, platform, budget, creators, brief, timeline and tracking, with a plan template.",https://www.kudozz.in/blog/how-to-create-a-successful-influencer-marketing-campaign,yes,1704,20,28,15,Answer;BlogPosting;BreadcrumbList;ContactPoint;Country;FAQPage;ImageObject;ListItem;Offer;OfferCatalog;Organization;Question;Service;WebPage;WebSite,Informational (brand),True
https://www.kudozz.in/blog/how-to-find-brands-to-collaborate-with,Creator resource,How to Find Brands to Collaborate With as a Creator — Kudozz,60,How to Find Brands to Collaborate With as a Creator,"How to find brands to collaborate with as a creator in India: brands already working with creators, competitor campaigns, Instagram, YouTube, LinkedIn, marketplaces, agencies and a weekly workflow.",https://www.kudozz.in/blog/how-to-find-brands-to-collaborate-with,yes,1619,15,16,13,Answer;BlogPosting;BreadcrumbList;ContactPoint;Country;FAQPage;ImageObject;ListItem;Offer;OfferCatalog;Organization;Question;Service;WebPage;WebSite,Informational (creator),True
https://www.kudozz.in/blog/how-to-find-content-gaps,Creator resource,How to Find Content Gaps: Turn Questions Into Content Ideas,59,How to Find Content Gaps as a Creator: Turn Unanswered Questions Into Content Ideas,"How creators find content gaps: sources (comments, search suggestions, YouTube research insights, Reddit, Google), judging quality and language gaps, scoring ideas, and turning gaps into content series.",https://www.kudozz.in/blog/how-to-find-content-gaps,yes,1171,11,18,19,Answer;BlogPosting;BreadcrumbList;ContactPoint;Country;FAQPage;ImageObject;ListItem;Offer;OfferCatalog;Organization;Question;Service;WebPage;WebSite,Informational (creator),True
https://www.kudozz.in/blog/how-to-find-creators-to-collaborate-with,Creator resource,How to Find and Approach Creators to Collaborate With,53,Creator Collaborations: How to Find and Approach Other Creators for Growth,"How to find and approach other creators for collaborations: where to find partners, judging audience fit and size, outreach templates, first collab ideas, and mistakes to avoid.",https://www.kudozz.in/blog/how-to-find-creators-to-collaborate-with,yes,918,9,15,7,Answer;BlogPosting;BreadcrumbList;ContactPoint;Country;FAQPage;ImageObject;ListItem;Offer;OfferCatalog;Organization;Question;Service;WebPage;WebSite,Informational (creator),True
https://www.kudozz.in/blog/how-to-find-instagram-influencers,Blog (brand),How to Find Instagram Influencers for Your Brand — Kudozz,57,How to Find Instagram Influencers for Your Brand: Complete Creator Discovery Guide,"Where to actually source Instagram creators, how to shortlist them without defaulting to follower count, and a scorecard for evaluating candidates before you reach out.",https://www.kudozz.in/blog/how-to-find-instagram-influencers,yes,1401,10,21,5,Answer;BlogPosting;BreadcrumbList;ContactPoint;Country;FAQPage;ImageObject;ListItem;Offer;OfferCatalog;Organization;Question;Service;WebPage;WebSite,Informational (brand),True
https://www.kudozz.in/blog/how-to-find-linkedin-influencers,Blog (brand),How to Find LinkedIn Influencers and B2B Creators for Your Brand,64,How to Find LinkedIn Influencers and B2B Creators for Your Brand,"Where to actually find credible LinkedIn creators and B2B experts, a weighted scorecard for evaluating them, and why follower count is one of the least useful signals on this platform.",https://www.kudozz.in/blog/how-to-find-linkedin-influencers,yes,1592,15,15,5,Answer;BlogPosting;BreadcrumbList;ContactPoint;Country;FAQPage;ImageObject;ListItem;Offer;OfferCatalog;Organization;Question;Service;WebPage;WebSite,Informational (brand),True
https://www.kudozz.in/blog/how-to-find-podcasts-and-podcast-creators,Blog (brand),How to Find the Right Podcasts and Podcast Creators for Your Brand,66,How to Find the Right Podcasts and Podcast Creators for Your Brand,"Download count is the easiest number to compare and one of the weakest signals of fit. A discovery framework that starts with the audience, not the leaderboard.",https://www.kudozz.in/blog/how-to-find-podcasts-and-podcast-creators,yes,1108,8,16,5,Answer;BlogPosting;BreadcrumbList;ContactPoint;Country;FAQPage;ImageObject;ListItem;Offer;OfferCatalog;Organization;Question;Service;WebPage;WebSite,Informational (brand),True
https://www.kudozz.in/blog/how-to-find-reddit-influencers,Blog (brand),How to Find Reddit Creators and Influencers for Your Brand,58,How to Find Reddit Creators and Influencers for Your Brand,"A discovery framework built around subreddit relevance and demonstrated expertise, not follower count, plus how to evaluate quality, consistency, and commercial suitability before reaching out.",https://www.kudozz.in/blog/how-to-find-reddit-influencers,yes,1398,12,15,3,Answer;BlogPosting;BreadcrumbList;ContactPoint;Country;FAQPage;ImageObject;ListItem;Offer;OfferCatalog;Organization;Question;Service;WebPage;WebSite,Informational (brand),True
https://www.kudozz.in/blog/how-to-find-snapchat-influencers,Blog (brand),How to Find Snapchat Influencers and Creators for Your Brand,60,How to Find Snapchat Influencers and Creators for Your Brand,"Where to actually find Snapchat creators worth working with, a 100-point evaluation scorecard, and why follower count is one of the least reliable signals on a discovery-driven platform.",https://www.kudozz.in/blog/how-to-find-snapchat-influencers,yes,1621,13,16,6,Answer;BlogPosting;BreadcrumbList;ContactPoint;Country;FAQPage;ImageObject;ListItem;Offer;OfferCatalog;Organization;Question;Service;WebPage;WebSite,Informational (brand),True
https://www.kudozz.in/blog/how-to-find-ugc-creators,Blog (brand),How to Find and Hire UGC Creators in India — Kudozz,51,How to Find and Hire UGC Creators in India,"Where to source UGC creators in India, how to evaluate their portfolios, negotiate rates, structure deliverables, and onboard them, with a practical checklist before you commit to a full production run.",https://www.kudozz.in/blog/how-to-find-ugc-creators,yes,1705,20,17,7,Answer;BlogPosting;BreadcrumbList;ContactPoint;Country;FAQPage;ImageObject;ListItem;Offer;OfferCatalog;Organization;Question;Service;WebPage;WebSite,Informational (brand),True
https://www.kudozz.in/blog/how-to-find-x-influencers,Blog (brand),How to Find X Influencers and Creators for Your Brand,53,How to Find X Influencers and Creators for Your Brand,"The most valuable account for a specific conversation is rarely the one with the most followers. A discovery and vetting framework built around conversation quality, not follower count.",https://www.kudozz.in/blog/how-to-find-x-influencers,yes,1008,7,15,9,Answer;BlogPosting;BreadcrumbList;ContactPoint;Country;FAQPage;ImageObject;ListItem;Offer;OfferCatalog;Organization;Question;Service;WebPage;WebSite,Informational (brand),True
https://www.kudozz.in/blog/how-to-find-youtube-influencers,Blog (brand),How to Find YouTube Influencers for Your Brand — Kudozz,55,How to Find YouTube Influencers for Your Brand: Complete Creator Discovery Guide,Subscriber count is the easiest number to see and one of the weakest signals of fit. A structured discovery and scoring process for finding YouTube creators worth actually contacting.,https://www.kudozz.in/blog/how-to-find-youtube-influencers,yes,1136,8,17,5,Answer;BlogPosting;BreadcrumbList;ContactPoint;Country;FAQPage;ImageObject;ListItem;Offer;OfferCatalog;Organization;Question;Service;WebPage;WebSite,Informational (brand),True
https://www.kudozz.in/blog/how-to-grow-as-a-creator-from-zero,Creator resource,How to Grow as a Creator From 0: A 90-Day Plan — Kudozz,55,How to Grow as a Creator From 0 Followers: A Practical 90-Day Strategy,"How to grow as a creator from 0 followers: a practical 90-day plan covering niche, profile setup, formats, posting habits, first community, analytics and adjustments, with realistic expectations.",https://www.kudozz.in/blog/how-to-grow-as-a-creator-from-zero,yes,1119,12,20,6,Answer;BlogPosting;BreadcrumbList;ContactPoint;Country;FAQPage;ImageObject;ListItem;Offer;OfferCatalog;Organization;Question;Service;WebPage;WebSite,Informational (creator),True
https://www.kudozz.in/blog/how-to-identify-fake-followers,Blog (brand),How to Spot Fake Followers and Influencer Fraud — Kudozz,56,How to Identify Fake Followers and Fake Engagement on Instagram,"The practical signals that separate a genuine, engaged audience from an inflated one, and why no single number proves authenticity on its own.",https://www.kudozz.in/blog/how-to-identify-fake-followers,yes,1647,17,18,16,Answer;BlogPosting;BreadcrumbList;ContactPoint;Country;FAQPage;ImageObject;ListItem;Offer;OfferCatalog;Organization;Question;Service;WebPage;WebSite,Informational (brand),True
https://www.kudozz.in/blog/how-to-invoice-brands-as-a-creator-india,Creator resource,How to Invoice Brands as a Creator in India — Kudozz,52,How to Invoice Brands as a Creator in India: Complete Guide,"How to invoice brands as a creator in India: invoice number, business and brand details, deliverables, fee, GST where applicable, TDS, payment terms, bank details, PO references and follow-ups. Includes a template.",https://www.kudozz.in/blog/how-to-invoice-brands-as-a-creator-india,yes,1736,11,21,20,Answer;BlogPosting;BreadcrumbList;ContactPoint;Country;FAQPage;ImageObject;ListItem;Offer;OfferCatalog;Organization;Question;Service;WebPage;WebSite,Informational (creator),True
https://www.kudozz.in/blog/how-to-negotiate-brand-deals-as-a-creator,Creator resource,How to Negotiate Brand Deals as a Creator — Kudozz,50,How to Negotiate Brand Deals as a Creator: Complete Guide,"How to negotiate brand deals as a creator: questions to ask first, negotiating fee, deliverables, revisions, usage rights, exclusivity, timelines and payment, when to say no, and example messages.",https://www.kudozz.in/blog/how-to-negotiate-brand-deals-as-a-creator,yes,1657,15,22,20,Answer;BlogPosting;BreadcrumbList;ContactPoint;Country;FAQPage;ImageObject;ListItem;Offer;OfferCatalog;Organization;Question;Service;WebPage;WebSite,Informational (creator),True
https://www.kudozz.in/blog/how-to-negotiate-with-influencers,Blog (brand),How to Negotiate With Influencers: A Guide for Brands,53,How to Negotiate With Influencers: A Guide for Brands,"A practical, fair approach to influencer rate negotiation — what actually determines pricing, which terms are worth discussing beyond the number, and why a transparent process leads to better collaborations.",https://www.kudozz.in/blog/how-to-negotiate-with-influencers,yes,1504,16,16,19,Answer;BlogPosting;BreadcrumbList;ContactPoint;Country;FAQPage;ImageObject;ListItem;Offer;OfferCatalog;Organization;Question;Service;WebPage;WebSite,Informational (brand),True
https://www.kudozz.in/blog/how-to-pitch-brands-as-a-creator,Creator resource,How to Pitch Brands as a Creator in India — Kudozz,50,How to Pitch Brands as a Creator: Complete Guide for Indian Creators,"How to pitch brands as a creator in India: finding and researching brands, reaching the right contact, pitch structure, what stats to include, follow-ups, and templates for email, DM and LinkedIn.",https://www.kudozz.in/blog/how-to-pitch-brands-as-a-creator,yes,1936,16,17,19,Answer;BlogPosting;BreadcrumbList;ContactPoint;Country;FAQPage;ImageObject;ListItem;Offer;OfferCatalog;Organization;Question;Service;WebPage;WebSite,Informational (creator),True
https://www.kudozz.in/blog/how-to-raise-creator-rates,Creator resource,How to Raise Your Rates as a Creator Without Losing Deals,57,How to Raise Your Rates as a Creator Without Losing Brand Deals,"How creators raise rates without losing brand deals: signs you're underpriced, how much to increase, telling existing clients, notice periods and handling pushback.",https://www.kudozz.in/blog/how-to-raise-creator-rates,yes,1369,14,16,10,Answer;BlogPosting;BreadcrumbList;ContactPoint;Country;FAQPage;ImageObject;ListItem;Offer;OfferCatalog;Organization;Question;Service;WebPage;WebSite,Commercial investigation (pricing),True
https://www.kudozz.in/blog/how-to-vet-influencers,Blog (brand),How to Vet Influencers: A Brand Due-Diligence Checklist,55,How to Vet Influencers Before a Brand Collaboration,"Vet influencers before hiring them: profile, audience, authenticity, content, brand-safety and commercial checks, with an interactive due-diligence checklist.",https://www.kudozz.in/blog/how-to-vet-influencers,yes,1572,14,18,33,Answer;BlogPosting;BreadcrumbList;ContactPoint;Country;FAQPage;ImageObject;ListItem;Offer;OfferCatalog;Organization;Question;Service;WebPage;WebSite,Informational (brand),True
https://www.kudozz.in/blog/how-to-work-with-influencers,Blog (brand),How to Work With Influencers: A Complete Guide for Brands,57,How to Work With Influencers: A Complete Guide for Brands,"The professional and interpersonal side of influencer partnerships — communication, negotiation, creative collaboration, and contracts — for brands managing a live creator relationship, not just planning a campaign.",https://www.kudozz.in/blog/how-to-work-with-influencers,yes,1089,13,19,7,Answer;BlogPosting;BreadcrumbList;ContactPoint;Country;FAQPage;ImageObject;ListItem;Offer;OfferCatalog;Organization;Question;Service;WebPage;WebSite,Informational (brand),True
https://www.kudozz.in/blog/how-to-write-video-scripts,Creator resource,How to Write Video Scripts: Frameworks for Reels and YouTube,60,"How to Write Better Video Scripts as a Creator: Frameworks for Reels, Shorts and Videos","How to write video scripts as a creator: frameworks for Reels and Shorts (hook-point-proof-payoff), long-form YouTube structures, writing for speech, Hinglish and regional scripts, and sponsored segments.",https://www.kudozz.in/blog/how-to-write-video-scripts,yes,1177,12,17,13,Answer;BlogPosting;BreadcrumbList;ContactPoint;Country;FAQPage;ImageObject;ListItem;Offer;OfferCatalog;Organization;Question;Service;WebPage;WebSite,Informational (creator),True
https://www.kudozz.in/blog/hr-recruitment-influencer-marketing-india,Blog (brand),Influencer Marketing for HR and Recruitment Companies in India,62,Influencer Marketing for HR and Recruitment Companies in India,"How Indian recruitment firms, HR tech platforms, and employer branding agencies can use career-focused creators for credibility and talent attraction, without promising employment outcomes.",https://www.kudozz.in/blog/hr-recruitment-influencer-marketing-india,yes,1112,14,14,1,Answer;BlogPosting;BreadcrumbList;ContactPoint;Country;FAQPage;ImageObject;ListItem;Offer;OfferCatalog;Organization;Question;Service;WebPage;WebSite,Informational (brand),True
https://www.kudozz.in/blog/identify-ideal-audience-creator,Creator resource,How to Identify Your Ideal Audience as a Creator — Kudozz,57,How to Identify Your Ideal Audience as a Creator,"How creators define an ideal audience: a profile template, sharpening questions, checking it against analytics, multiple audiences and using it for decisions.",https://www.kudozz.in/blog/identify-ideal-audience-creator,yes,1388,13,15,7,Answer;BlogPosting;BreadcrumbList;ContactPoint;Country;FAQPage;ImageObject;ListItem;Offer;OfferCatalog;Organization;Question;Service;WebPage;WebSite,Informational (creator),True
https://www.kudozz.in/blog/influencer-agency-vs-freelancer,Blog (brand),Influencer Marketing Agency vs Freelancer: How to Choose,56,Influencer Marketing Agency vs Freelancer: What Should Your Brand Choose?,"Agency or freelancer for influencer marketing? Compare scope, cost structure, capacity, risk and accountability, with a decision matrix for Indian brands.",https://www.kudozz.in/blog/influencer-agency-vs-freelancer,yes,1386,11,16,7,Answer;BlogPosting;BreadcrumbList;ContactPoint;Country;FAQPage;ImageObject;ListItem;Offer;OfferCatalog;Organization;Question;Service;WebPage;WebSite,Comparison,True
https://www.kudozz.in/blog/influencer-audience-quality,Blog (brand),Influencer Audience Quality and Fit: What to Check — Kudozz,59,Influencer Audience Quality: What Brands Should Check Before a Collaboration,"Check influencer audience quality and fit: data to request, matching location, age and language to your customer, authenticity signals and a fit worksheet.",https://www.kudozz.in/blog/influencer-audience-quality,yes,1217,11,14,22,Answer;BlogPosting;BreadcrumbList;ContactPoint;Country;FAQPage;ImageObject;ListItem;Offer;OfferCatalog;Organization;Question;Service;WebPage;WebSite,Informational (brand),True
https://www.kudozz.in/blog/influencer-budget-allocation,Blog (brand),Influencer Budget Allocation: Creators and Tiers — Kudozz,57,How to Allocate Your Influencer Marketing Budget Across Creators,"Plan an influencer campaign on a fixed budget: reserve non-creator costs, split by tier and objective, work out how many creators you can afford.",https://www.kudozz.in/blog/influencer-budget-allocation,yes,1508,11,18,146,Answer;BlogPosting;BreadcrumbList;ContactPoint;Country;FAQPage;ImageObject;ListItem;Offer;OfferCatalog;Organization;Question;Service;WebPage;WebSite,Informational (brand),True
https://www.kudozz.in/blog/influencer-campaign-brief,Blog (brand),Influencer Campaign Brief: Template and Examples — Kudozz,57,How to Create an Effective Influencer Campaign Brief,"A complete, copyable framework for writing an influencer campaign brief that gives creators enough direction without flattening their voice — plus every section it should include.",https://www.kudozz.in/blog/influencer-campaign-brief,yes,1307,10,17,17,Answer;BlogPosting;BreadcrumbList;ContactPoint;Country;FAQPage;ImageObject;ListItem;Offer;OfferCatalog;Organization;Question;Service;WebPage;WebSite,Informational (brand),True
https://www.kudozz.in/blog/influencer-campaign-cost-india,Blog (brand),Influencer Campaign Cost Calculator and Budget Examples,55,Influencer Marketing Campaign Costs in India: Budget Examples for Brands,"Estimate your influencer campaign budget with a cost calculator: creator fees by tier, agency fees, production, usage rights and amplification, with examples.",https://www.kudozz.in/blog/influencer-campaign-cost-india,yes,1761,16,17,14,Answer;BlogPosting;BreadcrumbList;ContactPoint;Country;FAQPage;ImageObject;ListItem;Offer;OfferCatalog;Organization;Question;Service;WebPage;WebSite,Commercial investigation (pricing),True
https://www.kudozz.in/blog/influencer-campaign-management,Blog (brand),Influencer Campaign Management: Process and Services,52,How Influencer Campaign Management Works: A Step-by-Step Guide,"How influencer campaign management works step by step, who does what, and what to expect from campaign management services: contacts, approvals and reporting.",https://www.kudozz.in/blog/influencer-campaign-management,yes,2008,22,26,63,Answer;BlogPosting;BreadcrumbList;ContactPoint;Country;FAQPage;ImageObject;ListItem;Offer;OfferCatalog;Organization;Question;Service;WebPage;WebSite,Informational (brand),True
https://www.kudozz.in/blog/influencer-contract-guide-for-creators,Creator resource,Influencer Contract Guide for Creators: Key Clauses — Kudozz,60,Influencer Contract Guide for Creators: Clauses You Should Understand Before Signing,"An educational influencer contract guide for creators in India: deliverables, payment, revisions, approvals, cancellation, usage rights, exclusivity, ownership, disclosure, termination, taxes and disputes.",https://www.kudozz.in/blog/influencer-contract-guide-for-creators,yes,2113,8,20,36,Answer;BlogPosting;BreadcrumbList;ContactPoint;Country;FAQPage;ImageObject;ListItem;Offer;OfferCatalog;Organization;Question;Service;WebPage;WebSite,Informational (creator),True
https://www.kudozz.in/blog/influencer-engagement-rate,Blog (brand),How to Calculate Influencer Engagement Rate (Formulas),54,"How to Calculate Influencer Engagement Rate: Formulas, Examples and Benchmarks","How to calculate influencer engagement rate: formulas by followers, reach and views, worked examples with hypothetical numbers, platform differences, benchmarks, and how creators should present it before pitching.",https://www.kudozz.in/blog/influencer-engagement-rate,yes,1896,14,17,19,Answer;BlogPosting;BreadcrumbList;ContactPoint;Country;FAQPage;ImageObject;ListItem;Offer;OfferCatalog;Organization;Question;Service;WebPage;WebSite,Informational (brand),True
https://www.kudozz.in/blog/influencer-management-vs-influencer-marketing,Blog (brand),Influencer Management vs Influencer Marketing: What's the Difference?,69,Influencer Management vs Influencer Marketing: What's the Difference?,"A clear definitional comparison between influencer management and influencer marketing, what each actually covers, where they overlap, and which term matters for the service you're actually looking for.",https://www.kudozz.in/blog/influencer-management-vs-influencer-marketing,yes,1062,10,16,1,Answer;BlogPosting;BreadcrumbList;ContactPoint;Country;FAQPage;ImageObject;ListItem;Offer;OfferCatalog;Organization;Question;Service;WebPage;WebSite,Comparison,True
https://www.kudozz.in/blog/influencer-marketing-agency-brief,Blog (brand),Influencer Marketing Agency Brief: What Your Agency Needs,57,How to Write an Influencer Marketing Agency Brief for Your Campaign,"Brief an influencer marketing agency well: the 12 sections to include, a copy-ready template, budget and audience details, and agency vs creator briefs.",https://www.kudozz.in/blog/influencer-marketing-agency-brief,yes,1457,11,16,7,Answer;BlogPosting;BreadcrumbList;ContactPoint;Country;FAQPage;ImageObject;ListItem;Offer;OfferCatalog;Organization;Question;Service;WebPage;WebSite,Informational (brand),True
https://www.kudozz.in/blog/influencer-marketing-agency-checklist,Blog (brand),Influencer Marketing Agency Checklist Before You Sign,53,Influencer Marketing Agency Checklist: What to Check Before Signing a Contract,"Check before signing an influencer marketing agency contract: scope, fees, creator payments, usage rights, compliance, reporting, data and exit terms.",https://www.kudozz.in/blog/influencer-marketing-agency-checklist,yes,1560,13,16,6,Answer;BlogPosting;BreadcrumbList;ContactPoint;Country;FAQPage;ImageObject;ListItem;Offer;OfferCatalog;Organization;Question;Service;WebPage;WebSite,Informational (brand),True
https://www.kudozz.in/blog/influencer-marketing-agency-fees-india,Blog (brand),Influencer Marketing Agency Fees in India: Pricing Models,57,How Much Does an Influencer Marketing Agency Charge in India?,"How influencer marketing agencies in India charge: retainer, campaign fee, percentage of spend and hybrid models, what's included, and how to compare quotes.",https://www.kudozz.in/blog/influencer-marketing-agency-fees-india,yes,1860,12,16,14,Answer;BlogPosting;BreadcrumbList;ContactPoint;Country;FAQPage;ImageObject;ListItem;Offer;OfferCatalog;Organization;Question;Service;WebPage;WebSite,Commercial investigation (pricing),True
https://www.kudozz.in/blog/influencer-marketing-agency-onboarding,Blog (brand),Influencer Marketing Agency Onboarding: What to Prepare,55,Influencer Marketing Agency Onboarding: What Brands Should Prepare Before a Campaign Starts,"Onboard an influencer marketing agency well: the onboarding pack, access, approval matrix, claims, finance setup, tracking, kickoff agenda and first 30 days.",https://www.kudozz.in/blog/influencer-marketing-agency-onboarding,yes,1092,11,15,5,Answer;BlogPosting;BreadcrumbList;ContactPoint;Country;FAQPage;ImageObject;ListItem;Offer;OfferCatalog;Organization;Question;Service;WebPage;WebSite,Informational (brand),True
https://www.kudozz.in/blog/influencer-marketing-agency-pitch-questions,Blog (brand),20 Questions to Ask an Influencer Marketing Agency — Kudozz,59,Influencer Marketing Agency Pitch: 20 Questions Brands Should Ask Before Hiring,"20 questions to ask an influencer marketing agency before hiring, with what strong and weak answers sound like, plus red flags on creators, fees and reporting.",https://www.kudozz.in/blog/influencer-marketing-agency-pitch-questions,yes,1304,12,16,6,Answer;BlogPosting;BreadcrumbList;ContactPoint;Country;FAQPage;ImageObject;ListItem;Offer;OfferCatalog;Organization;Question;Service;WebPage;WebSite,Informational (brand),True
https://www.kudozz.in/blog/influencer-marketing-agency-vs-in-house,Blog (brand),Influencer Marketing Agency vs In-House: Cost and Skills,56,Influencer Marketing Agency vs Managing Influencers In-House,"Agency or in-house influencer marketing? Compare cost, skills, capacity and control, see the signs it's time to hire an agency, and when hybrid works.",https://www.kudozz.in/blog/influencer-marketing-agency-vs-in-house,yes,1731,19,17,7,Answer;BlogPosting;BreadcrumbList;ContactPoint;Country;FAQPage;ImageObject;ListItem;Offer;OfferCatalog;Organization;Question;Service;WebPage;WebSite,Comparison,True
https://www.kudozz.in/blog/influencer-marketing-ahmedabad,Location,Influencer Marketing in Ahmedabad: A Guide for Local Brands,59,Influencer Marketing in Ahmedabad: A Guide for Local Brands,"How Ahmedabad and Gujarat-based brands can use influencer marketing, including when to prioritize local, state-wide, or national creators as a business scales.",https://www.kudozz.in/blog/influencer-marketing-ahmedabad,yes,1279,15,21,4,Answer;BlogPosting;BreadcrumbList;ContactPoint;Country;FAQPage;ImageObject;ListItem;Offer;OfferCatalog;Organization;Question;Service;WebPage;WebSite,Commercial investigation (local),True
https://www.kudozz.in/blog/influencer-marketing-annual-plan,Blog (brand),Influencer Marketing Annual Plan and Calendar — Kudozz,54,Influencer Marketing Annual Plan: How Brands Can Build a 12-Month Creator Strategy,"Build a 12-month influencer marketing plan: objectives, the Indian calendar, always-on vs peaks, multi-product and regional planning, reviews and a template.",https://www.kudozz.in/blog/influencer-marketing-annual-plan,yes,1275,13,18,5,Answer;BlogPosting;BreadcrumbList;ContactPoint;Country;FAQPage;ImageObject;ListItem;Offer;OfferCatalog;Organization;Question;Service;WebPage;WebSite,Informational (brand),True
https://www.kudozz.in/blog/influencer-marketing-automotive-dealerships,Blog (brand),Influencer Marketing for Car and Bike Dealerships — Kudozz,58,Influencer Marketing for Automotive Dealerships: How to Build Local Creator Campaigns,"Local influencer marketing for car and bike dealerships: OEM guidelines, local creators, showroom and test drives, service, used vehicles and lead tracking.",https://www.kudozz.in/blog/influencer-marketing-automotive-dealerships,yes,1080,10,14,4,Answer;BlogPosting;BreadcrumbList;ContactPoint;Country;FAQPage;ImageObject;ListItem;Offer;OfferCatalog;Organization;Question;Service;WebPage;WebSite,Informational (brand),True
https://www.kudozz.in/blog/influencer-marketing-b2b-technology,Blog (brand),B2B Technology Influencer Marketing: Industry Creators,54,Influencer Marketing for B2B Technology Brands: How to Work With Industry Creators,"B2B technology influencer marketing: developer and practitioner creators for cloud, security, data and IT, technical formats, events, long cycles and pipeline.",https://www.kudozz.in/blog/influencer-marketing-b2b-technology,yes,1136,11,12,4,Answer;BlogPosting;BreadcrumbList;ContactPoint;Country;FAQPage;ImageObject;ListItem;Offer;OfferCatalog;Organization;Question;Service;WebPage;WebSite,Informational (brand),True
https://www.kudozz.in/blog/influencer-marketing-bangalore,Location,Influencer Marketing in Bengaluru for Startups and Brands,57,Influencer Marketing in Bengaluru for Startups and Brands,"How startups and consumer brands can use influencer marketing to reach Bengaluru's audience, including why the city's tech reputation doesn't mean every brand there is a tech company.",https://www.kudozz.in/blog/influencer-marketing-bangalore,yes,1222,14,20,3,Answer;BlogPosting;BreadcrumbList;ContactPoint;Country;FAQPage;ImageObject;ListItem;Offer;OfferCatalog;Organization;Question;Service;WebPage;WebSite,Commercial investigation (local),True
https://www.kudozz.in/blog/influencer-marketing-beauty-brands-india,Blog (brand),Influencer Marketing for Beauty and Skincare Brands in India,60,Influencer Marketing for Beauty and Skincare Brands: How to Choose the Right Creators,"Beauty and skincare influencer marketing: choosing creators across skin types and tones, tutorials and reviews, claims and filter rules, UGC and usage rights.",https://www.kudozz.in/blog/influencer-marketing-beauty-brands-india,yes,1802,18,22,7,Answer;BlogPosting;BreadcrumbList;ContactPoint;Country;FAQPage;ImageObject;ListItem;Offer;OfferCatalog;Organization;Question;Service;WebPage;WebSite,Informational (brand),True
https://www.kudozz.in/blog/influencer-marketing-brand-awareness,Blog (brand),Influencer Marketing for Brand Awareness: Reach and Recall,58,Influencer Marketing for Brand Awareness: How to Build Reach and Recall,"Influencer marketing for brand awareness: reach vs relevance, creator layers, frequency, paid amplification and how to measure awareness and recall.",https://www.kudozz.in/blog/influencer-marketing-brand-awareness,yes,1731,14,16,4,Answer;BlogPosting;BreadcrumbList;ContactPoint;Country;FAQPage;ImageObject;ListItem;Offer;OfferCatalog;Organization;Question;Service;WebPage;WebSite,Informational (brand),True
https://www.kudozz.in/blog/influencer-marketing-brand-safety,Blog (brand),Influencer Brand Safety: Protecting Your Brand — Kudozz,55,Influencer Brand Safety: How Brands Can Protect Their Reputation When Working With Creators,"A creator's content and conduct become the brand's problem the moment a collaboration goes live. How to build a practical brand-safety process across screening, monitoring, and response, without treating every creator as a legal risk.",https://www.kudozz.in/blog/influencer-marketing-brand-safety,yes,1303,11,17,9,Answer;BlogPosting;BreadcrumbList;ContactPoint;Country;FAQPage;ImageObject;ListItem;Offer;OfferCatalog;Organization;Question;Service;WebPage;WebSite,Informational (brand),True
https://www.kudozz.in/blog/influencer-marketing-budget,Blog (brand),How to Calculate an Influencer Marketing Budget — Kudozz,56,How to Calculate an Influencer Marketing Budget,"A step-by-step framework for building a full influencer marketing budget, covering creator fees, production, agency costs, amplification, and the contingency most brands forget to plan for.",https://www.kudozz.in/blog/influencer-marketing-budget,yes,1773,16,19,15,Answer;BlogPosting;BreadcrumbList;ContactPoint;Country;FAQPage;ImageObject;ListItem;Offer;OfferCatalog;Organization;Question;Service;WebPage;WebSite,Informational (brand),True
https://www.kudozz.in/blog/influencer-marketing-campaign-ideas,Blog (brand),30 Influencer Marketing Campaign Ideas for Brands — Kudozz,58,30 Influencer Marketing Campaign Ideas for Brands,"Thirty campaign concepts organized by the business goal each one actually supports, with the creator types and execution considerations that determine whether each one works.",https://www.kudozz.in/blog/influencer-marketing-campaign-ideas,yes,3353,36,26,9,Answer;BlogPosting;BreadcrumbList;ContactPoint;Country;FAQPage;ImageObject;ListItem;Offer;OfferCatalog;Organization;Question;Service;WebPage;WebSite,Informational (brand),True
https://www.kudozz.in/blog/influencer-marketing-campaign-timeline,Blog (brand),How Long Does an Influencer Campaign Take? Timeline Guide,57,Influencer Marketing Campaign Timeline: From Brief to Final Report,"How long an influencer campaign takes, stage by stage from brief to report, with example timelines for tests, launches and festive campaigns in India.",https://www.kudozz.in/blog/influencer-marketing-campaign-timeline,yes,1257,9,15,143,Answer;BlogPosting;BreadcrumbList;ContactPoint;Country;FAQPage;ImageObject;ListItem;Offer;OfferCatalog;Organization;Question;Service;WebPage;WebSite,Informational (brand),True
https://www.kudozz.in/blog/influencer-marketing-colleges,Blog (brand),Influencer Marketing for Colleges and Universities — Kudozz,59,Influencer Marketing for Education Institutes: How Colleges Can Work With Creators,"College influencer marketing for admissions: student, alumni and education creators, campus ambassadors, accurate placement claims, parents and enquiries.",https://www.kudozz.in/blog/influencer-marketing-colleges,yes,1130,11,15,4,Answer;BlogPosting;BreadcrumbList;ContactPoint;Country;FAQPage;ImageObject;ListItem;Offer;OfferCatalog;Organization;Question;Service;WebPage;WebSite,Informational (brand),True
https://www.kudozz.in/blog/influencer-marketing-compliance,Blog (brand),Influencer Marketing Compliance: Mistakes to Avoid — Kudozz,59,Influencer Marketing Compliance: Common Mistakes Brands Should Avoid,"Common influencer marketing compliance mistakes in India: disclosure, misleading claims, approvals and contracts, and how brands and agencies prevent them.",https://www.kudozz.in/blog/influencer-marketing-compliance,yes,1810,18,19,19,Answer;BlogPosting;BreadcrumbList;ContactPoint;Country;FAQPage;ImageObject;ListItem;Offer;OfferCatalog;Organization;Question;Service;WebPage;WebSite,Informational (brand),True
https://www.kudozz.in/blog/influencer-marketing-construction,Blog (brand),Construction and Building Materials Influencer Marketing,56,Influencer Marketing for Construction and Building Materials Brands,"Influencer marketing for construction and building materials: architects, engineers, contractors and home builders, site demos, dealer leads and measurement.",https://www.kudozz.in/blog/influencer-marketing-construction,yes,1110,11,15,5,Answer;BlogPosting;BreadcrumbList;ContactPoint;Country;FAQPage;ImageObject;ListItem;Offer;OfferCatalog;Organization;Question;Service;WebPage;WebSite,Informational (brand),True
https://www.kudozz.in/blog/influencer-marketing-contract,Blog (brand),Influencer Marketing Contracts: Clauses for Indian Brands,57,Influencer Marketing Contracts: What Brands Need to Know,"The key terms every influencer collaboration agreement should cover, explained for brands rather than lawyers, with a clear reminder that this isn't a substitute for legal advice.",https://www.kudozz.in/blog/influencer-marketing-contract,yes,1917,20,23,27,Answer;BlogPosting;BreadcrumbList;ContactPoint;Country;FAQPage;ImageObject;ListItem;Offer;OfferCatalog;Organization;Question;Service;WebPage;WebSite,Informational (brand),True
https://www.kudozz.in/blog/influencer-marketing-cost-india,Blog (brand),Influencer Marketing Cost in India: Rates and Budgets,53,How Much Does Influencer Marketing Cost in India?,"Realistic, honestly-caveated rupee ranges by creator tier, the factors that move Indian influencer pricing most, and three hypothetical budget scenarios for brands at different stages.",https://www.kudozz.in/blog/influencer-marketing-cost-india,yes,2033,20,18,59,Answer;BlogPosting;BreadcrumbList;ContactPoint;Country;FAQPage;ImageObject;ListItem;Offer;OfferCatalog;Organization;Question;Service;WebPage;WebSite,Commercial investigation (pricing),True
https://www.kudozz.in/blog/influencer-marketing-customer-retention,Blog (brand),Influencer Marketing for Customer Retention — Kudozz,52,Influencer Marketing for Customer Retention: How Brands Can Turn Creators Into Long-Term Advocates,"Use creators for customer retention: onboarding content, reorder moments, community, customers as creators, referrals, and measuring repeat purchase and churn.",https://www.kudozz.in/blog/influencer-marketing-customer-retention,yes,1100,10,16,5,Answer;BlogPosting;BreadcrumbList;ContactPoint;Country;FAQPage;ImageObject;ListItem;Offer;OfferCatalog;Organization;Question;Service;WebPage;WebSite,Informational (brand),True
https://www.kudozz.in/blog/influencer-marketing-d2c-brands-india,Blog (brand),D2C Influencer Marketing: Build an Always-On Creator Program,60,Influencer Marketing for D2C Brands: How to Build an Always-On Creator Program,"D2C influencer marketing in India: launches, education, UGC and an always-on creator program with a monthly calendar, content-to-ads loop and CAC tracking.",https://www.kudozz.in/blog/influencer-marketing-d2c-brands-india,yes,1874,19,24,12,Answer;BlogPosting;BreadcrumbList;ContactPoint;Country;FAQPage;ImageObject;ListItem;Offer;OfferCatalog;Organization;Question;Service;WebPage;WebSite,Informational (brand),True
https://www.kudozz.in/blog/influencer-marketing-delhi,Location,Influencer Marketing in Delhi: How Brands Can Find the Right Creators,69,Influencer Marketing in Delhi: How Brands Can Find the Right Creators,"How brands can reach Delhi and the wider NCR market through influencer marketing, including how to evaluate creators across a genuinely multi-city metro region.",https://www.kudozz.in/blog/influencer-marketing-delhi,yes,1232,14,19,3,Answer;BlogPosting;BreadcrumbList;ContactPoint;Country;FAQPage;ImageObject;ListItem;Offer;OfferCatalog;Organization;Question;Service;WebPage;WebSite,Commercial investigation (local),True
https://www.kudozz.in/blog/influencer-marketing-ecommerce-brands-india,Blog (brand),E-commerce Influencer Marketing: Campaigns That Sell,52,Influencer Marketing for E-commerce: How to Build Campaigns That Drive Sales,"E-commerce influencer marketing in India: product discovery, codes and affiliates, sale-event campaigns, marketplace tracking and creator content for ads.",https://www.kudozz.in/blog/influencer-marketing-ecommerce-brands-india,yes,1645,18,22,10,Answer;BlogPosting;BreadcrumbList;ContactPoint;Country;FAQPage;ImageObject;ListItem;Offer;OfferCatalog;Organization;Question;Service;WebPage;WebSite,Informational (brand),True
https://www.kudozz.in/blog/influencer-marketing-education-edtech-brands-india,Blog (brand),Influencer Marketing for Education and EdTech Brands in India,61,Influencer Marketing for Education and EdTech Brands: Complete Campaign Guide,"EdTech influencer marketing in India: students and parents, educator creators, CCPA coaching-ad guidelines, the academic calendar and enrolment tracking.",https://www.kudozz.in/blog/influencer-marketing-education-edtech-brands-india,yes,1664,19,19,6,Answer;BlogPosting;BreadcrumbList;ContactPoint;Country;FAQPage;ImageObject;ListItem;Offer;OfferCatalog;Organization;Question;Service;WebPage;WebSite,Informational (brand),True
https://www.kudozz.in/blog/influencer-marketing-fashion-brands-india,Blog (brand),Fashion Influencer Marketing: Creator Strategy — Kudozz,55,Influencer Marketing for Fashion Brands: Complete Creator Campaign Strategy,"Fashion influencer marketing in India: styling creators, the wedding and festive calendar, size-inclusive and regional creators, hauls and return-aware metrics.",https://www.kudozz.in/blog/influencer-marketing-fashion-brands-india,yes,1653,20,20,19,Answer;BlogPosting;BreadcrumbList;ContactPoint;Country;FAQPage;ImageObject;ListItem;Offer;OfferCatalog;Organization;Question;Service;WebPage;WebSite,Informational (brand),True
https://www.kudozz.in/blog/influencer-marketing-fintech-brands-india,Blog (brand),Fintech Influencer Marketing: Campaign Guide — Kudozz,53,Influencer Marketing for Finance and Fintech Brands: Complete Campaign Guide,"Fintech influencer marketing in India: ASCI's finance qualification rule, SEBI-registered creators, product-by-product care points, disclosure and measurement.",https://www.kudozz.in/blog/influencer-marketing-fintech-brands-india,yes,1582,18,20,11,Answer;BlogPosting;BreadcrumbList;ContactPoint;Country;FAQPage;ImageObject;ListItem;Offer;OfferCatalog;Organization;Question;Service;WebPage;WebSite,Informational (brand),True
https://www.kudozz.in/blog/influencer-marketing-fitness-brands-india,Blog (brand),Fitness and Sports Influencer Marketing: Campaign Guide,55,Influencer Marketing for Sports and Fitness Brands: Complete Campaign Guide,"Fitness and sports influencer marketing: coaches, athletes and community creators, routines and challenges, supplement claims, qualifications and measurement.",https://www.kudozz.in/blog/influencer-marketing-fitness-brands-india,yes,1366,16,22,4,Answer;BlogPosting;BreadcrumbList;ContactPoint;Country;FAQPage;ImageObject;ListItem;Offer;OfferCatalog;Organization;Question;Service;WebPage;WebSite,Informational (brand),True
https://www.kudozz.in/blog/influencer-marketing-fmcg-brands-india,Blog (brand),FMCG Influencer Marketing: Complete Campaign Strategy,53,Influencer Marketing for FMCG Brands: Complete Campaign Strategy,"FMCG influencer marketing in India: high-volume micro creator programs, regional creators, sampling and trial, repeat exposure, availability and sales lift.",https://www.kudozz.in/blog/influencer-marketing-fmcg-brands-india,yes,1486,17,26,7,Answer;BlogPosting;BreadcrumbList;ContactPoint;Country;FAQPage;ImageObject;ListItem;Offer;OfferCatalog;Organization;Question;Service;WebPage;WebSite,Informational (brand),True
https://www.kudozz.in/blog/influencer-marketing-food-brands-india,Blog (brand),Food and Beverage Influencer Marketing Guide — Kudozz,53,Influencer Marketing for Food and Beverage Brands: From Creator Selection to Sales,"Food and beverage influencer marketing in India: recipe and local food creators, FSSAI claims rules, restaurants vs packaged food, and sales tracking.",https://www.kudozz.in/blog/influencer-marketing-food-brands-india,yes,1669,20,16,13,Answer;BlogPosting;BreadcrumbList;ContactPoint;Country;FAQPage;ImageObject;ListItem;Offer;OfferCatalog;Organization;Question;Service;WebPage;WebSite,Informational (brand),True
https://www.kudozz.in/blog/influencer-marketing-funnel,Blog (brand),The Influencer Marketing Funnel: Awareness to Sales — Kudozz,60,The Complete Influencer Marketing Funnel: From Awareness to Conversion,"How creator content supports each stage of the customer journey, from first discovery through conversion and long-term retention, and how content and creator selection should change at each stage.",https://www.kudozz.in/blog/influencer-marketing-funnel,yes,1337,12,17,3,Answer;BlogPosting;BreadcrumbList;ContactPoint;Country;FAQPage;ImageObject;ListItem;Offer;OfferCatalog;Organization;Question;Service;WebPage;WebSite,Informational (brand),True
https://www.kudozz.in/blog/influencer-marketing-governance,Blog (brand),Influencer Marketing Governance and SOPs for Brands — Kudozz,60,Influencer Marketing Governance: How Brands Can Create Rules for Creator Partnerships,"Influencer marketing governance for brands: policies for selection, disclosure, claims, contracts and payments, approvals, a campaign SOP and templates.",https://www.kudozz.in/blog/influencer-marketing-governance,yes,1142,10,21,4,Answer;BlogPosting;BreadcrumbList;ContactPoint;Country;FAQPage;ImageObject;ListItem;Offer;OfferCatalog;Organization;Question;Service;WebPage;WebSite,Informational (brand),True
https://www.kudozz.in/blog/influencer-marketing-healthcare-brands-india,Blog (brand),Healthcare and Wellness Influencer Marketing — Kudozz,53,Influencer Marketing for Healthcare and Wellness Brands: Campaign Planning Guide,"Healthcare and wellness influencer marketing in India: choosing qualified creators, ASCI's health qualification rule, claims review and responsible measurement.",https://www.kudozz.in/blog/influencer-marketing-healthcare-brands-india,yes,1489,17,19,8,Answer;BlogPosting;BreadcrumbList;ContactPoint;Country;FAQPage;ImageObject;ListItem;Offer;OfferCatalog;Organization;Question;Service;WebPage;WebSite,Informational (brand),True
https://www.kudozz.in/blog/influencer-marketing-hospitality-brands-india,Blog (brand),Hotel Influencer Marketing: How Hotels Work With Creators,57,Influencer Marketing for Hospitality Brands: How Hotels Can Work With Creators,"Hotel and hospitality influencer marketing: creator stays, complimentary vs paid, timing for bookings, briefs, disclosure and measuring direct bookings.",https://www.kudozz.in/blog/influencer-marketing-hospitality-brands-india,yes,1457,17,20,14,Answer;BlogPosting;BreadcrumbList;ContactPoint;Country;FAQPage;ImageObject;ListItem;Offer;OfferCatalog;Organization;Question;Service;WebPage;WebSite,Informational (brand),True
https://www.kudozz.in/blog/influencer-marketing-india,Blog (brand),Influencer Marketing in India: A Complete Guide for Brands,58,Influencer Marketing in India: A Complete Guide for Brands,"How influencer marketing actually works in the Indian market: the creator ecosystem, platform landscape, regional and language considerations, typical costs, and a planning framework for brands entering or scaling the channel.",https://www.kudozz.in/blog/influencer-marketing-india,yes,1792,17,24,11,Answer;BlogPosting;BreadcrumbList;ContactPoint;Country;FAQPage;ImageObject;ListItem;Offer;OfferCatalog;Organization;Question;Service;WebPage;WebSite,Informational (brand),True
https://www.kudozz.in/blog/influencer-marketing-jewellery-brands-india,Blog (brand),Jewellery Influencer Marketing: Campaigns That Convert,54,Influencer Marketing for Jewellery Brands: How to Build Creator Campaigns That Convert,"Jewellery influencer marketing in India: bridal, fashion and lifestyle creators, the festive and wedding calendar, try-ons, hallmarking claims and store visits.",https://www.kudozz.in/blog/influencer-marketing-jewellery-brands-india,yes,1639,18,24,9,Answer;BlogPosting;BreadcrumbList;ContactPoint;Country;FAQPage;ImageObject;ListItem;Offer;OfferCatalog;Organization;Question;Service;WebPage;WebSite,Informational (brand),True
https://www.kudozz.in/blog/influencer-marketing-kpis,Blog (brand),Influencer Marketing KPIs: Metrics Every Brand Should Track,59,Influencer Marketing KPIs: The Metrics Every Brand Should Track,"The influencer marketing KPIs brands should track by objective: reach, engagement, traffic, conversions and cost metrics, plus how to avoid vanity metrics.",https://www.kudozz.in/blog/influencer-marketing-kpis,yes,1482,12,20,36,Answer;BlogPosting;BreadcrumbList;ContactPoint;Country;FAQPage;ImageObject;ListItem;Offer;OfferCatalog;Organization;Question;Service;WebPage;WebSite,Informational (brand),True
https://www.kudozz.in/blog/influencer-marketing-lead-generation,Blog (brand),Influencer Marketing for Lead Generation: A Brand Guide,55,Influencer Marketing for Lead Generation: How Brands Can Generate Qualified Leads,"Use influencer marketing to generate qualified leads: the right lead action, creators, landing pages, lead quality and routing, and lead-to-sale measurement.",https://www.kudozz.in/blog/influencer-marketing-lead-generation,yes,1332,12,21,14,Answer;BlogPosting;BreadcrumbList;ContactPoint;Country;FAQPage;ImageObject;ListItem;Offer;OfferCatalog;Organization;Question;Service;WebPage;WebSite,Informational (brand),True
https://www.kudozz.in/blog/influencer-marketing-mumbai,Location,Influencer Marketing in Mumbai: A Guide for Brands — Kudozz,59,Influencer Marketing in Mumbai: A Guide for Brands,"How brands can use influencer marketing to reach Mumbai's audience, the city's creator landscape, when to choose local versus national creators, and a campaign planning framework.",https://www.kudozz.in/blog/influencer-marketing-mumbai,yes,1434,15,21,4,Answer;BlogPosting;BreadcrumbList;ContactPoint;Country;FAQPage;ImageObject;ListItem;Offer;OfferCatalog;Organization;Question;Service;WebPage;WebSite,Commercial investigation (local),True
https://www.kudozz.in/blog/influencer-marketing-payments,Blog (brand),How Brands Should Pay Influencers and Creators — Kudozz,55,Influencer Marketing Payments: How Brands Should Pay Influencers and Creators,"The common payment models brands use for creator collaborations, how invoicing and timelines typically work, and general considerations around Indian tax compliance.",https://www.kudozz.in/blog/influencer-marketing-payments,yes,1422,10,15,6,Answer;BlogPosting;BreadcrumbList;ContactPoint;Country;FAQPage;ImageObject;ListItem;Offer;OfferCatalog;Organization;Question;Service;WebPage;WebSite,Informational (brand),True
https://www.kudozz.in/blog/influencer-marketing-personal-care,Blog (brand),Personal Care Influencer Marketing: Creator Campaigns,53,Influencer Marketing for Personal Care Brands: How to Build Creator Campaigns,"Personal care influencer marketing: hair, oral care, hygiene, grooming and intimate care, sensitive-category content, claims, regional reach and measurement.",https://www.kudozz.in/blog/influencer-marketing-personal-care,yes,1141,11,16,3,Answer;BlogPosting;BreadcrumbList;ContactPoint;Country;FAQPage;ImageObject;ListItem;Offer;OfferCatalog;Organization;Question;Service;WebPage;WebSite,Informational (brand),True
https://www.kudozz.in/blog/influencer-marketing-platforms,Blog (brand),The Complete Guide to Influencer Marketing Platforms,52,The Complete Guide to Influencer Marketing Platforms,"What influencer marketing platforms actually do, the capabilities worth evaluating, and a framework for deciding between a self-service platform, an agency, or a hybrid of both.",https://www.kudozz.in/blog/influencer-marketing-platforms,yes,1090,9,16,2,Answer;BlogPosting;BreadcrumbList;ContactPoint;Country;FAQPage;ImageObject;ListItem;Offer;OfferCatalog;Organization;Question;Service;WebPage;WebSite,Informational (brand),True
https://www.kudozz.in/blog/influencer-marketing-platforms-india,Blog (brand),Best Platforms for Influencer Marketing in India — Kudozz,57,Top Social Media Platforms for Influencer Marketing in India,"How Instagram, YouTube, and India's domestic short-video apps actually compare for influencer marketing today, and a decision framework for choosing the right one for your brand and audience.",https://www.kudozz.in/blog/influencer-marketing-platforms-india,yes,1388,12,20,5,Answer;BlogPosting;BreadcrumbList;ContactPoint;Country;FAQPage;ImageObject;ListItem;Offer;OfferCatalog;Organization;Question;Service;WebPage;WebSite,Commercial investigation (local),True
https://www.kudozz.in/blog/influencer-marketing-real-estate-brands-india,Blog (brand),Real Estate Influencer Marketing: Local Creators — Kudozz,57,Influencer Marketing for Real Estate Brands: How to Work With Local and Property Creators,"Real estate influencer marketing in India: property walkthroughs, local creators, RERA details in creator content, site-visit lead flows and measurement.",https://www.kudozz.in/blog/influencer-marketing-real-estate-brands-india,yes,1777,19,22,9,Answer;BlogPosting;BreadcrumbList;ContactPoint;Country;FAQPage;ImageObject;ListItem;Offer;OfferCatalog;Organization;Question;Service;WebPage;WebSite,Informational (brand),True
https://www.kudozz.in/blog/influencer-marketing-report,Blog (brand),Influencer Campaign Reporting: What a Report Should Include,59,How to Create an Influencer Marketing Report,"What a professional influencer campaign report should include: objectives, creator-level results, content performance, conversions, costs, ROI and insights.",https://www.kudozz.in/blog/influencer-marketing-report,yes,1729,21,20,19,Answer;BlogPosting;BreadcrumbList;ContactPoint;Country;FAQPage;ImageObject;ListItem;Offer;OfferCatalog;Organization;Question;Service;WebPage;WebSite,Informational (brand),True
https://www.kudozz.in/blog/influencer-marketing-rfp,Blog (brand),Influencer Marketing RFP: Evaluate and Compare Agencies,55,Influencer Marketing RFP: How Brands Should Evaluate Agencies,"Run an influencer marketing RFP: what to include, what a good agency proposal contains, a weighted scoring matrix to compare agencies, and pilots.",https://www.kudozz.in/blog/influencer-marketing-rfp,yes,1485,13,14,6,Answer;BlogPosting;BreadcrumbList;ContactPoint;Country;FAQPage;ImageObject;ListItem;Offer;OfferCatalog;Organization;Question;Service;WebPage;WebSite,Informational (brand),True
https://www.kudozz.in/blog/influencer-marketing-roi-forecasting,Blog (brand),Influencer Marketing ROI Forecasting: Estimate Outcomes,55,Influencer Marketing ROI Forecasting: How Brands Can Estimate Potential Campaign Outcomes,"Forecast influencer campaign ROI before launch: scenario assumptions, a forecast calculator, presenting ranges, and using actuals to reallocate spend.",https://www.kudozz.in/blog/influencer-marketing-roi-forecasting,yes,1369,11,14,8,Answer;BlogPosting;BreadcrumbList;ContactPoint;Country;FAQPage;ImageObject;ListItem;Offer;OfferCatalog;Organization;Question;Service;WebPage;WebSite,Informational (brand),True
https://www.kudozz.in/blog/influencer-marketing-sales,Blog (brand),Influencer Marketing for Sales and Customer Acquisition,55,Influencer Marketing for Sales: How Brands Can Turn Creator Campaigns Into Revenue,"Turn creator campaigns into sales and new customers: formats that convert, codes and affiliate links, paid amplification, CAC and repeat-purchase measurement.",https://www.kudozz.in/blog/influencer-marketing-sales,yes,1360,13,20,11,Answer;BlogPosting;BreadcrumbList;ContactPoint;Country;FAQPage;ImageObject;ListItem;Offer;OfferCatalog;Organization;Question;Service;WebPage;WebSite,Informational (brand),True
https://www.kudozz.in/blog/influencer-marketing-services-india,Blog (brand),Influencer Marketing Services: What an Agency Handles,53,Influencer Marketing Services: What Should a Full-Service Agency Handle?,"Influencer marketing services explained: what a full-service agency handles from strategy and creator discovery to management and reporting, and what varies.",https://www.kudozz.in/blog/influencer-marketing-services-india,yes,1566,21,26,4,Answer;BlogPosting;BreadcrumbList;ContactPoint;Country;FAQPage;ImageObject;ListItem;Offer;OfferCatalog;Organization;Question;Service;WebPage;WebSite,Informational (brand),True
https://www.kudozz.in/blog/influencer-marketing-startups-india,Blog (brand),Influencer Marketing for Startups: Launch Your First Campaign,61,Influencer Marketing for Startups: How to Launch Your First Creator Campaign,"Influencer marketing for Indian startups: when it makes sense, a six-week first-campaign plan, micro-creators, learning goals, measurement and scaling.",https://www.kudozz.in/blog/influencer-marketing-startups-india,yes,1666,18,18,7,Answer;BlogPosting;BreadcrumbList;ContactPoint;Country;FAQPage;ImageObject;ListItem;Offer;OfferCatalog;Organization;Question;Service;WebPage;WebSite,Informational (brand),True
https://www.kudozz.in/blog/influencer-marketing-statistics,Blog (brand),Influencer Marketing Trends and Statistics: What Brands Need to Know,68,Influencer Marketing Trends and Statistics: What Brands Need to Know,"A categorized, sourced reference of current influencer marketing statistics — industry growth, brand adoption, consumer trust, and more — with what each number actually means for campaign planning.",https://www.kudozz.in/blog/influencer-marketing-statistics,yes,1483,13,17,2,Answer;BlogPosting;BreadcrumbList;ContactPoint;Country;FAQPage;ImageObject;ListItem;Offer;OfferCatalog;Organization;Question;Service;WebPage;WebSite,Informational (brand),True
https://www.kudozz.in/blog/influencer-marketing-strategy,Blog (brand),Influencer Marketing Strategy: A 10-Step Plan for Brands,56,How to Build an Influencer Marketing Strategy That Delivers Results,"Build an influencer marketing strategy: objectives, audience, creator and platform strategy, budget, measurement, and what a strategic partner delivers.",https://www.kudozz.in/blog/influencer-marketing-strategy,yes,1797,17,23,24,Answer;BlogPosting;BreadcrumbList;ContactPoint;Country;FAQPage;ImageObject;ListItem;Offer;OfferCatalog;Organization;Question;Service;WebPage;WebSite,Informational (brand),True
https://www.kudozz.in/blog/influencer-marketing-team-structure,Blog (brand),Influencer Marketing Team Structure: Who Owns It? — Kudozz,58,Influencer Marketing Team Structure: Who Should Own Creator Marketing Inside a Brand?,"Who should own influencer marketing inside a brand: ownership models, roles by stage, working with performance and legal, and managing agencies and vendors.",https://www.kudozz.in/blog/influencer-marketing-team-structure,yes,1067,9,14,5,Answer;BlogPosting;BreadcrumbList;ContactPoint;Country;FAQPage;ImageObject;ListItem;Offer;OfferCatalog;Organization;Question;Service;WebPage;WebSite,Informational (brand),True
https://www.kudozz.in/blog/influencer-marketing-technology,Blog (brand),Influencer Marketing Tools and Technology for Brands,52,Influencer Marketing Technology: Tools and Platforms Brands Need to Run Better Campaigns,"The categories of technology involved in running influencer campaigns, what software can genuinely automate, and what still requires human judgment no tool replaces.",https://www.kudozz.in/blog/influencer-marketing-technology,yes,1189,8,16,3,Answer;BlogPosting;BreadcrumbList;ContactPoint;Country;FAQPage;ImageObject;ListItem;Offer;OfferCatalog;Organization;Question;Service;WebPage;WebSite,Informational (brand),True
https://www.kudozz.in/blog/influencer-marketing-tier-2-tier-3-cities,Blog (brand),Influencer Marketing in Tier 2 and Tier 3 Cities — Kudozz,57,Influencer Marketing in Tier 2 and Tier 3 Cities: How Brands Can Scale Beyond Metros,"Scale beyond metros with creators: choosing tier 2 and tier 3 cities, local creators, platforms and formats, availability, offline conversion and measurement.",https://www.kudozz.in/blog/influencer-marketing-tier-2-tier-3-cities,yes,1211,11,15,8,Answer;BlogPosting;BreadcrumbList;ContactPoint;Country;FAQPage;ImageObject;ListItem;Offer;OfferCatalog;Organization;Question;Service;WebPage;WebSite,Informational (brand),True
https://www.kudozz.in/blog/influencer-marketing-travel-brands-india,Blog (brand),Travel and Tourism Influencer Marketing: Destinations,53,Influencer Marketing for Travel Brands: How to Build Creator-Led Destination Campaigns,"Travel and tourism influencer marketing in India: destination creators, itinerary content, tourism boards and familiarization trips, languages and measurement.",https://www.kudozz.in/blog/influencer-marketing-travel-brands-india,yes,1608,19,22,20,Answer;BlogPosting;BreadcrumbList;ContactPoint;Country;FAQPage;ImageObject;ListItem;Offer;OfferCatalog;Organization;Question;Service;WebPage;WebSite,Informational (brand),True
https://www.kudozz.in/blog/influencer-marketing-trends-2026,Blog (brand),Influencer Marketing Trends Brands Should Know in 2026,54,Influencer Marketing Trends Brands Should Know in 2026,"Which influencer marketing shifts are actually backed by current data in 2026 — creator-led commerce, AI-assisted discovery, and an uneven move away from flat-fee deals — and what each one changes for brand strategy.",https://www.kudozz.in/blog/influencer-marketing-trends-2026,yes,1655,12,20,3,Answer;BlogPosting;BreadcrumbList;ContactPoint;Country;FAQPage;ImageObject;ListItem;Offer;OfferCatalog;Organization;Question;Service;WebPage;WebSite,Informational (brand),True
https://www.kudozz.in/blog/influencer-marketing-vs-affiliate-marketing,Blog (brand),Influencer Marketing vs Affiliate Marketing — Kudozz,52,Influencer Marketing vs Affiliate Marketing: Which Strategy Should Brands Choose?,"How influencer marketing and affiliate marketing actually differ in objective, compensation, and attribution, and when brands should use one, the other, or both together.",https://www.kudozz.in/blog/influencer-marketing-vs-affiliate-marketing,yes,1143,10,13,8,Answer;BlogPosting;BreadcrumbList;ContactPoint;Country;FAQPage;ImageObject;ListItem;Offer;OfferCatalog;Organization;Question;Service;WebPage;WebSite,Comparison,True
https://www.kudozz.in/blog/influencer-marketing-vs-traditional-advertising,Blog (brand),Influencer Marketing vs. Traditional Advertising: Which Is Right for Your Brand?,80,Influencer Marketing vs. Traditional Advertising: Which Is Right for Your Brand?,"A balanced, side-by-side comparison of influencer marketing and traditional advertising across trust, cost, targeting, and control — and when combining both outperforms choosing one.",https://www.kudozz.in/blog/influencer-marketing-vs-traditional-advertising,yes,934,8,13,1,Answer;BlogPosting;BreadcrumbList;ContactPoint;Country;FAQPage;ImageObject;ListItem;Offer;OfferCatalog;Organization;Question;Service;WebPage;WebSite,Comparison,True
https://www.kudozz.in/blog/influencer-marketing-website-traffic,Blog (brand),Influencer Marketing for Website Traffic: Qualified Visits,58,Influencer Marketing for Website Traffic: How to Drive Qualified Visitors From Creators,"Drive qualified website traffic from creators: link options by platform, UTM tracking, matching landing pages, quality metrics and fixing bouncing traffic.",https://www.kudozz.in/blog/influencer-marketing-website-traffic,yes,1315,11,13,5,Answer;BlogPosting;BreadcrumbList;ContactPoint;Country;FAQPage;ImageObject;ListItem;Offer;OfferCatalog;Organization;Question;Service;WebPage;WebSite,Informational (brand),True
https://www.kudozz.in/blog/influencer-outreach-email,Blog (brand),How to Write an Influencer Outreach Email That Gets Replies,59,How to Write an Influencer Outreach Email That Gets Replies,"Practical, personalized outreach examples for different collaboration scenarios, plus what to include, what to leave out, and how to follow up without becoming the message a creator ignores.",https://www.kudozz.in/blog/influencer-outreach-email,yes,2067,23,20,4,Answer;BlogPosting;BreadcrumbList;ContactPoint;Country;FAQPage;ImageObject;ListItem;Offer;OfferCatalog;Organization;Question;Service;WebPage;WebSite,Informational (brand),True
https://www.kudozz.in/blog/influencer-outreach-strategy,Blog (brand),Influencer Outreach: Strategy and Managed Outreach — Kudozz,59,Influencer Outreach Strategy: How Brands Can Find and Approach Creators,"Influencer outreach step by step: shortlisting, first contact, negotiation, follow-ups and tracking, plus what managed outreach services from an agency cover.",https://www.kudozz.in/blog/influencer-outreach-strategy,yes,1429,19,20,5,Answer;BlogPosting;BreadcrumbList;ContactPoint;Country;FAQPage;ImageObject;ListItem;Offer;OfferCatalog;Organization;Question;Service;WebPage;WebSite,Informational (brand),True
https://www.kudozz.in/blog/influencer-partnerships,Blog (brand),Influencer Partnership Programs and Retainers — Kudozz,54,How to Build a Long-Term Influencer Partnership Program,"Build a long-term influencer partnership program: choosing partners, trust, compensation and retainers, rights, measurement and scaling into a program.",https://www.kudozz.in/blog/influencer-partnerships,yes,1954,18,23,20,Answer;BlogPosting;BreadcrumbList;ContactPoint;Country;FAQPage;ImageObject;ListItem;Offer;OfferCatalog;Organization;Question;Service;WebPage;WebSite,Informational (brand),True
https://www.kudozz.in/blog/influencer-performance-marketing,Blog (brand),Influencer Performance Marketing: Creators and Paid Media,57,Influencer Marketing for Performance Marketing: How to Connect Creators With Paid Media,"Connect creators with paid media: organic posts vs creator ads, rights and permissions, content-to-ads pipeline, creative testing, budgets and CAC/ROAS.",https://www.kudozz.in/blog/influencer-performance-marketing,yes,1291,11,16,9,Answer;BlogPosting;BreadcrumbList;ContactPoint;Country;FAQPage;ImageObject;ListItem;Offer;OfferCatalog;Organization;Question;Service;WebPage;WebSite,Informational (brand),True
https://www.kudozz.in/blog/influencer-product-seeding-program,Blog (brand),Influencer Product Seeding: Build a Gifting Program — Kudozz,60,Influencer Product Seeding: How Brands Can Build a Scalable Gifting Program,"Build an influencer product seeding program: seeding vs gifting vs sampling, creator lists, packages, logistics, disclosure, content rate and paid follow-ons.",https://www.kudozz.in/blog/influencer-product-seeding-program,yes,1482,13,18,9,Answer;BlogPosting;BreadcrumbList;ContactPoint;Country;FAQPage;ImageObject;ListItem;Offer;OfferCatalog;Organization;Question;Service;WebPage;WebSite,Informational (brand),True
https://www.kudozz.in/blog/influencer-rate-card-india,Creator resource,Influencer Rate Card India: How to Build and Price Yours,56,Influencer Rate Card: How to Create and Price Your Creator Rate Card in India,"How to create an influencer rate card in India: line items for Reels, Stories, YouTube integrations and UGC, add-ons for usage rights and exclusivity, bundles, and a pricing framework.",https://www.kudozz.in/blog/influencer-rate-card-india,yes,2081,12,22,19,Answer;BlogPosting;BreadcrumbList;ContactPoint;Country;FAQPage;ImageObject;ListItem;Offer;OfferCatalog;Organization;Question;Service;WebPage;WebSite,Informational (creator),True
https://www.kudozz.in/blog/influencer-shortlist,Blog (brand),How to Build an Influencer Shortlist (With Template),52,How to Build an Influencer Shortlist for Your Brand,"Build an influencer shortlist: longlist to shortlist to final picks, what each entry should show, availability and conflict checks, backups and a template.",https://www.kudozz.in/blog/influencer-shortlist,yes,1031,10,14,20,Answer;BlogPosting;BreadcrumbList;ContactPoint;Country;FAQPage;ImageObject;ListItem;Offer;OfferCatalog;Organization;Question;Service;WebPage;WebSite,Informational (brand),True
https://www.kudozz.in/blog/influencer-usage-rights,Blog (brand),Influencer Usage Rights: What Brands Should Pay — Kudozz,56,Influencer Usage Rights: How Much Should Brands Pay for Content Rights?,"What influencer usage rights actually cover, how they differ from a creator's content fee, and what to negotiate before paying for the right to reuse a creator's content.",https://www.kudozz.in/blog/influencer-usage-rights,yes,1683,9,16,17,Answer;BlogPosting;BreadcrumbList;ContactPoint;Country;FAQPage;ImageObject;ListItem;Offer;OfferCatalog;Organization;Question;Service;WebPage;WebSite,Informational (brand),True
https://www.kudozz.in/blog/influencers-for-product-launch,Blog (brand),Influencer Marketing for Product Launches: A Launch Plan,56,Influencer Marketing for New Product Launches: How to Plan a Creator-Led Launch,"Plan an influencer product launch: pre-launch seeding, launch-day coordination and post-launch momentum, creator mix, embargoes, timelines and measurement.",https://www.kudozz.in/blog/influencers-for-product-launch,yes,1900,19,20,21,Answer;BlogPosting;BreadcrumbList;ContactPoint;Country;FAQPage;ImageObject;ListItem;Offer;OfferCatalog;Organization;Question;Service;WebPage;WebSite,Informational (brand),True
https://www.kudozz.in/blog/instagram-algorithm-changes-what-still-works,Blog (brand),Instagram's Algorithm Keeps Changing. Here's What Still Reliably Works.,71,Instagram's Algorithm Keeps Changing. Here's What Still Reliably Works.,Chasing every algorithm update is a losing game. These are the durable content principles that have held up across every major Instagram change in the last two years.,https://www.kudozz.in/blog/instagram-algorithm-changes-what-still-works,yes,492,4,13,1,BlogPosting;BreadcrumbList;ContactPoint;Country;ImageObject;ListItem;Offer;OfferCatalog;Organization;Service;WebPage;WebSite,Informational (brand),True
https://www.kudozz.in/blog/instagram-broadcast-channels,Creator resource,Instagram Broadcast Channels for Creators: How to Use Them,58,Instagram Broadcast Channels for Creators: Complete Guide to Building Direct Audience Relationships,"Instagram broadcast channels for creators: who can start one, what to post, growing members, disclosure for brand content and linking to owned channels.",https://www.kudozz.in/blog/instagram-broadcast-channels,yes,1361,13,17,8,Answer;BlogPosting;BreadcrumbList;ContactPoint;Country;FAQPage;ImageObject;ListItem;Offer;OfferCatalog;Organization;Question;Service;WebPage;WebSite,Informational (creator),True
https://www.kudozz.in/blog/instagram-collab-posts,Blog (brand),Instagram Collab Posts for Brands: How to Run Influencer Collaboration Campaigns,80,Instagram Collab Posts for Brands: How to Run Influencer Collaboration Campaigns,"A Collab post puts a brand and creator on the same post, sharing one set of likes, comments, and reach. What it actually does, how it differs from a sponsored post or Partnership Ad, and when to use it.",https://www.kudozz.in/blog/instagram-collab-posts,yes,1396,10,16,4,Answer;BlogPosting;BreadcrumbList;ContactPoint;Country;FAQPage;ImageObject;ListItem;Offer;OfferCatalog;Organization;Question;Service;WebPage;WebSite,Informational (brand),True
https://www.kudozz.in/blog/instagram-collab-posts-for-creators,Creator resource,Instagram Collab Posts for Creators: Grow With Collabs,54,Instagram Collab Posts for Creators: How to Grow With Other Creators and Brands,"Instagram Collab posts from the creator's side: who owns the post, creator and brand collab formats, what to agree, disclosure and measuring follows.",https://www.kudozz.in/blog/instagram-collab-posts-for-creators,yes,1369,11,20,7,Answer;BlogPosting;BreadcrumbList;ContactPoint;Country;FAQPage;ImageObject;ListItem;Offer;OfferCatalog;Organization;Question;Service;WebPage;WebSite,Informational (creator),True
https://www.kudozz.in/blog/instagram-content-strategy,Creator resource,Instagram Content Strategy for Creators: Every Format,53,"Instagram Content Strategy for Creators: Reels, Stories, Carousels and Live","An Instagram content system for creators: the job of Reels, carousels, Stories, Live and channels, a weekly mix, and what to measure for each format.",https://www.kudozz.in/blog/instagram-content-strategy,yes,1520,15,27,10,Answer;BlogPosting;BreadcrumbList;ContactPoint;Country;FAQPage;ImageObject;ListItem;Offer;OfferCatalog;Organization;Question;Service;WebPage;WebSite,Informational (creator),True
https://www.kudozz.in/blog/instagram-creator-marketing-d2c-brands,Blog (brand),Instagram Creator Marketing for D2C Brands — Kudozz,51,Instagram Creator Marketing for D2C Brands: Complete Growth Strategy,"The right creator mix on Instagram looks different for a beauty D2C brand than a consumer electronics one. A practical, category-aware framework for building an Instagram creator strategy as a D2C brand.",https://www.kudozz.in/blog/instagram-creator-marketing-d2c-brands,yes,1310,11,15,19,Answer;BlogPosting;BreadcrumbList;ContactPoint;Country;FAQPage;ImageObject;ListItem;Offer;OfferCatalog;Organization;Question;Service;WebPage;WebSite,Informational (brand),True
https://www.kudozz.in/blog/instagram-creator-marketplace,Creator resource,Instagram Creator Marketplace: A Guide for Indian Creators,58,Instagram Creator Marketplace: How Creators Can Get Discovered by Brands,"Meta Creator Marketplace for Indian creators: eligibility, onboarding, building a searchable portfolio, responding to projects and pricing partnership ads.",https://www.kudozz.in/blog/instagram-creator-marketplace,yes,1348,12,23,9,Answer;BlogPosting;BreadcrumbList;ContactPoint;Country;FAQPage;ImageObject;ListItem;Offer;OfferCatalog;Organization;Question;Service;WebPage;WebSite,Informational (creator),True
https://www.kudozz.in/blog/instagram-creator-monetization,Creator resource,Instagram Monetization for Indian Creators: Every Option,56,Instagram Creator Monetization: Complete Guide for Indian Creators,"How Indian creators earn on Instagram in 2026: Gifts, Subscriptions, badges, branded content, Creator Marketplace and affiliate tools, with eligibility.",https://www.kudozz.in/blog/instagram-creator-monetization,yes,1834,13,25,9,Answer;BlogPosting;BreadcrumbList;ContactPoint;Country;FAQPage;ImageObject;ListItem;Offer;OfferCatalog;Organization;Question;Service;WebPage;WebSite,Informational (creator),True
https://www.kudozz.in/blog/instagram-creator-portfolio,Creator resource,Instagram Creator Portfolio: Make Your Profile Brand-Ready,58,Instagram Creator Portfolio: How to Make Your Profile Brand-Ready,"Make your Instagram profile brand-ready: bio, pinned posts, highlights for past collabs, contact options, Marketplace portfolio and a 60-second checklist.",https://www.kudozz.in/blog/instagram-creator-portfolio,yes,1467,14,18,10,Answer;BlogPosting;BreadcrumbList;ContactPoint;Country;FAQPage;ImageObject;ListItem;Offer;OfferCatalog;Organization;Question;Service;WebPage;WebSite,Informational (creator),True
https://www.kudozz.in/blog/instagram-gifting-vs-paid-collaboration,Blog (brand),Influencer Gifting vs Paid Collaborations on Instagram,54,Instagram Influencer Gifting vs. Paid Collaborations: Which Should Brands Choose?,"Gifting, paid posts, affiliate deals, UGC-only creators, long-term partnerships, five different models with five different trade-offs. A practical decision framework for which one fits a specific objective.",https://www.kudozz.in/blog/instagram-gifting-vs-paid-collaboration,yes,1227,10,18,6,Answer;BlogPosting;BreadcrumbList;ContactPoint;Country;FAQPage;ImageObject;ListItem;Offer;OfferCatalog;Organization;Question;Service;WebPage;WebSite,Comparison,True
https://www.kudozz.in/blog/instagram-gifts,Creator resource,Instagram Gifts for Creators: How They Work in India,52,Instagram Gifts for Creators: How Fan Support and Monetization Work,"How Instagram Gifts work for Indian creators: Stars, the US$0.01-per-Star payout, 500-follower eligibility, excluded posts and asking for support ethically.",https://www.kudozz.in/blog/instagram-gifts,yes,1462,13,17,6,Answer;BlogPosting;BreadcrumbList;ContactPoint;Country;FAQPage;ImageObject;ListItem;Offer;OfferCatalog;Organization;Question;Service;WebPage;WebSite,Informational (creator),True
https://www.kudozz.in/blog/instagram-influencer-affiliate-marketing,Blog (brand),Instagram Influencer Affiliate Marketing for Brands — Kudozz,60,Instagram Influencer Affiliate Marketing: How Brands Can Drive Sales Through Creators,"Instagram now supports native, in-app product tagging with affiliate commissions for eligible creators and markets. How affiliate arrangements work alongside flat-fee sponsorships, and how to structure a campaign.",https://www.kudozz.in/blog/instagram-influencer-affiliate-marketing,yes,1401,11,15,8,Answer;BlogPosting;BreadcrumbList;ContactPoint;Country;FAQPage;ImageObject;ListItem;Offer;OfferCatalog;Organization;Question;Service;WebPage;WebSite,Informational (brand),True
https://www.kudozz.in/blog/instagram-influencer-campaign-brief,Blog (brand),Instagram Influencer Campaign Brief: Complete Template for Brands,65,Instagram Influencer Campaign Brief: Complete Template for Brands,"An Instagram brief needs to cover format-specific detail, Reel length, Story sequencing, the paid partnership label, that a general campaign brief doesn't. A copy-paste template and checklist for brands.",https://www.kudozz.in/blog/instagram-influencer-campaign-brief,yes,1071,7,15,5,Answer;BlogPosting;BreadcrumbList;ContactPoint;Country;FAQPage;ImageObject;ListItem;Offer;OfferCatalog;Organization;Question;Service;WebPage;WebSite,Informational (brand),True
https://www.kudozz.in/blog/instagram-influencer-marketing,Blog (brand),Instagram Influencer Marketing in India: Guide for Brands,57,Instagram Influencer Marketing: A Complete Guide for Brands,"How Instagram influencer marketing actually works — creator categories, content formats, campaign structure, disclosure requirements, and the mistakes that most often derail a first campaign.",https://www.kudozz.in/blog/instagram-influencer-marketing,yes,1865,18,34,11,Answer;BlogPosting;BreadcrumbList;ContactPoint;Country;FAQPage;ImageObject;ListItem;Offer;OfferCatalog;Organization;Question;Service;WebPage;WebSite,Informational (brand),True
https://www.kudozz.in/blog/instagram-influencer-marketing-ecommerce,Blog (brand),Instagram Influencer Marketing for E-commerce Brands,52,Instagram Influencer Marketing for E-commerce: From Creator Content to Sales,"Instagram's commerce mechanics, product tags, affiliate links, native tagging in Reels, sit inside a bigger e-commerce funnel. How creator content moves someone from discovery through purchase, specifically on Instagram.",https://www.kudozz.in/blog/instagram-influencer-marketing-ecommerce,yes,1218,9,14,18,Answer;BlogPosting;BreadcrumbList;ContactPoint;Country;FAQPage;ImageObject;ListItem;Offer;OfferCatalog;Organization;Question;Service;WebPage;WebSite,Informational (brand),True
https://www.kudozz.in/blog/instagram-influencer-marketing-roi,Blog (brand),How to Measure Instagram Influencer Marketing ROI — Kudozz,58,"How to Measure Instagram Influencer Marketing ROI: Metrics, Attribution and Reporting","Reach, views, and engagement all measure different things on Instagram. A practical framework for choosing the right metrics by format and objective, plus a reporting template brands can reuse.",https://www.kudozz.in/blog/instagram-influencer-marketing-roi,yes,1099,9,14,8,Answer;BlogPosting;BreadcrumbList;ContactPoint;Country;FAQPage;ImageObject;ListItem;Offer;OfferCatalog;Organization;Question;Service;WebPage;WebSite,Informational (brand),True
https://www.kudozz.in/blog/instagram-influencer-rates-india,Blog (brand),Instagram Influencer Rates in India: Pricing Guide — Kudozz,59,Instagram Influencer Rates in India: Complete Pricing Guide for Brands,"Instagram pricing isn't set by a single rate card, it's set by format, engagement quality, and what usage rights are attached. A practical framework for budgeting Reels, Stories, and feed content in India.",https://www.kudozz.in/blog/instagram-influencer-rates-india,yes,1463,10,17,4,Answer;BlogPosting;BreadcrumbList;ContactPoint;Country;FAQPage;ImageObject;ListItem;Offer;OfferCatalog;Organization;Question;Service;WebPage;WebSite,Commercial investigation (pricing),True
https://www.kudozz.in/blog/instagram-insights-for-creators,Creator resource,Instagram Insights for Creators: Understand Your Performance,60,Instagram Insights for Creators: Complete Guide to Understanding Your Performance,"Instagram Insights for creators: views, reach, interactions, saves, shares, watch time, follows and profile activity explained, Reels vs Stories vs posts insights, audience data, and a monthly review routine.",https://www.kudozz.in/blog/instagram-insights-for-creators,yes,977,11,17,11,Answer;BlogPosting;BreadcrumbList;ContactPoint;Country;FAQPage;ImageObject;ListItem;Offer;OfferCatalog;Organization;Question;Service;WebPage;WebSite,Informational (creator),True
https://www.kudozz.in/blog/instagram-keyword-strategy,Creator resource,Instagram Keyword Strategy: Optimise Profile and Posts,54,Instagram Keyword Strategy for Creators: How to Optimize Your Profile and Content,"Instagram keyword strategy for creators: finding keywords in Instagram search suggestions, building a keyword map, and placing keywords in your name, bio, captions, on-screen text, hashtags and highlights.",https://www.kudozz.in/blog/instagram-keyword-strategy,yes,946,10,15,9,Answer;BlogPosting;BreadcrumbList;ContactPoint;Country;FAQPage;ImageObject;ListItem;Offer;OfferCatalog;Organization;Question;Service;WebPage;WebSite,Informational (creator),True
https://www.kudozz.in/blog/instagram-live-influencer-marketing,Blog (brand),Instagram Live Influencer Marketing: Complete Guide for Brands,62,Instagram Live Influencer Marketing: Complete Guide for Brands,"Live works for real-time interaction and urgency in a way no other Instagram format does, but native in-app shopping during Live no longer exists. What Live is actually good for now, and how to run it well.",https://www.kudozz.in/blog/instagram-live-influencer-marketing,yes,1575,13,14,4,Answer;BlogPosting;BreadcrumbList;ContactPoint;Country;FAQPage;ImageObject;ListItem;Offer;OfferCatalog;Organization;Question;Service;WebPage;WebSite,Informational (brand),True
https://www.kudozz.in/blog/instagram-partnership-ads,Blog (brand),Instagram Partnership Ads: A Guide for Brands — Kudozz,54,Instagram Partnership Ads: Complete Guide to Creator Ads for Brands,"Partnership Ads let a brand run paid ads through a creator's own content and identity, with the creator's explicit permission. How the workflow actually works, and why it's now Meta's standard route for paid branded content.",https://www.kudozz.in/blog/instagram-partnership-ads,yes,1453,11,17,14,Answer;BlogPosting;BreadcrumbList;ContactPoint;Country;FAQPage;ImageObject;ListItem;Offer;OfferCatalog;Organization;Question;Service;WebPage;WebSite,Informational (brand),True
https://www.kudozz.in/blog/instagram-product-launch-campaigns,Blog (brand),Instagram Influencer Campaigns for Product Launches — Kudozz,60,Instagram Creator Campaigns for Product Launches: Complete Strategy for Brands,"A launch is a fixed date with no do-over. A format-by-format Instagram timeline, 7, 14, and 30 days, for building creator buzz before, during, and after a launch.",https://www.kudozz.in/blog/instagram-product-launch-campaigns,yes,1212,12,17,20,Answer;BlogPosting;BreadcrumbList;ContactPoint;Country;FAQPage;ImageObject;ListItem;Offer;OfferCatalog;Organization;Question;Service;WebPage;WebSite,Informational (brand),True
https://www.kudozz.in/blog/instagram-product-seeding,Blog (brand),Instagram Product Seeding: Gifting to Creators — Kudozz,55,Instagram Product Seeding: Complete Guide to Gifting Products to Creators,"Sending free product to creators is cheap and easy to overdo badly. What product seeding actually is, how it differs from a paid campaign, and why a gift is a request, not a guarantee.",https://www.kudozz.in/blog/instagram-product-seeding,yes,1760,16,17,10,Answer;BlogPosting;BreadcrumbList;ContactPoint;Country;FAQPage;ImageObject;ListItem;Offer;OfferCatalog;Organization;Question;Service;WebPage;WebSite,Informational (brand),True
https://www.kudozz.in/blog/instagram-reels-analytics,Creator resource,Instagram Reels Analytics: Measure What Actually Works,54,Instagram Reels Analytics: How Creators Can Measure What Actually Works,"Measure what works on Instagram Reels: views vs viewers, average watch time, retention, shares and follows per 1,000 views, series tracking and a review.",https://www.kudozz.in/blog/instagram-reels-analytics,yes,1427,14,20,6,Answer;BlogPosting;BreadcrumbList;ContactPoint;Country;FAQPage;ImageObject;ListItem;Offer;OfferCatalog;Organization;Question;Service;WebPage;WebSite,Informational (creator),True
https://www.kudozz.in/blog/instagram-reels-influencer-marketing,Blog (brand),Instagram Reels Influencer Marketing: Complete Guide for Brands,63,Instagram Reels Influencer Marketing: Complete Guide for Brands,"Reels reach further than any other Instagram format, but only when the hook, format, and creator brief are built for how people actually watch them. A practical framework for running Reels-first creator campaigns.",https://www.kudozz.in/blog/instagram-reels-influencer-marketing,yes,1320,12,16,5,Answer;BlogPosting;BreadcrumbList;ContactPoint;Country;FAQPage;ImageObject;ListItem;Offer;OfferCatalog;Organization;Question;Service;WebPage;WebSite,Informational (brand),True
https://www.kudozz.in/blog/instagram-seo-for-creators,Creator resource,Instagram SEO for Creators: Get Found in Instagram Search,57,Instagram SEO for Creators: How to Get Discovered on Instagram Search,"Instagram SEO for creators: how Instagram search ranks accounts, hashtags, places and posts, profile and caption optimisation, originality and recommendations, and search engine indexing for professional accounts.",https://www.kudozz.in/blog/instagram-seo-for-creators,yes,1119,11,15,12,Answer;BlogPosting;BreadcrumbList;ContactPoint;Country;FAQPage;ImageObject;ListItem;Offer;OfferCatalog;Organization;Question;Service;WebPage;WebSite,Informational (creator),True
https://www.kudozz.in/blog/instagram-stories-influencer-marketing,Blog (brand),Instagram Stories Influencer Marketing: How Brands Can Drive Engagement and Sales,81,Instagram Stories Influencer Marketing: How Brands Can Drive Engagement and Sales,"Stories work differently from Reels, built for urgency and direct response rather than reach into new audiences. A practical guide to running Story-based creator campaigns, including a 3-Story sequence brands can adapt.",https://www.kudozz.in/blog/instagram-stories-influencer-marketing,yes,1177,11,14,5,Answer;BlogPosting;BreadcrumbList;ContactPoint;Country;FAQPage;ImageObject;ListItem;Offer;OfferCatalog;Organization;Question;Service;WebPage;WebSite,Informational (brand),True
https://www.kudozz.in/blog/instagram-subscriptions,Creator resource,Instagram Subscriptions for Creators in India: Full Guide,57,Instagram Subscriptions for Creators: Complete Guide to Paid Content,"Instagram Subscriptions for Indian creators: 10,000-follower eligibility, subscriber content, pricing, fees, payouts, launch plan and reducing churn.",https://www.kudozz.in/blog/instagram-subscriptions,yes,1459,13,16,8,Answer;BlogPosting;BreadcrumbList;ContactPoint;Country;FAQPage;ImageObject;ListItem;Offer;OfferCatalog;Organization;Question;Service;WebPage;WebSite,Informational (creator),True
https://www.kudozz.in/blog/instagram-trial-reels,Creator resource,Instagram Trial Reels: How to Test Reels Before Posting,55,Instagram Trial Reels: How Creators Can Test Content Before Sharing It With Everyone,"Instagram Trial Reels explained: eligibility, how trials reach non-followers, reading insights, share to everyone or auto-share, and a weekly test routine.",https://www.kudozz.in/blog/instagram-trial-reels,yes,1340,12,13,6,Answer;BlogPosting;BreadcrumbList;ContactPoint;Country;FAQPage;ImageObject;ListItem;Offer;OfferCatalog;Organization;Question;Service;WebPage;WebSite,Informational (creator),True
https://www.kudozz.in/blog/instagram-ugc-marketing,Blog (brand),Instagram UGC Marketing: Complete Guide for Indian Brands,57,Instagram UGC Marketing: Complete Guide for Indian Brands,"UGC made for Instagram specifically, Reels, Stories, and ads, needs different sourcing and briefing decisions than UGC built for a website or email. Where Instagram UGC fits alongside influencer posts and paid creative.",https://www.kudozz.in/blog/instagram-ugc-marketing,yes,1489,13,24,21,Answer;BlogPosting;BreadcrumbList;ContactPoint;Country;FAQPage;ImageObject;ListItem;Offer;OfferCatalog;Organization;Question;Service;WebPage;WebSite,Informational (brand),True
https://www.kudozz.in/blog/insurance-influencer-marketing-india,Blog (brand),Influencer Marketing for Insurance Companies in India,53,Influencer Marketing for Insurance Companies in India,"A compliance-first approach to influencer marketing for Indian insurance and insurtech brands, focused on financial education and trust rather than persuasion, without providing financial advice.",https://www.kudozz.in/blog/insurance-influencer-marketing-india,yes,1241,14,14,2,Answer;BlogPosting;BreadcrumbList;ContactPoint;Country;FAQPage;ImageObject;ListItem;Offer;OfferCatalog;Organization;Question;Service;WebPage;WebSite,Informational (brand),True
https://www.kudozz.in/blog/launch-digital-product-creators,Creator resource,How to Launch Your First Digital Product as a Creator,53,How to Launch Your First Digital Product as a Creator,"How to launch your first digital product: pre-launch runway, launch-week content, email and community sequences, objections, delivery, support and post-launch.",https://www.kudozz.in/blog/launch-digital-product-creators,yes,1081,13,15,8,Answer;BlogPosting;BreadcrumbList;ContactPoint;Country;FAQPage;ImageObject;ListItem;Offer;OfferCatalog;Organization;Question;Service;WebPage;WebSite,Informational (creator),True
https://www.kudozz.in/blog/legal-services-influencer-marketing-india,Blog (brand),Influencer Marketing for Legal Technology and Legal Service Brands in India,75,Influencer Marketing for Legal Technology and Legal Service Brands in India,"Marketing guidance for Indian LegalTech and legal service platforms, with an explicit distinction between promoting a technology product and the strict advertising restrictions that apply to individual advocates in India.",https://www.kudozz.in/blog/legal-services-influencer-marketing-india,yes,1278,14,14,1,Answer;BlogPosting;BreadcrumbList;ContactPoint;Country;FAQPage;ImageObject;ListItem;Offer;OfferCatalog;Organization;Question;Service;WebPage;WebSite,Informational (brand),True
https://www.kudozz.in/blog/link-in-bio-for-creators,Creator resource,Link in Bio for Creators: How to Build One That Converts,56,Link in Bio for Creators: How to Build a High-Converting Creator Hub,"Link in bio for creators: what to put on it, how many links, order and layout, tools vs your own website, tracking clicks, brand and affiliate links, and link-in-bio mistakes to avoid.",https://www.kudozz.in/blog/link-in-bio-for-creators,yes,1210,11,17,10,Answer;BlogPosting;BreadcrumbList;ContactPoint;Country;FAQPage;ImageObject;ListItem;Offer;OfferCatalog;Organization;Question;Service;WebPage;WebSite,Informational (creator),True
https://www.kudozz.in/blog/linkedin-creator-marketing,Blog (brand),LinkedIn Creator Marketing: A Complete Guide for Brands and B2B Companies,73,LinkedIn Creator Marketing: A Complete Guide for Brands and B2B Companies,"Who counts as a LinkedIn creator, why B2B creator marketing runs on different logic than consumer influencer marketing, and how to evaluate creators on expertise and audience fit rather than follower count.",https://www.kudozz.in/blog/linkedin-creator-marketing,yes,1795,14,15,3,Answer;BlogPosting;BreadcrumbList;ContactPoint;Country;FAQPage;ImageObject;ListItem;Offer;OfferCatalog;Organization;Question;Service;WebPage;WebSite,Informational (brand),True
https://www.kudozz.in/blog/linkedin-influencer-marketing-campaign-ideas,Blog (brand),LinkedIn Influencer Marketing Campaign Ideas: 20 Campaign Formats for B2B Brands,80,LinkedIn Influencer Marketing Campaign Ideas: 20 Campaign Formats for B2B Brands,"Twenty practical LinkedIn campaign formats for B2B brands, each with the objective, best voice, structure, KPI, and industries it suits, from expert collaborations to Thought Leader Ads amplification.",https://www.kudozz.in/blog/linkedin-influencer-marketing-campaign-ideas,yes,1518,6,14,2,Answer;BlogPosting;BreadcrumbList;ContactPoint;Country;FAQPage;ImageObject;ListItem;Offer;OfferCatalog;Organization;Question;Service;WebPage;WebSite,Informational (brand),True
https://www.kudozz.in/blog/linkedin-influencer-marketing-india,Blog (brand),LinkedIn Influencer Marketing for B2B Brands in India,53,LinkedIn Influencer Marketing: The Complete Guide for B2B Brands in India,"What LinkedIn influencer marketing actually is, how it differs from company page marketing, employee advocacy and executive thought leadership, and the full workflow Indian B2B brands can use to plan, run and measure a campaign.",https://www.kudozz.in/blog/linkedin-influencer-marketing-india,yes,2673,18,23,9,Answer;BlogPosting;BreadcrumbList;ContactPoint;Country;FAQPage;ImageObject;ListItem;Offer;OfferCatalog;Organization;Question;Service;WebPage;WebSite,Informational (brand),True
https://www.kudozz.in/blog/linkedin-influencer-rates-india,Blog (brand),LinkedIn Influencer Marketing Rates: How Much Do B2B Creators Charge?,69,LinkedIn Influencer Marketing Rates: How Much Do B2B Creators Charge?,"Why LinkedIn creator pricing has no honest single rate card, the factors that actually drive it, and how to evaluate whether a quoted price is worth it before you agree to it.",https://www.kudozz.in/blog/linkedin-influencer-rates-india,yes,1563,9,16,6,Answer;BlogPosting;BreadcrumbList;ContactPoint;Country;FAQPage;ImageObject;ListItem;Offer;OfferCatalog;Organization;Question;Service;WebPage;WebSite,Commercial investigation (pricing),True
https://www.kudozz.in/blog/linkedin-thought-leadership-marketing,Blog (brand),LinkedIn Thought Leadership Marketing With Creators — Kudozz,60,LinkedIn Thought Leadership Marketing: How Brands Build Authority With Creators and Experts,"A framework for combining brand, executive, employee, and external creator voices into one coherent thought leadership strategy, and how authority-building content actually supports pipeline without overstating what it drives on its own.",https://www.kudozz.in/blog/linkedin-thought-leadership-marketing,yes,1528,9,18,10,Answer;BlogPosting;BreadcrumbList;ContactPoint;Country;FAQPage;ImageObject;ListItem;Offer;OfferCatalog;Organization;Question;Service;WebPage;WebSite,Informational (brand),True
https://www.kudozz.in/blog/logistics-influencer-marketing-india,Blog (brand),Influencer Marketing for Logistics and Supply Chain Companies in India,70,Influencer Marketing for Logistics and Supply Chain Companies in India,"Why influencer marketing can work for logistics and supply chain businesses when it's built around industry credibility and long B2B sales cycles, not consumer-style lifestyle content.",https://www.kudozz.in/blog/logistics-influencer-marketing-india,yes,1176,14,15,1,Answer;BlogPosting;BreadcrumbList;ContactPoint;Country;FAQPage;ImageObject;ListItem;Offer;OfferCatalog;Organization;Question;Service;WebPage;WebSite,Informational (brand),True
https://www.kudozz.in/blog/luxury-influencer-marketing-india,Blog (brand),Influencer Marketing for Luxury Brands: The Right Creators,58,Influencer Marketing for Luxury Brands: How to Work With the Right Creators,"Luxury influencer marketing in India: selective creator partnerships, brand fit, storytelling, controlled environments, events and measuring beyond clicks.",https://www.kudozz.in/blog/luxury-influencer-marketing-india,yes,1361,17,17,5,Answer;BlogPosting;BreadcrumbList;ContactPoint;Country;FAQPage;ImageObject;ListItem;Offer;OfferCatalog;Organization;Question;Service;WebPage;WebSite,Informational (brand),True
https://www.kudozz.in/blog/manage-brand-collaboration-leads,Creator resource,How to Manage Brand Collaboration Leads as a Creator,52,How to Manage Brand Collaboration Leads as a Creator,"How creators manage inbound brand collaboration leads: where they arrive, qualifying in minutes, response times, questions before quoting, templates and scam checks.",https://www.kudozz.in/blog/manage-brand-collaboration-leads,yes,1299,12,17,11,Answer;BlogPosting;BreadcrumbList;ContactPoint;Country;FAQPage;ImageObject;ListItem;Offer;OfferCatalog;Organization;Question;Service;WebPage;WebSite,Informational (creator),True
https://www.kudozz.in/blog/manufacturing-influencer-marketing-india,Blog (brand),Manufacturing Influencer Marketing: Industrial Creators,55,Influencer Marketing for Manufacturing Brands: How Industrial Companies Can Work With Creators,"Manufacturing influencer marketing: engineers, industry experts and trade creators, LinkedIn and YouTube, trade fairs, distributors and B2B measurement.",https://www.kudozz.in/blog/manufacturing-influencer-marketing-india,yes,1296,16,14,6,Answer;BlogPosting;BreadcrumbList;ContactPoint;Country;FAQPage;ImageObject;ListItem;Offer;OfferCatalog;Organization;Question;Service;WebPage;WebSite,Informational (brand),True
https://www.kudozz.in/blog/measure-linkedin-influencer-marketing-roi,Blog (brand),"How to Measure LinkedIn Influencer Marketing ROI: Metrics, Attribution and Reporting",84,"How to Measure LinkedIn Influencer Marketing ROI: Metrics, Attribution and Reporting","A practical B2B measurement framework covering awareness, engagement, traffic, lead generation, pipeline, and financial metrics, and why attributing revenue to a single LinkedIn post is usually the wrong bar to set.",https://www.kudozz.in/blog/measure-linkedin-influencer-marketing-roi,yes,1578,13,15,5,Answer;BlogPosting;BreadcrumbList;ContactPoint;Country;FAQPage;ImageObject;ListItem;Offer;OfferCatalog;Organization;Question;Service;WebPage;WebSite,Informational (brand),True
https://www.kudozz.in/blog/measure-pinterest-influencer-marketing-roi,Blog (brand),"How to Measure Pinterest Influencer Marketing ROI: Metrics, Attribution and Reporting",85,"How to Measure Pinterest Influencer Marketing ROI: Metrics, Attribution and Reporting","A complete measurement framework covering awareness through commerce metrics, how to separate organic, paid, and affiliate performance, and why Pinterest's extended content lifespan changes what a fair reporting window looks like.",https://www.kudozz.in/blog/measure-pinterest-influencer-marketing-roi,yes,1612,13,15,3,Answer;BlogPosting;BreadcrumbList;ContactPoint;Country;FAQPage;ImageObject;ListItem;Offer;OfferCatalog;Organization;Question;Service;WebPage;WebSite,Informational (brand),True
https://www.kudozz.in/blog/measure-reddit-influencer-marketing-roi,Blog (brand),"How to Measure Reddit Influencer and Community Marketing ROI: Metrics, Attribution and Reporting",96,"How to Measure Reddit Influencer and Community Marketing ROI: Metrics, Attribution and Reporting","A complete measurement framework covering organic engagement through paid Reddit Ads performance, and why community marketing's value often shows up as sentiment and reputation rather than a clean, immediate metric.",https://www.kudozz.in/blog/measure-reddit-influencer-marketing-roi,yes,1356,12,15,7,Answer;BlogPosting;BreadcrumbList;ContactPoint;Country;FAQPage;ImageObject;ListItem;Offer;OfferCatalog;Organization;Question;Service;WebPage;WebSite,Informational (brand),True
https://www.kudozz.in/blog/measure-snapchat-influencer-marketing-roi,Blog (brand),"How to Measure Snapchat Influencer Marketing ROI: Metrics, Attribution and Reporting",84,"How to Measure Snapchat Influencer Marketing ROI: Metrics, Attribution and Reporting","A complete measurement framework covering awareness through business metrics, how to separate organic and paid amplification performance, and the tracking methods that actually work on Snapchat.",https://www.kudozz.in/blog/measure-snapchat-influencer-marketing-roi,yes,1690,13,15,3,Answer;BlogPosting;BreadcrumbList;ContactPoint;Country;FAQPage;ImageObject;ListItem;Offer;OfferCatalog;Organization;Question;Service;WebPage;WebSite,Informational (brand),True
https://www.kudozz.in/blog/measuring-influencer-campaign-roi,Blog (brand),How to Measure Influencer Marketing ROI (Indian Brands),55,How to Measure Influencer Marketing ROI,"ROI measurement is where most influencer campaigns fall apart after the fact. Here's the metrics, formulas, and reporting structure we set up before a campaign ever launches.",https://www.kudozz.in/blog/measuring-influencer-campaign-roi,yes,1824,13,16,43,Answer;BlogPosting;BreadcrumbList;ContactPoint;Country;FAQPage;ImageObject;ListItem;Offer;OfferCatalog;Organization;Question;Service;WebPage;WebSite,Informational (brand),True
https://www.kudozz.in/blog/micro-influencers-india,Blog (brand),How Indian Brands Can Work With Micro-Influencers — Kudozz,58,How Indian Brands Can Work With Micro-Influencers,"What a micro-influencer actually is, when this tier genuinely fits a campaign objective in India, and a practical framework for briefing, managing, and measuring a group of smaller creators at once.",https://www.kudozz.in/blog/micro-influencers-india,yes,1253,14,19,5,Answer;BlogPosting;BreadcrumbList;ContactPoint;Country;FAQPage;ImageObject;ListItem;Offer;OfferCatalog;Organization;Question;Service;WebPage;WebSite,Informational (brand),True
https://www.kudozz.in/blog/micro-vs-macro-influencers,Blog (brand),Micro vs Macro vs Celebrity Influencers: Your Creator Mix,57,"Micro, Macro or Celebrity Influencers: How Should Brands Build Their Creator Mix?","Micro, macro or celebrity influencers? Compare tiers by reach, trust, cost and objective, and build a layered creator mix that fits your budget.",https://www.kudozz.in/blog/micro-vs-macro-influencers,yes,1169,9,17,14,Answer;BlogPosting;BreadcrumbList;ContactPoint;Country;FAQPage;ImageObject;ListItem;Offer;OfferCatalog;Organization;Question;Service;WebPage;WebSite,Comparison,True
https://www.kudozz.in/blog/mobile-app-influencer-marketing-india,Blog (brand),Influencer Marketing for Mobile Apps and App Launches,53,Influencer Marketing for Mobile Apps: App Launches and User Acquisition,"Mobile app influencer marketing: app launch phases, walkthroughs and tutorials, creator tracking, retention-based measurement and scaling user acquisition.",https://www.kudozz.in/blog/mobile-app-influencer-marketing-india,yes,1491,18,16,5,Answer;BlogPosting;BreadcrumbList;ContactPoint;Country;FAQPage;ImageObject;ListItem;Offer;OfferCatalog;Organization;Question;Service;WebPage;WebSite,Informational (brand),True
https://www.kudozz.in/blog/negotiate-creative-control-brand-deals,Creator resource,How to Negotiate Creative Control in Brand Collaborations,57,How to Negotiate Creative Control in Brand Collaborations,"How creators negotiate creative control before signing: talking points vs scripts, mandatories, what brands can approve, honesty and editing clauses, and wording.",https://www.kudozz.in/blog/negotiate-creative-control-brand-deals,yes,1247,13,18,7,Answer;BlogPosting;BreadcrumbList;ContactPoint;Country;FAQPage;ImageObject;ListItem;Offer;OfferCatalog;Organization;Question;Service;WebPage;WebSite,Informational (creator),True
https://www.kudozz.in/blog/no-code-automation-creators,Creator resource,No-Code Automation for Creators: Connect Your Tools — Kudozz,60,No-Code Automation for Creators: How to Connect Your Business Tools,"No-code automation for creators: triggers and actions, built-in vs Zapier, Make or n8n, five starter recipes, testing, costs, privacy and account safety.",https://www.kudozz.in/blog/no-code-automation-creators,yes,1390,12,16,7,Answer;BlogPosting;BreadcrumbList;ContactPoint;Country;FAQPage;ImageObject;ListItem;Offer;OfferCatalog;Organization;Question;Service;WebPage;WebSite,Informational (creator),True
https://www.kudozz.in/blog/notion-templates-creators,Creator resource,Notion Templates for Creators: How to Build and Sell Them,57,Notion Templates for Creators: How to Build and Sell Them,"How creators build and sell Notion templates: problems Notion suits, beginner-friendly design, documentation, testing, Notion Marketplace fees and refunds, pricing and support.",https://www.kudozz.in/blog/notion-templates-creators,yes,1147,15,14,6,Answer;BlogPosting;BreadcrumbList;ContactPoint;Country;FAQPage;ImageObject;ListItem;Offer;OfferCatalog;Organization;Question;Service;WebPage;WebSite,Informational (creator),True
https://www.kudozz.in/blog/outsource-content-creation,Creator resource,Outsource Content Creation Without Losing Your Voice,52,How to Outsource Content Creation Without Losing Your Voice,"Outsource content creation and writing without losing your voice: what to delegate, a voice guide, briefing writers, ghostwriting honesty and review.",https://www.kudozz.in/blog/outsource-content-creation,yes,1270,13,16,6,Answer;BlogPosting;BreadcrumbList;ContactPoint;Country;FAQPage;ImageObject;ListItem;Offer;OfferCatalog;Organization;Question;Service;WebPage;WebSite,Informational (creator),True
https://www.kudozz.in/blog/pan-india-influencer-marketing-campaign,Blog (brand),Pan-India and Multi-City Influencer Campaigns: A Guide,54,How to Run a Pan-India Influencer Marketing Campaign,"Plan a pan-India or multi-city influencer campaign: national and regional creators, cities and languages, localized briefs, logistics and measurement.",https://www.kudozz.in/blog/pan-india-influencer-marketing-campaign,yes,1452,13,18,153,Answer;BlogPosting;BreadcrumbList;ContactPoint;Country;FAQPage;ImageObject;ListItem;Offer;OfferCatalog;Organization;Question;Service;WebPage;WebSite,Informational (brand),True
https://www.kudozz.in/blog/parenting-baby-influencer-marketing-india,Blog (brand),Parenting and Baby Influencer Marketing: Choosing Creators,58,Influencer Marketing for Baby and Parenting Brands: How to Choose the Right Creators,"Parenting and baby influencer marketing: parent and family creators, careful claims, the IMS Act on infant food and bottles, children on camera and trust.",https://www.kudozz.in/blog/parenting-baby-influencer-marketing-india,yes,1336,17,15,3,Answer;BlogPosting;BreadcrumbList;ContactPoint;Country;FAQPage;ImageObject;ListItem;Offer;OfferCatalog;Organization;Question;Service;WebPage;WebSite,Informational (brand),True
https://www.kudozz.in/blog/personal-finance-influencer-marketing-india,Blog (brand),Influencer Marketing for Personal Finance Platforms in India,60,Influencer Marketing for Personal Finance Platforms in India,"How Indian budgeting apps, financial literacy platforms, and money-management tools can build long-term user trust through creators, distinct from the broader fintech playbook covering payments and lending.",https://www.kudozz.in/blog/personal-finance-influencer-marketing-india,yes,1202,14,14,2,Answer;BlogPosting;BreadcrumbList;ContactPoint;Country;FAQPage;ImageObject;ListItem;Offer;OfferCatalog;Organization;Question;Service;WebPage;WebSite,Informational (brand),True
https://www.kudozz.in/blog/pet-influencer-marketing-india,Blog (brand),Influencer Marketing for Pet Brands in India — Kudozz,53,Influencer Marketing for Pet Brands in India,"How Indian pet food, care, and accessory brands can use creators to reach a fast-growing pet-parent community, without creators stepping into veterinary advice or treatment claims.",https://www.kudozz.in/blog/pet-influencer-marketing-india,yes,1110,14,15,1,Answer;BlogPosting;BreadcrumbList;ContactPoint;Country;FAQPage;ImageObject;ListItem;Offer;OfferCatalog;Organization;Question;Service;WebPage;WebSite,Informational (brand),True
https://www.kudozz.in/blog/photography-creative-services-influencer-marketing-india,Blog (brand),Influencer Marketing for Photography and Creative Service Businesses in India,77,Influencer Marketing for Photography and Creative Service Businesses in India,"How Indian photography studios, videographers, and creative agencies can use creator collaborations for portfolio exposure and local lead generation, with clear agreements on content ownership from the start.",https://www.kudozz.in/blog/photography-creative-services-influencer-marketing-india,yes,1213,14,15,1,Answer;BlogPosting;BreadcrumbList;ContactPoint;Country;FAQPage;ImageObject;ListItem;Offer;OfferCatalog;Organization;Question;Service;WebPage;WebSite,Informational (brand),True
https://www.kudozz.in/blog/pinterest-affiliate-marketing,Blog (brand),Pinterest Affiliate Marketing With Creators: Complete Guide for Brands,70,Pinterest Affiliate Marketing With Creators: Complete Guide for Brands,"How Pinterest's affiliate, paid partnership, and merchant systems actually work, including current Amazon Storefront linking, and when brands should use flat-fee, affiliate, or hybrid creator compensation.",https://www.kudozz.in/blog/pinterest-affiliate-marketing,yes,1718,13,14,3,Answer;BlogPosting;BreadcrumbList;ContactPoint;Country;FAQPage;ImageObject;ListItem;Offer;OfferCatalog;Organization;Question;Service;WebPage;WebSite,Informational (brand),True
https://www.kudozz.in/blog/pinterest-creator-discovery,Blog (brand),Pinterest Creator Discovery: How to Find the Right Creators for Your Brand,74,Pinterest Creator Discovery: How to Find the Right Creators for Your Brand,"Where to actually find Pinterest creators worth working with, a 100-point evaluation scorecard weighted for search and visual performance, and how to vet a shortlist before reaching out.",https://www.kudozz.in/blog/pinterest-creator-discovery,yes,1678,17,16,4,Answer;BlogPosting;BreadcrumbList;ContactPoint;Country;FAQPage;ImageObject;ListItem;Offer;OfferCatalog;Organization;Question;Service;WebPage;WebSite,Informational (brand),True
https://www.kudozz.in/blog/pinterest-creator-marketing,Blog (brand),Pinterest Creator Marketing: Complete Guide for Brands,54,Pinterest Creator Marketing: Complete Guide for Brands,"Why Pinterest creator marketing is broader than influencer marketing, the full range of creator types worth working with, and how to evaluate them on search behavior and visual authority, not just reach.",https://www.kudozz.in/blog/pinterest-creator-marketing,yes,1294,8,14,3,Answer;BlogPosting;BreadcrumbList;ContactPoint;Country;FAQPage;ImageObject;ListItem;Offer;OfferCatalog;Organization;Question;Service;WebPage;WebSite,Informational (brand),True
https://www.kudozz.in/blog/pinterest-creator-partnerships,Blog (brand),Pinterest Creator Partnerships: How Brands Can Work With Pinterest Creators,75,Pinterest Creator Partnerships: How Brands Can Work With Pinterest Creators,"The different ways to structure a Pinterest creator relationship, from a one-off Pin to an evergreen content partnership, and a fifteen-part structure covering the terms that matter most on this platform specifically.",https://www.kudozz.in/blog/pinterest-creator-partnerships,yes,1348,7,16,3,Answer;BlogPosting;BreadcrumbList;ContactPoint;Country;FAQPage;ImageObject;ListItem;Offer;OfferCatalog;Organization;Question;Service;WebPage;WebSite,Informational (brand),True
https://www.kudozz.in/blog/pinterest-influencer-marketing-campaign-ideas,Blog (brand),Pinterest Influencer Marketing Campaign Ideas: 25 Campaigns Brands Can Try,74,Pinterest Influencer Marketing Campaign Ideas: 25 Campaigns Brands Can Try,"Twenty-five genuinely distinct Pinterest creator campaign formats, each with the objective, audience, creator type, structure, KPI, and industries it suits, from gift guides to long-term content programs.",https://www.kudozz.in/blog/pinterest-influencer-marketing-campaign-ideas,yes,1562,6,14,4,Answer;BlogPosting;BreadcrumbList;ContactPoint;Country;FAQPage;ImageObject;ListItem;Offer;OfferCatalog;Organization;Question;Service;WebPage;WebSite,Informational (brand),True
https://www.kudozz.in/blog/pinterest-influencer-marketing-india,Blog (brand),Pinterest Influencer Marketing in India: Brand Guide,52,Pinterest Influencer Marketing: Complete Guide for Indian Brands,"What Pinterest influencer marketing actually is, why it runs on discovery and planning intent rather than passive scrolling, and the complete workflow Indian brands can use to plan, run, and measure a campaign.",https://www.kudozz.in/blog/pinterest-influencer-marketing-india,yes,2370,15,22,7,Answer;BlogPosting;BreadcrumbList;ContactPoint;Country;FAQPage;ImageObject;ListItem;Offer;OfferCatalog;Organization;Question;Service;WebPage;WebSite,Informational (brand),True
https://www.kudozz.in/blog/pinterest-influencer-rates-india,Blog (brand),Pinterest Influencer Rates in India: How Much Do Pinterest Creators Charge?,75,Pinterest Influencer Rates in India: How Much Do Pinterest Creators Charge?,"Why there's no universal Pinterest rate card, the specific factors that drive pricing by content type, and how to evaluate a creator's cost against saves, clicks, and downstream sales rather than followers alone.",https://www.kudozz.in/blog/pinterest-influencer-rates-india,yes,1491,8,14,4,Answer;BlogPosting;BreadcrumbList;ContactPoint;Country;FAQPage;ImageObject;ListItem;Offer;OfferCatalog;Organization;Question;Service;WebPage;WebSite,Commercial investigation (pricing),True
https://www.kudozz.in/blog/pinterest-product-marketing-creators,Blog (brand),Pinterest Product Marketing With Creators: How to Turn Inspiration Into Sales,77,Pinterest Product Marketing With Creators: How to Turn Inspiration Into Sales,"How brands can use creators to move someone from casual discovery to an actual purchase on Pinterest, with the distinct role of creator content, ads, affiliate content, and brand-owned Pins along the way.",https://www.kudozz.in/blog/pinterest-product-marketing-creators,yes,1562,15,15,3,Answer;BlogPosting;BreadcrumbList;ContactPoint;Country;FAQPage;ImageObject;ListItem;Offer;OfferCatalog;Organization;Question;Service;WebPage;WebSite,Informational (brand),True
https://www.kudozz.in/blog/pinterest-trends-creator-marketing,Blog (brand),Pinterest Trends and Creator Marketing: How Brands Can Build Campaigns Around Emerging Trends,93,Pinterest Trends and Creator Marketing: How Brands Can Build Campaigns Around Emerging Trends,"The real difference between Pinterest Trends and Pinterest Predicts, how to read search-based trend signals without overreacting to them, and a framework for turning a genuine trend into a creator campaign.",https://www.kudozz.in/blog/pinterest-trends-creator-marketing,yes,1651,10,14,3,Answer;BlogPosting;BreadcrumbList;ContactPoint;Country;FAQPage;ImageObject;ListItem;Offer;OfferCatalog;Organization;Question;Service;WebPage;WebSite,Informational (brand),True
https://www.kudozz.in/blog/podcast-ad-placement-comparison,Blog (brand),Pre-Roll vs. Mid-Roll vs. Post-Roll Podcast Ads: Which Should Brands Choose?,76,Pre-Roll vs. Mid-Roll vs. Post-Roll Podcast Ads: Which Should Brands Choose?,"Three positions in the same episode, three different levels of listener attention, and three different price points. Which one actually fits a specific campaign objective.",https://www.kudozz.in/blog/podcast-ad-placement-comparison,yes,915,7,13,1,Answer;BlogPosting;BreadcrumbList;ContactPoint;Country;FAQPage;ImageObject;ListItem;Offer;OfferCatalog;Organization;Question;Service;WebPage;WebSite,Comparison,True
https://www.kudozz.in/blog/podcast-advertising-compliance,Blog (brand),Podcast Advertising and Influencer Marketing Compliance: What Brands Need to Know,81,Podcast Advertising and Influencer Marketing Compliance: What Brands Need to Know,"Host-read ads, gifted products, affiliate arrangements, and standard sponsorships all carry different disclosure expectations. What to get right, without treating this as a substitute for legal advice.",https://www.kudozz.in/blog/podcast-advertising-compliance,yes,978,8,14,4,Answer;BlogPosting;BreadcrumbList;ContactPoint;Country;FAQPage;ImageObject;ListItem;Offer;OfferCatalog;Organization;Question;Service;WebPage;WebSite,Informational (brand),True
https://www.kudozz.in/blog/podcast-advertising-vs-influencer-marketing,Blog (brand),Podcast Advertising vs. Podcast Influencer Marketing: What's the Difference?,76,Podcast Advertising vs. Podcast Influencer Marketing: What's the Difference?,"One is a media buy. The other is a relationship. Most brands doing this well eventually need both, but confusing the two leads to the wrong brief, the wrong price, and the wrong expectations.",https://www.kudozz.in/blog/podcast-advertising-vs-influencer-marketing,yes,904,7,14,1,Answer;BlogPosting;BreadcrumbList;ContactPoint;Country;FAQPage;ImageObject;ListItem;Offer;OfferCatalog;Organization;Question;Service;WebPage;WebSite,Comparison,True
https://www.kudozz.in/blog/podcast-audience-analytics,Blog (brand),Podcast Audience Analytics: What Brands Should Check Before Sponsoring a Show,77,Podcast Audience Analytics: What Brands Should Check Before Sponsoring a Show,"What a brand can reasonably ask for, and what crosses into requesting private data a host shouldn't be sharing.",https://www.kudozz.in/blog/podcast-audience-analytics,yes,806,6,15,1,Answer;BlogPosting;BreadcrumbList;ContactPoint;Country;FAQPage;ImageObject;ListItem;Offer;OfferCatalog;Organization;Question;Service;WebPage;WebSite,Informational (brand),True
https://www.kudozz.in/blog/podcast-content-repurposing,Blog (brand),Podcast Content Repurposing: How Brands Can Turn Podcast Collaborations Into Social Content,91,Podcast Content Repurposing: How Brands Can Turn Podcast Collaborations Into Social Content,"A 45-minute episode is a raw material, not a finished asset. How to responsibly turn one podcast collaboration into clips, posts, and content across other channels, without overstepping the rights you actually have.",https://www.kudozz.in/blog/podcast-content-repurposing,yes,1024,8,14,2,Answer;BlogPosting;BreadcrumbList;ContactPoint;Country;FAQPage;ImageObject;ListItem;Offer;OfferCatalog;Organization;Question;Service;WebPage;WebSite,Informational (brand),True
https://www.kudozz.in/blog/podcast-creator-partnerships,Blog (brand),Podcast Creator Partnerships: How Brands Can Work With Podcast Hosts,68,Podcast Creator Partnerships: How Brands Can Work With Podcast Hosts,A host who's mentioned a brand across a dozen episodes over a year carries a kind of trust a single sponsored read can't buy. What it takes to build that relationship deliberately.,https://www.kudozz.in/blog/podcast-creator-partnerships,yes,1107,9,16,2,Answer;BlogPosting;BreadcrumbList;ContactPoint;Country;FAQPage;ImageObject;ListItem;Offer;OfferCatalog;Organization;Question;Service;WebPage;WebSite,Informational (brand),True
https://www.kudozz.in/blog/podcast-guest-marketing,Blog (brand),Podcast Guest Marketing: How Brands Can Use Expert Guests to Build Authority,76,Podcast Guest Marketing: How Brands Can Use Expert Guests to Build Authority,"Founders, executives, independent experts, product specialists, and creators can all be guests, and each brings a different kind of credibility that a booking alone doesn't guarantee will translate into results.",https://www.kudozz.in/blog/podcast-guest-marketing,yes,861,7,13,1,Answer;BlogPosting;BreadcrumbList;ContactPoint;Country;FAQPage;ImageObject;ListItem;Offer;OfferCatalog;Organization;Question;Service;WebPage;WebSite,Informational (brand),True
https://www.kudozz.in/blog/podcast-influencer-contracts,Blog (brand),Podcast Influencer Contracts: Clauses Brands Should Include,59,Podcast Influencer Contracts: Clauses Brands Should Include,"Most podcast sponsorship disputes trace back to something assumed rather than written down. A practical clause-by-clause framework, not a legal template.",https://www.kudozz.in/blog/podcast-influencer-contracts,yes,857,6,14,3,Answer;BlogPosting;BreadcrumbList;ContactPoint;Country;FAQPage;ImageObject;ListItem;Offer;OfferCatalog;Organization;Question;Service;WebPage;WebSite,Informational (brand),True
https://www.kudozz.in/blog/podcast-influencer-marketing-b2b-brands,Blog (brand),Podcast Influencer Marketing for B2B Brands: Complete Guide,59,Podcast Influencer Marketing for B2B Brands: Complete Guide,"A B2B buyer commuting to work with a business podcast on is a captive, professionally-minded audience most other formats can't replicate.",https://www.kudozz.in/blog/podcast-influencer-marketing-b2b-brands,yes,871,9,14,2,Answer;BlogPosting;BreadcrumbList;ContactPoint;Country;FAQPage;ImageObject;ListItem;Offer;OfferCatalog;Organization;Question;Service;WebPage;WebSite,Informational (brand),True
https://www.kudozz.in/blog/podcast-influencer-marketing-campaign-ideas,Blog (brand),Podcast Influencer Marketing Campaign Ideas: 20 Campaigns Brands Can Try,72,Podcast Influencer Marketing Campaign Ideas: 20 Campaigns Brands Can Try,"Twenty campaign formats built around what actually makes podcasts work, host trust, sustained attention, and a real conversation, rather than a list of generic marketing ideas relabeled for audio.",https://www.kudozz.in/blog/podcast-influencer-marketing-campaign-ideas,yes,1053,5,13,2,Answer;BlogPosting;BreadcrumbList;ContactPoint;Country;FAQPage;ImageObject;ListItem;Offer;OfferCatalog;Organization;Question;Service;WebPage;WebSite,Informational (brand),True
https://www.kudozz.in/blog/podcast-influencer-marketing-costs-india,Blog (brand),Podcast Influencer Marketing Costs in India: Complete Pricing Guide,67,Podcast Influencer Marketing Costs in India: Complete Pricing Guide,"US podcast CPM benchmarks get quoted constantly and don't map cleanly onto the Indian market. What actually drives podcast sponsorship pricing, and how to budget without a rate card that doesn't exist yet.",https://www.kudozz.in/blog/podcast-influencer-marketing-costs-india,yes,1119,7,13,4,Answer;BlogPosting;BreadcrumbList;ContactPoint;Country;FAQPage;ImageObject;ListItem;Offer;OfferCatalog;Organization;Question;Service;WebPage;WebSite,Commercial investigation (pricing),True
https://www.kudozz.in/blog/podcast-influencer-marketing-india,Blog (brand),Podcast Influencer Marketing in India: Brand Guide — Kudozz,59,Podcast Influencer Marketing: Complete Guide for Indian Brands,"Podcast hosts build trust over hours of sustained listening, not a five-second scroll, which is exactly why a genuine host endorsement can move a purchase decision differently than most other creator formats.",https://www.kudozz.in/blog/podcast-influencer-marketing-india,yes,1529,14,20,4,Answer;BlogPosting;BreadcrumbList;ContactPoint;Country;FAQPage;ImageObject;ListItem;Offer;OfferCatalog;Organization;Question;Service;WebPage;WebSite,Informational (brand),True
https://www.kudozz.in/blog/podcast-influencer-marketing-metrics,Blog (brand),Podcast Influencer Marketing Metrics: 15 KPIs Brands Should Track,65,Podcast Influencer Marketing Metrics: 15 KPIs Brands Should Track,"A scannable reference to the 15 metrics that actually matter for a podcast campaign, grouped by what stage of the funnel they answer for.",https://www.kudozz.in/blog/podcast-influencer-marketing-metrics,yes,861,4,15,1,Answer;BlogPosting;BreadcrumbList;ContactPoint;Country;FAQPage;ImageObject;ListItem;Offer;OfferCatalog;Organization;Question;Service;WebPage;WebSite,Informational (brand),True
https://www.kudozz.in/blog/podcast-influencer-marketing-mistakes,Blog (brand),Podcast Influencer Marketing Mistakes: 20 Mistakes Brands Should Avoid,70,Podcast Influencer Marketing Mistakes: 20 Mistakes Brands Should Avoid,"Most podcast campaign failures aren't exotic. They're the same handful of habits, borrowed from other platforms or from skipping a step that felt optional, that quietly undermine a sponsorship.",https://www.kudozz.in/blog/podcast-influencer-marketing-mistakes,yes,928,5,12,1,Answer;BlogPosting;BreadcrumbList;ContactPoint;Country;FAQPage;ImageObject;ListItem;Offer;OfferCatalog;Organization;Question;Service;WebPage;WebSite,Informational (brand),True
https://www.kudozz.in/blog/podcast-influencer-marketing-roi,Blog (brand),How to Measure Podcast Influencer Marketing ROI — Kudozz,56,How to Measure Podcast Influencer Marketing ROI,"A download isn't a listen, and a listen isn't a sale. A practical measurement framework for podcast creator campaigns, including where attribution genuinely breaks down.",https://www.kudozz.in/blog/podcast-influencer-marketing-roi,yes,1087,8,14,5,Answer;BlogPosting;BreadcrumbList;ContactPoint;Country;FAQPage;ImageObject;ListItem;Offer;OfferCatalog;Organization;Question;Service;WebPage;WebSite,Informational (brand),True
https://www.kudozz.in/blog/podcast-influencer-marketing-strategy,Blog (brand),Podcast Influencer Marketing Strategy: Complete Campaign Framework,66,Podcast Influencer Marketing Strategy: Complete Campaign Framework,"A repeatable, fourteen-step framework from business objective through optimization, built around what actually makes podcast audiences different from a social media following.",https://www.kudozz.in/blog/podcast-influencer-marketing-strategy,yes,954,7,13,3,Answer;BlogPosting;BreadcrumbList;ContactPoint;Country;FAQPage;ImageObject;ListItem;Offer;OfferCatalog;Organization;Question;Service;WebPage;WebSite,Informational (brand),True
https://www.kudozz.in/blog/podcast-influencer-marketing-trends-2026,Blog (brand),Podcast Influencer Marketing Trends: What Brands Should Watch in 2026,69,Podcast Influencer Marketing Trends: What Brands Should Watch in 2026,"Confirmed platform developments, broader industry patterns, and Kudozz's own strategic read, kept clearly separate, rather than blended into one confident-sounding trends list.",https://www.kudozz.in/blog/podcast-influencer-marketing-trends-2026,yes,939,6,12,1,Answer;BlogPosting;BreadcrumbList;ContactPoint;Country;FAQPage;ImageObject;ListItem;Offer;OfferCatalog;Organization;Question;Service;WebPage;WebSite,Informational (brand),True
https://www.kudozz.in/blog/podcast-influencer-negotiation,Blog (brand),Podcast Influencer Negotiation: How Brands Can Get Better Sponsorship Deals,75,Podcast Influencer Negotiation: How Brands Can Get Better Sponsorship Deals,"The rate card, if one exists at all, is a starting point. Package pricing, multi-episode discounts, and rights all belong in the same conversation as the headline number.",https://www.kudozz.in/blog/podcast-influencer-negotiation,yes,817,6,13,1,Answer;BlogPosting;BreadcrumbList;ContactPoint;Country;FAQPage;ImageObject;ListItem;Offer;OfferCatalog;Organization;Question;Service;WebPage;WebSite,Informational (brand),True
https://www.kudozz.in/blog/podcast-influencer-outreach,Blog (brand),Podcast Influencer Outreach: How to Contact Podcast Hosts and Creators,70,Podcast Influencer Outreach: How to Contact Podcast Hosts and Creators,Most hosts running a serious show list contact details specifically for sponsorship inquiries. A generic mass pitch still gets ignored just as easily as it does anywhere else.,https://www.kudozz.in/blog/podcast-influencer-outreach,yes,1057,9,13,3,Answer;BlogPosting;BreadcrumbList;ContactPoint;Country;FAQPage;ImageObject;ListItem;Offer;OfferCatalog;Organization;Question;Service;WebPage;WebSite,Informational (brand),True
https://www.kudozz.in/blog/podcast-interview-marketing,Blog (brand),Podcast Interview Marketing: How Brands Can Turn Founder Interviews Into Marketing Assets,89,Podcast Interview Marketing: How Brands Can Turn Founder Interviews Into Marketing Assets,"A founder interview only becomes a marketing asset after the recording stops. Where this connects to Kudozz's B2B and LinkedIn thought leadership work, and where it diverges.",https://www.kudozz.in/blog/podcast-interview-marketing,yes,977,8,14,2,Answer;BlogPosting;BreadcrumbList;ContactPoint;Country;FAQPage;ImageObject;ListItem;Offer;OfferCatalog;Organization;Question;Service;WebPage;WebSite,Informational (brand),True
https://www.kudozz.in/blog/podcast-media-kits,Blog (brand),Podcast Media Kits: What Brands Should Look for Before Buying a Sponsorship,75,Podcast Media Kits: What Brands Should Look for Before Buying a Sponsorship,"Not every podcast has a polished, standardized media kit, and that's not automatically a red flag. What to actually look for, and what to ask for directly when one doesn't exist.",https://www.kudozz.in/blog/podcast-media-kits,yes,851,7,12,2,Answer;BlogPosting;BreadcrumbList;ContactPoint;Country;FAQPage;ImageObject;ListItem;Offer;OfferCatalog;Organization;Question;Service;WebPage;WebSite,Informational (brand),True
https://www.kudozz.in/blog/podcast-product-placement,Blog (brand),Podcast Product Placement: How Brands Can Integrate Products Naturally,70,Podcast Product Placement: How Brands Can Integrate Products Naturally,The difference between a product integration that works and one that gets skipped is whether it belongs in the actual conversation or was clearly bolted on.,https://www.kudozz.in/blog/podcast-product-placement,yes,850,7,13,1,Answer;BlogPosting;BreadcrumbList;ContactPoint;Country;FAQPage;ImageObject;ListItem;Offer;OfferCatalog;Organization;Question;Service;WebPage;WebSite,Informational (brand),True
https://www.kudozz.in/blog/podcast-sponsorship-brief,Blog (brand),Podcast Sponsorship Brief: How to Create a Brief for Podcast Hosts,66,Podcast Sponsorship Brief: How to Create a Brief for Podcast Hosts,"A copy-paste template covering exactly what needs to be locked down, claims, disclosure, deliverables, versus what should be left entirely to the host's own voice.",https://www.kudozz.in/blog/podcast-sponsorship-brief,yes,795,5,13,1,Answer;BlogPosting;BreadcrumbList;ContactPoint;Country;FAQPage;ImageObject;ListItem;Offer;OfferCatalog;Organization;Question;Service;WebPage;WebSite,Informational (brand),True
https://www.kudozz.in/blog/podcast-sponsorships,Blog (brand),Podcast Sponsorships: Complete Guide for Brands — Kudozz,56,Podcast Sponsorships: Complete Guide for Brands,A host-read mid-roll and a fully sponsored episode are different commercial products with different pricing logic. What every sponsorship structure actually involves.,https://www.kudozz.in/blog/podcast-sponsorships,yes,1038,10,14,4,Answer;BlogPosting;BreadcrumbList;ContactPoint;Country;FAQPage;ImageObject;ListItem;Offer;OfferCatalog;Organization;Question;Service;WebPage;WebSite,Informational (brand),True
https://www.kudozz.in/blog/podcast-vs-youtube-influencer-marketing,Blog (brand),Podcast Influencer Marketing vs. YouTube Influencer Marketing: Which Is Better?,79,Podcast Influencer Marketing vs. YouTube Influencer Marketing: Which Is Better?,"A show distributed on both counts as both, which makes this less a platform comparison and more a question of which specific attention and trust dynamic a campaign actually needs.",https://www.kudozz.in/blog/podcast-vs-youtube-influencer-marketing,yes,931,7,14,1,Answer;BlogPosting;BreadcrumbList;ContactPoint;Country;FAQPage;ImageObject;ListItem;Offer;OfferCatalog;Organization;Question;Service;WebPage;WebSite,Comparison,True
https://www.kudozz.in/blog/protect-videos-from-reuploads,Creator resource,How to Protect Your Videos From Reuploads and Theft — Kudozz,60,How Creators Can Protect Their Videos From Reuploads and Content Theft,"How creators protect videos from reuploads: prevention habits, finding copies, YouTube Copyright Match Tool and Content ID, Meta content protection and Rights Manager, reporting reuploads, and handling repeat offenders.",https://www.kudozz.in/blog/protect-videos-from-reuploads,yes,992,10,15,6,Answer;BlogPosting;BreadcrumbList;ContactPoint;Country;FAQPage;ImageObject;ListItem;Offer;OfferCatalog;Organization;Question;Service;WebPage;WebSite,Informational (creator),True
https://www.kudozz.in/blog/reddit-community-building-for-brands,Blog (brand),Reddit Community Building for Brands: How to Build a Trusted Brand Presence,75,Reddit Community Building for Brands: How to Build a Trusted Brand Presence,"The practical setup for a brand's own Reddit presence, from account positioning and community selection through listening, participation, employee involvement, and measuring something inherently slow-building.",https://www.kudozz.in/blog/reddit-community-building-for-brands,yes,1198,13,14,3,Answer;BlogPosting;BreadcrumbList;ContactPoint;Country;FAQPage;ImageObject;ListItem;Offer;OfferCatalog;Organization;Question;Service;WebPage;WebSite,Informational (brand),True
https://www.kudozz.in/blog/reddit-community-marketing-india,Blog (brand),Reddit Community Marketing: Complete Guide for Indian Brands,60,Reddit Community Marketing: Complete Guide for Indian Brands,"How brands can build a genuine, trusted presence inside relevant subreddits, why this is a different discipline from working with individual creators, and a framework for community research, participation, and measurement.",https://www.kudozz.in/blog/reddit-community-marketing-india,yes,1285,13,16,3,Answer;BlogPosting;BreadcrumbList;ContactPoint;Country;FAQPage;ImageObject;ListItem;Offer;OfferCatalog;Organization;Question;Service;WebPage;WebSite,Informational (brand),True
https://www.kudozz.in/blog/reddit-creator-marketing,Blog (brand),Reddit Creator Marketing: Complete Guide for Brands — Kudozz,60,Reddit Creator Marketing: Complete Guide for Brands,"The different types of credible voices brands can find on Reddit, why karma isn't availability, and how to think about creator marketing on a platform where reputation is community-specific.",https://www.kudozz.in/blog/reddit-creator-marketing,yes,1418,9,14,2,Answer;BlogPosting;BreadcrumbList;ContactPoint;Country;FAQPage;ImageObject;ListItem;Offer;OfferCatalog;Organization;Question;Service;WebPage;WebSite,Informational (brand),True
https://www.kudozz.in/blog/reddit-creator-partnerships,Blog (brand),Reddit Creator Partnerships: How Brands Can Work With Reddit Creators,69,Reddit Creator Partnerships: How Brands Can Work With Reddit Creators,"How to structure a genuine, disclosed relationship with a credible Reddit contributor, from finding and vetting the right person through compensation, content rights, and long-term collaboration.",https://www.kudozz.in/blog/reddit-creator-partnerships,yes,1302,13,15,6,Answer;BlogPosting;BreadcrumbList;ContactPoint;Country;FAQPage;ImageObject;ListItem;Offer;OfferCatalog;Organization;Question;Service;WebPage;WebSite,Informational (brand),True
https://www.kudozz.in/blog/reddit-influencer-marketing-campaign-ideas,Blog (brand),Reddit Influencer Marketing Campaign Ideas: 20 Campaigns Brands Can Try,71,Reddit Influencer Marketing Campaign Ideas: 20 Campaigns Brands Can Try,"Twenty genuinely different Reddit campaign concepts, each with the objective, format, and community considerations that keep them welcome rather than flagged, from expert AMAs to regional community activations.",https://www.kudozz.in/blog/reddit-influencer-marketing-campaign-ideas,yes,1627,6,14,2,Answer;BlogPosting;BreadcrumbList;ContactPoint;Country;FAQPage;ImageObject;ListItem;Offer;OfferCatalog;Organization;Question;Service;WebPage;WebSite,Informational (brand),True
https://www.kudozz.in/blog/reddit-influencer-marketing-india,Blog (brand),Reddit Influencer Marketing in India: Brand Guide — Kudozz,58,Reddit Influencer Marketing: Complete Guide for Indian Brands,"What Reddit influencer marketing actually means on a platform built around communities and conversation rather than followers, and the complete, rules-respecting workflow Indian brands can use to plan a campaign.",https://www.kudozz.in/blog/reddit-influencer-marketing-india,yes,1872,13,21,5,Answer;BlogPosting;BreadcrumbList;ContactPoint;Country;FAQPage;ImageObject;ListItem;Offer;OfferCatalog;Organization;Question;Service;WebPage;WebSite,Informational (brand),True
https://www.kudozz.in/blog/reddit-influencer-marketing-product-launches,Blog (brand),Reddit Influencer Marketing for Product Launches: Complete Campaign Guide,73,Reddit Influencer Marketing for Product Launches: Complete Campaign Guide,"How to plan a Reddit product launch around pre-launch listening, moderator-approved launch discussions, and honest post-launch feedback, without treating launch day as a broadcast moment.",https://www.kudozz.in/blog/reddit-influencer-marketing-product-launches,yes,1202,14,16,2,Answer;BlogPosting;BreadcrumbList;ContactPoint;Country;FAQPage;ImageObject;ListItem;Offer;OfferCatalog;Organization;Question;Service;WebPage;WebSite,Informational (brand),True
https://www.kudozz.in/blog/reddit-marketing-strategy,Blog (brand),Reddit Marketing Strategy: How Brands Can Build Trust Through Communities,73,Reddit Marketing Strategy: How Brands Can Build Trust Through Communities,"A complete, ten-stage Reddit marketing framework running from research through optimization, connecting creator partnerships, community building, and paid amplification into one coherent strategy.",https://www.kudozz.in/blog/reddit-marketing-strategy,yes,1109,8,15,4,Answer;BlogPosting;BreadcrumbList;ContactPoint;Country;FAQPage;ImageObject;ListItem;Offer;OfferCatalog;Organization;Question;Service;WebPage;WebSite,Informational (brand),True
https://www.kudozz.in/blog/reels-content-strategy,Creator resource,Reels Content Strategy: Build Repeatable Content Series,55,Reels Content Strategy for Creators: How to Build Repeatable Content Series,"Reels content strategy for creators: repeatable Reels series, series ideas by niche, Instagram originality and recommendation rules, Trial Reels for testing, captions and keywords, and a weekly plan.",https://www.kudozz.in/blog/reels-content-strategy,yes,986,10,18,14,Answer;BlogPosting;BreadcrumbList;ContactPoint;Country;FAQPage;ImageObject;ListItem;Offer;OfferCatalog;Organization;Question;Service;WebPage;WebSite,Informational (creator),True
https://www.kudozz.in/blog/regional-creator-growth-india,Creator resource,Regional Creator Growth in India: Grow Beyond the Metros,56,Regional Creator Growth in India: How Creators Can Build Audiences Beyond Metros,"How creators grow regional audiences in India: language strategy, local relevance, regional-language search, formats, collaborations, monetization and brand opportunities.",https://www.kudozz.in/blog/regional-creator-growth-india,yes,1280,14,19,8,Answer;BlogPosting;BreadcrumbList;ContactPoint;Country;FAQPage;ImageObject;ListItem;Offer;OfferCatalog;Organization;Question;Service;WebPage;WebSite,Informational (creator),True
https://www.kudozz.in/blog/regional-influencer-marketing-india,Blog (brand),Regional Influencers in India: Vernacular Guide — Kudozz,56,Regional and Vernacular Influencer Marketing in India,"Regional and vernacular influencer marketing in India: choosing creators by language and audience, localization, regional campaigns and measurement.",https://www.kudozz.in/blog/regional-influencer-marketing-india,yes,1644,16,26,48,Answer;BlogPosting;BreadcrumbList;ContactPoint;Country;FAQPage;ImageObject;ListItem;Offer;OfferCatalog;Organization;Question;Service;WebPage;WebSite,Informational (brand),True
https://www.kudozz.in/blog/repurpose-influencer-content,Blog (brand),Influencer Content Repurposing: Reuse Creator Content,53,Influencer Content Repurposing: How Brands Can Get More Value From Creator Campaigns,"Get more value from creator campaigns: repurpose influencer content for organic, ads, product pages and email, turn posts into ad creative, manage rights.",https://www.kudozz.in/blog/repurpose-influencer-content,yes,1613,18,20,14,Answer;BlogPosting;BreadcrumbList;ContactPoint;Country;FAQPage;ImageObject;ListItem;Offer;OfferCatalog;Organization;Question;Service;WebPage;WebSite,Informational (brand),True
https://www.kudozz.in/blog/restaurant-cafe-influencer-marketing-india,Blog (brand),Restaurant Influencer Marketing: Local Creator Campaigns,56,Influencer Marketing for Restaurants: How to Build Local Creator Campaigns,"Restaurant influencer marketing in India: local food creators, opening and menu launch playbooks, delivery codes, city targeting and measuring footfall.",https://www.kudozz.in/blog/restaurant-cafe-influencer-marketing-india,yes,1612,17,18,9,Answer;BlogPosting;BreadcrumbList;ContactPoint;Country;FAQPage;ImageObject;ListItem;Offer;OfferCatalog;Organization;Question;Service;WebPage;WebSite,Informational (brand),True
https://www.kudozz.in/blog/retail-influencer-marketing-india,Blog (brand),Influencer Marketing for Retail Brands in India — Kudozz,56,Influencer Marketing for Retail Brands in India,"Influencer marketing for Indian retail brands: discovery, store visits, festival campaigns, local creators, codes, attribution and a store launch playbook.",https://www.kudozz.in/blog/retail-influencer-marketing-india,yes,1352,15,15,11,Answer;BlogPosting;BreadcrumbList;ContactPoint;Country;FAQPage;ImageObject;ListItem;Offer;OfferCatalog;Organization;Question;Service;WebPage;WebSite,Informational (brand),True
https://www.kudozz.in/blog/saas-influencer-marketing-india,Blog (brand),Influencer Marketing for SaaS: B2B Software Guide — Kudozz,58,Influencer Marketing for SaaS Brands: How B2B Software Companies Can Work With Creators,"SaaS influencer marketing: practitioner creators, LinkedIn and YouTube educators, demos and tutorials, trial and demo conversion, and pipeline measurement.",https://www.kudozz.in/blog/saas-influencer-marketing-india,yes,1665,19,16,13,Answer;BlogPosting;BreadcrumbList;ContactPoint;Country;FAQPage;ImageObject;ListItem;Offer;OfferCatalog;Organization;Question;Service;WebPage;WebSite,Informational (brand),True
https://www.kudozz.in/blog/scale-ugc-content-production,Blog (brand),How to Scale UGC Content Production Without Losing Authenticity,63,How to Scale UGC Content Production Without Losing Authenticity,"More volume usually means more sameness. The operational workflow that lets a brand produce UGC at real scale while every video still feels like it came from a different, real person.",https://www.kudozz.in/blog/scale-ugc-content-production,yes,1346,13,15,4,Answer;BlogPosting;BreadcrumbList;ContactPoint;Country;FAQPage;ImageObject;ListItem;Offer;OfferCatalog;Organization;Question;Service;WebPage;WebSite,Informational (brand),True
https://www.kudozz.in/blog/scaling-creator-business,Creator resource,Scaling a Creator Business Beyond One Person — Kudozz,53,Scaling a Creator Business: How to Grow Beyond a One-Person Operation,"Scale a creator business: five growth stages from solo to creator-led company, a scalability test, four ways to scale and when an agency makes sense.",https://www.kudozz.in/blog/scaling-creator-business,yes,1632,12,21,8,Answer;BlogPosting;BreadcrumbList;ContactPoint;Country;FAQPage;ImageObject;ListItem;Offer;OfferCatalog;Organization;Question;Service;WebPage;WebSite,Informational (creator),True
https://www.kudozz.in/blog/seasonal-influencer-marketing-india,Blog (brand),Seasonal Influencer Marketing: Indian Festival Campaigns,56,Seasonal Influencer Marketing: Planning Campaigns Around Indian Festivals and Cultural Moments,"Plan influencer campaigns around Indian festivals: a festival calendar, regional creators, offers, avoiding tokenism and a step-by-step planning timeline.",https://www.kudozz.in/blog/seasonal-influencer-marketing-india,yes,1631,12,18,8,Answer;BlogPosting;BreadcrumbList;ContactPoint;Country;FAQPage;ImageObject;ListItem;Offer;OfferCatalog;Organization;Question;Service;WebPage;WebSite,Informational (brand),True
https://www.kudozz.in/blog/sell-digital-products-as-a-creator-india,Creator resource,How to Sell Digital Products as a Creator in India — Kudozz,59,How to Sell Digital Products as a Creator in India,"How to sell digital products as a creator in India: validating ideas, choosing a format, pricing in INR, platforms and payment gateways, delivery, launching, refunds, piracy, GST basics and mistakes to avoid.",https://www.kudozz.in/blog/sell-digital-products-as-a-creator-india,yes,1355,14,21,17,Answer;BlogPosting;BreadcrumbList;ContactPoint;Country;FAQPage;ImageObject;ListItem;Offer;OfferCatalog;Organization;Question;Service;WebPage;WebSite,Informational (creator),True
https://www.kudozz.in/blog/sell-templates-guides-creators,Creator resource,"How Creators Can Sell Templates, Guides and Toolkits",52,"How Creators Can Sell Templates, Guides and Toolkits","How creators sell templates, guides and toolkits: choosing the format, building usable products, packaging, where to sell, delivery, licensing and content-led marketing.",https://www.kudozz.in/blog/sell-templates-guides-creators,yes,1130,13,16,8,Answer;BlogPosting;BreadcrumbList;ContactPoint;Country;FAQPage;ImageObject;ListItem;Offer;OfferCatalog;Organization;Question;Service;WebPage;WebSite,Informational (creator),True
https://www.kudozz.in/blog/shoppable-content-creators,Creator resource,"Shoppable Content for Creators: Formats, Tools and Tracking",59,Shoppable Content for Creators: Complete Guide,"Shoppable content for creators: formats that help people decide, YouTube and Instagram shopping tools in India, storefronts and links, disclosure and tracking sales.",https://www.kudozz.in/blog/shoppable-content-creators,yes,1521,14,22,15,Answer;BlogPosting;BreadcrumbList;ContactPoint;Country;FAQPage;ImageObject;ListItem;Offer;OfferCatalog;Organization;Question;Service;WebPage;WebSite,Informational (creator),True
https://www.kudozz.in/blog/short-form-video-analytics,Creator resource,Short-Form Video Analytics: Metrics for Reels and Shorts,56,Short-Form Video Analytics: Which Metrics Matter Most for Reels and Shorts?,"Short-form video analytics for Reels and Shorts: hook, hold, action and growth metrics, how Instagram and YouTube define views differently, a diagnosis funnel and building your own benchmarks.",https://www.kudozz.in/blog/short-form-video-analytics,yes,1012,10,15,13,Answer;BlogPosting;BreadcrumbList;ContactPoint;Country;FAQPage;ImageObject;ListItem;Offer;OfferCatalog;Organization;Question;Service;WebPage;WebSite,Informational (creator),True
https://www.kudozz.in/blog/short-form-video-hooks,Creator resource,50 Short-Form Video Hooks Creators Can Adapt — Kudozz,53,Short-Form Video Hooks: 50 Hook Ideas Creators Can Adapt to Any Niche,"50 short-form video hook ideas for Reels and Shorts, grouped by type (question, result, mistake, myth, list, story, challenge), with niche examples, visual and text hooks, and how to test hooks honestly.",https://www.kudozz.in/blog/short-form-video-hooks,yes,1389,16,15,15,Answer;BlogPosting;BreadcrumbList;ContactPoint;Country;FAQPage;ImageObject;ListItem;Offer;OfferCatalog;Organization;Question;Service;WebPage;WebSite,Informational (creator),True
https://www.kudozz.in/blog/short-form-video-strategy,Creator resource,Short-Form Video Strategy: Build a Consistent System,52,Short-Form Video Strategy for Creators: How to Build a Consistent Content System,"Short-form video strategy for creators: a nine-stage system from idea, hook and script to publishing, repurposing, analytics and iteration, plus formats, cadence, platform differences and mistakes.",https://www.kudozz.in/blog/short-form-video-strategy,yes,1090,10,25,11,Answer;BlogPosting;BreadcrumbList;ContactPoint;Country;FAQPage;ImageObject;ListItem;Offer;OfferCatalog;Organization;Question;Service;WebPage;WebSite,Informational (creator),True
https://www.kudozz.in/blog/snapchat-ar-creator-marketing,Blog (brand),Snapchat AR Creator Marketing: How Brands Can Use Lenses and AR Creators,72,Snapchat AR Creator Marketing: How Brands Can Use Lenses and AR Creators,"Why AR creator partnerships work differently from a standard sponsored post, the workflow for building and launching a branded Lens, and campaign concepts that go beyond a simple face filter.",https://www.kudozz.in/blog/snapchat-ar-creator-marketing,yes,1568,12,14,2,Answer;BlogPosting;BreadcrumbList;ContactPoint;Country;FAQPage;ImageObject;ListItem;Offer;OfferCatalog;Organization;Question;Service;WebPage;WebSite,Informational (brand),True
https://www.kudozz.in/blog/snapchat-creator-marketing,Blog (brand),Snapchat Creator Marketing: Complete Guide for Brands,53,Snapchat Creator Marketing: Complete Guide for Brands,"Why Snapchat creator marketing is broader than influencer marketing, the full range of creator types worth working with, and a framework for treating creators as creative partners rather than media placements.",https://www.kudozz.in/blog/snapchat-creator-marketing,yes,1406,9,15,3,Answer;BlogPosting;BreadcrumbList;ContactPoint;Country;FAQPage;ImageObject;ListItem;Offer;OfferCatalog;Organization;Question;Service;WebPage;WebSite,Informational (brand),True
https://www.kudozz.in/blog/snapchat-creator-partnerships,Blog (brand),Snapchat Creator Partnerships: How Brands Can Work With Snap Creators,69,Snapchat Creator Partnerships: How Brands Can Work With Snap Creators,"The different ways brands can structure a Snapchat creator relationship, from a single campaign to a formal ambassador arrangement, and the thirteen-part structure a real partnership needs.",https://www.kudozz.in/blog/snapchat-creator-partnerships,yes,1349,7,16,5,Answer;BlogPosting;BreadcrumbList;ContactPoint;Country;FAQPage;ImageObject;ListItem;Offer;OfferCatalog;Organization;Question;Service;WebPage;WebSite,Informational (brand),True
https://www.kudozz.in/blog/snapchat-influencer-marketing-india,Blog (brand),Snapchat Influencer Marketing in India: Brand Guide — Kudozz,60,Snapchat Influencer Marketing: Complete Guide for Indian Brands,"What Snapchat influencer marketing actually involves in 2026, the creator ecosystem behind it, and the complete workflow Indian brands can use to plan, run, and measure a campaign.",https://www.kudozz.in/blog/snapchat-influencer-marketing-india,yes,2751,16,22,8,Answer;BlogPosting;BreadcrumbList;ContactPoint;Country;FAQPage;ImageObject;ListItem;Offer;OfferCatalog;Organization;Question;Service;WebPage;WebSite,Informational (brand),True
https://www.kudozz.in/blog/snapchat-influencer-rates-india,Blog (brand),Snapchat Influencer Rates in India: How Much Do Snapchat Creators Charge?,73,Snapchat Influencer Rates in India: How Much Do Snapchat Creators Charge?,"Why there's no universal Snapchat rate card, the specific factors that drive pricing by format, and how to evaluate a creator's cost against qualified reach rather than followers alone.",https://www.kudozz.in/blog/snapchat-influencer-rates-india,yes,1593,8,14,5,Answer;BlogPosting;BreadcrumbList;ContactPoint;Country;FAQPage;ImageObject;ListItem;Offer;OfferCatalog;Organization;Question;Service;WebPage;WebSite,Commercial investigation (pricing),True
https://www.kudozz.in/blog/snapchat-snap-star-marketing,Blog (brand),Snapchat Snap Star Marketing: How Brands Can Work With Top Snapchat Creators,76,Snapchat Snap Star Marketing: How Brands Can Work With Top Snapchat Creators,"What a Snap Star actually is, how the designation differs from an ordinary creator, and an evaluation framework for deciding when a Snap Star is the right fit versus a smaller, niche creator.",https://www.kudozz.in/blog/snapchat-snap-star-marketing,yes,1251,8,14,3,Answer;BlogPosting;BreadcrumbList;ContactPoint;Country;FAQPage;ImageObject;ListItem;Offer;OfferCatalog;Organization;Question;Service;WebPage;WebSite,Informational (brand),True
https://www.kudozz.in/blog/snapchat-spotlight-influencer-marketing,Blog (brand),Snapchat Spotlight Influencer Marketing: Complete Guide for Brands,66,Snapchat Spotlight Influencer Marketing: Complete Guide for Brands,"How Spotlight's performance-based discovery actually works, how it differs from Stories and other short-form platforms, and a planning framework for creative that earns reach rather than buying it.",https://www.kudozz.in/blog/snapchat-spotlight-influencer-marketing,yes,1543,12,15,3,Answer;BlogPosting;BreadcrumbList;ContactPoint;Country;FAQPage;ImageObject;ListItem;Offer;OfferCatalog;Organization;Question;Service;WebPage;WebSite,Informational (brand),True
https://www.kudozz.in/blog/snapchat-stories-influencer-marketing,Blog (brand),Snapchat Stories Influencer Marketing: How Brands Can Drive Engagement and Sales,80,Snapchat Stories Influencer Marketing: How Brands Can Drive Engagement and Sales,"How to structure a creator Story sequence that builds toward a genuine call to action without feeling like a traditional ad, with example campaign structures for launches, tutorials, and reviews.",https://www.kudozz.in/blog/snapchat-stories-influencer-marketing,yes,1309,10,16,3,Answer;BlogPosting;BreadcrumbList;ContactPoint;Country;FAQPage;ImageObject;ListItem;Offer;OfferCatalog;Organization;Question;Service;WebPage;WebSite,Informational (brand),True
https://www.kudozz.in/blog/social-search-for-creators,Creator resource,Social Search for Creators: Get Discovered Without Followers,60,Social Search for Creators: How to Get Discovered Without Relying on Followers,"Social search for creators: why people search on Instagram, YouTube and other apps, which queries social search suits, how to create search-friendly posts, and how to get discovered without relying on followers.",https://www.kudozz.in/blog/social-search-for-creators,yes,1130,11,16,9,Answer;BlogPosting;BreadcrumbList;ContactPoint;Country;FAQPage;ImageObject;ListItem;Offer;OfferCatalog;Organization;Question;Service;WebPage;WebSite,Informational (creator),True
https://www.kudozz.in/blog/solar-influencer-marketing-india,Blog (brand),Influencer Marketing for Renewable Energy and Solar Brands in India,67,Influencer Marketing for Renewable Energy and Solar Brands in India,"How Indian solar and clean energy companies can use creators to explain a genuinely complex purchase decision, without overstating savings, subsidies, or environmental impact.",https://www.kudozz.in/blog/solar-influencer-marketing-india,yes,1224,14,14,2,Answer;BlogPosting;BreadcrumbList;ContactPoint;Country;FAQPage;ImageObject;ListItem;Offer;OfferCatalog;Organization;Question;Service;WebPage;WebSite,Informational (brand),True
https://www.kudozz.in/blog/sponsored-content-fatigue-creators,Creator resource,Sponsored Content Fatigue: Avoid Overloading Your Audience,58,Sponsored Content Fatigue: How Creators Can Avoid Overloading Their Audience,"Sponsored content fatigue for creators: warning signs and metrics, causes, how to recover, and how to structure brand work so your audience doesn't tire.",https://www.kudozz.in/blog/sponsored-content-fatigue-creators,yes,1326,13,16,8,Answer;BlogPosting;BreadcrumbList;ContactPoint;Country;FAQPage;ImageObject;ListItem;Offer;OfferCatalog;Organization;Question;Service;WebPage;WebSite,Informational (creator),True
https://www.kudozz.in/blog/sponsored-podcast-episodes,Blog (brand),Sponsored Podcast Episodes: How Brands Can Create Branded Conversations,71,Sponsored Podcast Episodes: How Brands Can Create Branded Conversations,"A full sponsored episode is a bigger commitment than an ad read, and a bigger risk to the show's credibility if it stops feeling like a genuine episode. How to keep editorial independence intact.",https://www.kudozz.in/blog/sponsored-podcast-episodes,yes,969,8,13,1,Answer;BlogPosting;BreadcrumbList;ContactPoint;Country;FAQPage;ImageObject;ListItem;Offer;OfferCatalog;Organization;Question;Service;WebPage;WebSite,Informational (brand),True
https://www.kudozz.in/blog/sports-influencer-marketing-india,Blog (brand),Influencer Marketing for Sports Brands in India — Kudozz,56,Influencer Marketing for Sports Brands in India,"How Indian sports brands, sporting goods companies, and sports-adjacent businesses can use creators, athletes, and fan communities differently from a general fitness marketing playbook.",https://www.kudozz.in/blog/sports-influencer-marketing-india,yes,1182,14,14,4,Answer;BlogPosting;BreadcrumbList;ContactPoint;Country;FAQPage;ImageObject;ListItem;Offer;OfferCatalog;Organization;Question;Service;WebPage;WebSite,Informational (brand),True
https://www.kudozz.in/blog/start-creator-management-agency-india,Creator resource,How to Start a Creator Management Agency in India — Kudozz,58,How to Start a Creator Management Agency in India: A Step-by-Step Guide,"Start a creator management agency in India: niche, first creators, management agreements, registration and tax questions, brand clients and year-one plan.",https://www.kudozz.in/blog/start-creator-management-agency-india,yes,1595,13,20,7,Answer;BlogPosting;BreadcrumbList;ContactPoint;Country;FAQPage;ImageObject;ListItem;Offer;OfferCatalog;Organization;Question;Service;WebPage;WebSite,Informational (creator),True
https://www.kudozz.in/blog/state-of-the-creator-economy-2026,Blog (brand),The Creator Economy in India: A Guide for Brands — Kudozz,57,The Creator Economy in India: How Brands Can Work With the New Generation of Creators,"What the creator economy actually is, how it differs from traditional influencer marketing, the different types of creators brands now work with, and what's changed for budgets and measurement this year.",https://www.kudozz.in/blog/state-of-the-creator-economy-2026,yes,1436,9,20,4,Answer;BlogPosting;BreadcrumbList;ContactPoint;Country;FAQPage;ImageObject;ListItem;Offer;OfferCatalog;Organization;Question;Service;WebPage;WebSite,Informational (brand),True
https://www.kudozz.in/blog/subscription-influencer-marketing-india,Blog (brand),Influencer Marketing for Subscription and Membership Businesses in India,72,Influencer Marketing for Subscription and Membership Businesses in India,"How Indian subscription boxes, membership platforms, and subscription software businesses can use creators for genuine discovery and retention, and why subscriber quality matters more than raw sign-up volume.",https://www.kudozz.in/blog/subscription-influencer-marketing-india,yes,1202,14,14,1,Answer;BlogPosting;BreadcrumbList;ContactPoint;Country;FAQPage;ImageObject;ListItem;Offer;OfferCatalog;Organization;Question;Service;WebPage;WebSite,Informational (brand),True
https://www.kudozz.in/blog/sustainability-influencer-marketing-india,Blog (brand),Influencer Marketing for Sustainability and Eco-Friendly Brands in India,72,Influencer Marketing for Sustainability and Eco-Friendly Brands in India,"How Indian sustainable and eco-friendly brands can build genuine consumer trust through creator partnerships, and why avoiding greenwashing matters as much as the marketing itself.",https://www.kudozz.in/blog/sustainability-influencer-marketing-india,yes,1107,13,14,3,Answer;BlogPosting;BreadcrumbList;ContactPoint;Country;FAQPage;ImageObject;ListItem;Offer;OfferCatalog;Organization;Question;Service;WebPage;WebSite,Informational (brand),True
https://www.kudozz.in/blog/tds-for-influencers-india,Creator resource,TDS for Influencers and Creators in India (2026) — Kudozz,57,TDS for Influencers and Content Creators in India: What Creators Should Know,"TDS for influencers and content creators in India: what TDS is, when brands and agencies deduct it, common categories under the Income-tax Act, 2025, Form 131 certificates, checking TDS credit and records to keep.",https://www.kudozz.in/blog/tds-for-influencers-india,yes,1585,12,13,23,Answer;BlogPosting;BreadcrumbList;ContactPoint;Country;FAQPage;ImageObject;ListItem;Offer;OfferCatalog;Organization;Question;Service;WebPage;WebSite,Informational (creator),True
https://www.kudozz.in/blog/tiktok-affiliate-marketing,Creator resource,TikTok Affiliate Marketing: How TikTok Shop Affiliate Works,59,TikTok Affiliate Marketing: How Creators Can Earn From Product Recommendations,"TikTok Shop affiliate for creators: markets, eligibility basics, choosing products, showcase, shoppable video and LIVE formats, disclosure, and Indian alternatives.",https://www.kudozz.in/blog/tiktok-affiliate-marketing,yes,924,10,15,5,Answer;BlogPosting;BreadcrumbList;ContactPoint;Country;FAQPage;ImageObject;ListItem;Offer;OfferCatalog;Organization;Question;Service;WebPage;WebSite,Informational (creator),True
https://www.kudozz.in/blog/tiktok-analytics,Creator resource,TikTok Analytics: Metrics Every Creator Should Track,52,TikTok Creator Analytics: Metrics Every Creator Should Track,"TikTok analytics for creators: views, watch time, completion, traffic sources and search, followers gained, audience location and a weekly review routine.",https://www.kudozz.in/blog/tiktok-analytics,yes,938,11,16,7,Answer;BlogPosting;BreadcrumbList;ContactPoint;Country;FAQPage;ImageObject;ListItem;Offer;OfferCatalog;Organization;Question;Service;WebPage;WebSite,Informational (creator),True
https://www.kudozz.in/blog/tiktok-content-gaps,Creator resource,TikTok Content Gaps: Find Topics People Search For — Kudozz,59,TikTok Content Gaps: How Creators Can Find Topics With Search Demand,"How to use TikTok's Content Gap view in Creator Search Insights: find under-served searches, score fit, make the best answer and measure search traffic.",https://www.kudozz.in/blog/tiktok-content-gaps,yes,1094,11,16,7,Answer;BlogPosting;BreadcrumbList;ContactPoint;Country;FAQPage;ImageObject;ListItem;Offer;OfferCatalog;Organization;Question;Service;WebPage;WebSite,Informational (creator),True
https://www.kudozz.in/blog/tiktok-content-strategy,Creator resource,TikTok Content Strategy: A Consistent Creator Growth System,59,TikTok Content Strategy: How to Build a Consistent Creator Growth System,"TikTok content strategy for creators: pillars, series, For You vs search videos, sustainable rhythm, testing and weekly review, with notes for Indian creators abroad.",https://www.kudozz.in/blog/tiktok-content-strategy,yes,1103,11,22,10,Answer;BlogPosting;BreadcrumbList;ContactPoint;Country;FAQPage;ImageObject;ListItem;Offer;OfferCatalog;Organization;Question;Service;WebPage;WebSite,Informational (creator),True
https://www.kudozz.in/blog/tiktok-creator-monetization,Creator resource,TikTok Monetization: What Indian Creators Need to Know,54,TikTok Creator Monetization: Complete Guide for Indian Creators,"TikTok monetization for Indian creators abroad: India status, Creator Rewards, LIVE Gifts, subscriptions, TikTok Shop affiliate, brand deals and lessons for Reels.",https://www.kudozz.in/blog/tiktok-creator-monetization,yes,1326,11,21,8,Answer;BlogPosting;BreadcrumbList;ContactPoint;Country;FAQPage;ImageObject;ListItem;Offer;OfferCatalog;Organization;Question;Service;WebPage;WebSite,Informational (creator),True
https://www.kudozz.in/blog/tiktok-creator-rewards-program,Creator resource,TikTok Creator Rewards Program: Eligibility and How It Pays,59,TikTok Creator Rewards Program: How Creator Rewards Work,"TikTok Creator Rewards Program explained: eligibility, countries, one-minute original videos, what TikTok says affects rewards, and content planning. India note included.",https://www.kudozz.in/blog/tiktok-creator-rewards-program,yes,1095,11,16,6,Answer;BlogPosting;BreadcrumbList;ContactPoint;Country;FAQPage;ImageObject;ListItem;Offer;OfferCatalog;Organization;Question;Service;WebPage;WebSite,Informational (creator),True
https://www.kudozz.in/blog/tiktok-live,Creator resource,TikTok LIVE for Creators: Build and Monetize Live Audiences,59,TikTok LIVE for Creators: Complete Guide to Building and Monetizing Live Audiences,"TikTok LIVE guide: access and age rules, Gifts and Diamonds, LIVE subscriptions, formats, moderation, safety and sponsored LIVE disclosure. India availability note.",https://www.kudozz.in/blog/tiktok-live,yes,1010,12,16,6,Answer;BlogPosting;BreadcrumbList;ContactPoint;Country;FAQPage;ImageObject;ListItem;Offer;OfferCatalog;Organization;Question;Service;WebPage;WebSite,Informational (creator),True
https://www.kudozz.in/blog/tiktok-profile-optimization,Creator resource,TikTok Profile Optimization: A Searchable Creator Profile,57,TikTok Creator Profile Optimization: How to Build a Searchable Creator Profile,"TikTok profile optimization for creators: searchable name and username, bio, pinned videos, playlists, links and contact options for brands. India availability note.",https://www.kudozz.in/blog/tiktok-profile-optimization,yes,1001,12,14,5,Answer;BlogPosting;BreadcrumbList;ContactPoint;Country;FAQPage;ImageObject;ListItem;Offer;OfferCatalog;Organization;Question;Service;WebPage;WebSite,Informational (creator),True
https://www.kudozz.in/blog/tiktok-seo,Creator resource,TikTok SEO and Creator Search Insights: A Creator's Guide,57,TikTok SEO: Complete Guide to Getting Discovered Through Search (and Creator Search Insights),"TikTok SEO guide: optimising videos for TikTok search with speech, on-screen text, captions and covers, Creator Search Insights, measuring search traffic, and notes for Indian creators.",https://www.kudozz.in/blog/tiktok-seo,yes,1440,12,20,11,Answer;BlogPosting;BreadcrumbList;ContactPoint;Country;FAQPage;ImageObject;ListItem;Offer;OfferCatalog;Organization;Question;Service;WebPage;WebSite,Informational (creator),True
https://www.kudozz.in/blog/tiktok-vs-instagram-reels,Creator resource,TikTok vs Instagram Reels: How to Adapt Content for Both,56,TikTok vs Instagram Reels: How Creators Can Adapt Content Across Both Platforms,"TikTok vs Reels for creators: differences in discovery, search, audio, originality and monetization, and a checklist for adapting videos between them, with an India note.",https://www.kudozz.in/blog/tiktok-vs-instagram-reels,yes,990,10,16,8,Answer;BlogPosting;BreadcrumbList;ContactPoint;Country;FAQPage;ImageObject;ListItem;Offer;OfferCatalog;Organization;Question;Service;WebPage;WebSite,Comparison,True
https://www.kudozz.in/blog/trend-vs-evergreen-content-creators,Creator resource,Trend vs Evergreen Content: What Should Creators Post?,54,Trend Content vs Evergreen Content: What Should Creators Post?,"Trend vs evergreen content for creators: differences in reach, lifespan and business value, choosing a mix by goal and platform, linking them, and example mixes.",https://www.kudozz.in/blog/trend-vs-evergreen-content-creators,yes,1243,13,14,7,Answer;BlogPosting;BreadcrumbList;ContactPoint;Country;FAQPage;ImageObject;ListItem;Offer;OfferCatalog;Organization;Question;Service;WebPage;WebSite,Comparison,True
https://www.kudozz.in/blog/turn-long-video-into-short-form-content,Creator resource,Turn One Long Video Into 10 Short-Form Pieces — Kudozz,54,How to Turn One Long Video Into 10 Pieces of Short-Form Content,"How to turn one long video into 10 pieces of short-form content: a worked example, finding clip-worthy moments, reframing for vertical, new hooks and captions, carousels and a two-week schedule.",https://www.kudozz.in/blog/turn-long-video-into-short-form-content,yes,1084,10,17,5,Answer;BlogPosting;BreadcrumbList;ContactPoint;Country;FAQPage;ImageObject;ListItem;Offer;OfferCatalog;Organization;Question;Service;WebPage;WebSite,Informational (creator),True
https://www.kudozz.in/blog/turn-viral-views-into-followers,Creator resource,How to Turn Viral Views Into Loyal Followers — Kudozz,53,How to Turn Viral Views Into Loyal Followers and Subscribers,"How to turn viral views into loyal followers: what to do in the first 48 hours, profile readiness, follow-up content, pinned posts, series, owned channels, and measuring what stays after the spike.",https://www.kudozz.in/blog/turn-viral-views-into-followers,yes,910,10,15,6,Answer;BlogPosting;BreadcrumbList;ContactPoint;Country;FAQPage;ImageObject;ListItem;Offer;OfferCatalog;Organization;Question;Service;WebPage;WebSite,Informational (creator),True
https://www.kudozz.in/blog/ugc-ads-indian-brands,Blog (brand),UGC Ads: How Indian Brands Turn Creator Content Into Ads,56,UGC Ads: How Indian Brands Can Turn Creator Content Into High-Performing Ads,"Good UGC and good ad creative aren't automatically the same thing. How to structure UGC for Meta and YouTube ads, test it properly, and scale what actually works.",https://www.kudozz.in/blog/ugc-ads-indian-brands,yes,1227,8,17,7,Answer;BlogPosting;BreadcrumbList;ContactPoint;Country;FAQPage;ImageObject;ListItem;Offer;OfferCatalog;Organization;Question;Service;WebPage;WebSite,Informational (brand),True
https://www.kudozz.in/blog/ugc-brief-template,Blog (brand),How to Create a UGC Brief That Gets High-Quality Content,56,How to Create a UGC Brief That Gets High-Quality Content,"A vague brief produces vague content. A copy-and-use UGC brief template covering objective, creative direction, technical requirements, and usage rights, so creators know exactly what to deliver.",https://www.kudozz.in/blog/ugc-brief-template,yes,1132,8,14,6,Answer;BlogPosting;BreadcrumbList;ContactPoint;Country;FAQPage;ImageObject;ListItem;Offer;OfferCatalog;Organization;Question;Service;WebPage;WebSite,Informational (brand),True
https://www.kudozz.in/blog/ugc-content-cost-india,Blog (brand),UGC Content Cost in India: A Pricing Guide — Kudozz,51,How Much Does UGC Content Cost in India? A Complete Pricing Guide,"UGC pricing depends on deliverable type, production complexity, and usage rights, not a follower count. A practical framework for budgeting UGC production without pretending there's one fixed Indian rate card.",https://www.kudozz.in/blog/ugc-content-cost-india,yes,1211,9,16,6,Answer;BlogPosting;BreadcrumbList;ContactPoint;Country;FAQPage;ImageObject;ListItem;Offer;OfferCatalog;Organization;Question;Service;WebPage;WebSite,Commercial investigation (pricing),True
https://www.kudozz.in/blog/ugc-content-ecommerce,Blog (brand),UGC Content for E-commerce: How Brands Can Use Creator Content to Increase Product Sales,88,UGC Content for E-commerce: How Brands Can Use Creator Content to Increase Product Sales,"UGC does different work at different points in the e-commerce journey. Where it actually belongs, from a product page to a post-purchase email, and what it can realistically be expected to do.",https://www.kudozz.in/blog/ugc-content-ecommerce,yes,1225,11,15,3,Answer;BlogPosting;BreadcrumbList;ContactPoint;Country;FAQPage;ImageObject;ListItem;Offer;OfferCatalog;Organization;Question;Service;WebPage;WebSite,Informational (brand),True
https://www.kudozz.in/blog/ugc-content-ideas,Blog (brand),UGC Content Ideas: 30 UGC Video Concepts for Brands — Kudozz,60,UGC Content Ideas: 30 UGC Video Concepts for Brands,"Thirty practical UGC video concepts organized by funnel stage, adaptable across beauty, fashion, food, gadgets, travel, fitness, home, D2C, SaaS, and education.",https://www.kudozz.in/blog/ugc-content-ideas,yes,1253,9,14,2,Answer;BlogPosting;BreadcrumbList;ContactPoint;Country;FAQPage;ImageObject;ListItem;Offer;OfferCatalog;Organization;Question;Service;WebPage;WebSite,Informational (brand),True
https://www.kudozz.in/blog/ugc-content-usage-rights,Blog (brand),UGC Usage Rights: What Brands Need to Know — Kudozz,51,UGC Content Usage Rights: What Brands Need to Know Before Using Creator Content,"Before any UGC goes into an ad account, a product page, or a paid social campaign, brands need clear, documented permission covering how, where, and for how long that content can be used.",https://www.kudozz.in/blog/ugc-content-usage-rights,yes,1311,11,16,8,Answer;BlogPosting;BreadcrumbList;ContactPoint;Country;FAQPage;ImageObject;ListItem;Offer;OfferCatalog;Organization;Question;Service;WebPage;WebSite,Informational (brand),True
https://www.kudozz.in/blog/ugc-creator-portfolio,Blog (brand),UGC Creator Portfolio: How to Build One Brands Hire — Kudozz,60,How to Build a UGC Creator Portfolio That Brands Want to Hire,"Brands scroll through dozens of portfolios before they book anyone. What actually makes one stand out, structured for a creator building or rebuilding theirs from scratch.",https://www.kudozz.in/blog/ugc-creator-portfolio,yes,1467,12,15,12,Answer;BlogPosting;BreadcrumbList;ContactPoint;Country;FAQPage;ImageObject;ListItem;Offer;OfferCatalog;Organization;Question;Service;WebPage;WebSite,Informational (brand),True
https://www.kudozz.in/blog/ugc-marketing-d2c-brands,Blog (brand),UGC Marketing for D2C Brands: Strategy for Growth — Kudozz,58,UGC Marketing for D2C Brands: Complete Strategy for Customer Acquisition and Growth,"UGC needs matter differently at different stages of a D2C brand's growth. A stage-by-stage strategy, from a founder's first customer videos to an established brand's always-on content engine.",https://www.kudozz.in/blog/ugc-marketing-d2c-brands,yes,1222,11,16,22,Answer;BlogPosting;BreadcrumbList;ContactPoint;Country;FAQPage;ImageObject;ListItem;Offer;OfferCatalog;Organization;Question;Service;WebPage;WebSite,Informational (brand),True
https://www.kudozz.in/blog/ugc-marketing-roi,Blog (brand),How to Measure UGC Marketing ROI: Metrics Every Brand Should Track,66,How to Measure UGC Marketing ROI: Metrics Every Brand Should Track,"UGC gets measured differently depending on where it's used. A practical framework for tracking UGC from content output through engagement, traffic, conversions, and cost per usable asset.",https://www.kudozz.in/blog/ugc-marketing-roi,yes,1144,9,16,3,Answer;BlogPosting;BreadcrumbList;ContactPoint;Country;FAQPage;ImageObject;ListItem;Offer;OfferCatalog;Organization;Question;Service;WebPage;WebSite,Informational (brand),True
https://www.kudozz.in/blog/ugc-marketing-strategy,Blog (brand),UGC Marketing Strategy: Build a Scalable Engine — Kudozz,56,UGC Marketing Strategy: How to Build a Scalable UGC Content Engine,"One-off UGC shoots run out fast. Here's how to set up a repeatable UGC content engine, sourcing, briefing, production, and distribution running as a system, plus a 30-day plan to get the first cycle live.",https://www.kudozz.in/blog/ugc-marketing-strategy,yes,1413,11,19,8,Answer;BlogPosting;BreadcrumbList;ContactPoint;Country;FAQPage;ImageObject;ListItem;Offer;OfferCatalog;Organization;Question;Service;WebPage;WebSite,Informational (brand),True
https://www.kudozz.in/blog/ugc-paid-social-testing,Blog (brand),UGC for Paid Social: How to Test and Scale Creator Ads,54,UGC for Paid Social: How to Test and Scale Creator Ads,"A structured testing methodology for UGC ad creative, what to vary, in what order, and how to know when to scale a winner instead of endlessly testing.",https://www.kudozz.in/blog/ugc-paid-social-testing,yes,1252,10,15,7,Answer;BlogPosting;BreadcrumbList;ContactPoint;Country;FAQPage;ImageObject;ListItem;Offer;OfferCatalog;Organization;Question;Service;WebPage;WebSite,Informational (brand),True
https://www.kudozz.in/blog/ugc-video-scripts,Blog (brand),UGC Video Scripts: 25 Templates Brands Can Give to Creators,59,UGC Video Scripts: 25 Templates Brands Can Give to Creators,"Twenty-five adaptable UGC script frameworks, organized by format, each with a hook, body, proof, and CTA, ready to hand to a creator without sounding read from a page.",https://www.kudozz.in/blog/ugc-video-scripts,yes,1504,14,15,2,Answer;BlogPosting;BreadcrumbList;ContactPoint;Country;FAQPage;ImageObject;ListItem;Offer;OfferCatalog;Organization;Question;Service;WebPage;WebSite,Informational (brand),True
https://www.kudozz.in/blog/ugc-vs-influencer-content-whats-the-difference,Blog (brand),UGC vs. Influencer Marketing: What's the Difference?,52,UGC vs. Influencer Marketing: What's the Difference?,"A side-by-side comparison of UGC and influencer marketing across content creation, distribution, cost, and usage rights, plus when to use each or combine both.",https://www.kudozz.in/blog/ugc-vs-influencer-content-whats-the-difference,yes,1376,11,16,7,Answer;BlogPosting;BreadcrumbList;ContactPoint;Country;FAQPage;ImageObject;ListItem;Offer;OfferCatalog;Organization;Question;Service;WebPage;WebSite,Comparison,True
https://www.kudozz.in/blog/ugc-whitelisting-creator-licensing,Blog (brand),Influencer Whitelisting and Creator Content Licensing,53,Influencer Whitelisting and Creator Content Licensing: A Complete Guide for Brands,"Influencer whitelisting and creator content licensing for brands: usage rights vs whitelisting, agreement terms, licensing options, risks and renewals.",https://www.kudozz.in/blog/ugc-whitelisting-creator-licensing,yes,1532,12,19,9,Answer;BlogPosting;BreadcrumbList;ContactPoint;Country;FAQPage;ImageObject;ListItem;Offer;OfferCatalog;Organization;Question;Service;WebPage;WebSite,Informational (brand),True
https://www.kudozz.in/blog/watch-time-vs-retention,Creator resource,Watch Time vs Retention: The Difference for Creators,52,Watch Time vs Retention: What's the Difference for Creators?,"Watch time vs retention explained: definitions, how average view duration and percentage viewed relate, why length changes the picture, reading retention graphs, worked examples and which metric to prioritise.",https://www.kudozz.in/blog/watch-time-vs-retention,yes,1113,12,17,8,Answer;BlogPosting;BreadcrumbList;ContactPoint;Country;FAQPage;ImageObject;ListItem;Offer;OfferCatalog;Organization;Question;Service;WebPage;WebSite,Comparison,True
https://www.kudozz.in/blog/wedding-influencer-marketing-india,Blog (brand),Influencer Marketing for Wedding Businesses in India,52,Influencer Marketing for Wedding Businesses in India,"How Indian wedding planners, venues, photographers, and bridal brands can use creators across a highly visual, trust-driven discovery journey, and why visual quality and audience relevance matter more here than almost any other category.",https://www.kudozz.in/blog/wedding-influencer-marketing-india,yes,1321,14,16,7,Answer;BlogPosting;BreadcrumbList;ContactPoint;Country;FAQPage;ImageObject;ListItem;Offer;OfferCatalog;Organization;Question;Service;WebPage;WebSite,Informational (brand),True
https://www.kudozz.in/blog/what-is-influencer-marketing,Blog (brand),What Is Influencer Marketing? A Complete Guide for Brands,57,What Is Influencer Marketing? A Complete Guide for Brands,"A clear, no-fluff definition of influencer marketing — how it works, the types of influencers and campaigns, the benefits, common mistakes, and how brands typically get started.",https://www.kudozz.in/blog/what-is-influencer-marketing,yes,1661,15,20,5,Answer;BlogPosting;BreadcrumbList;ContactPoint;Country;FAQPage;ImageObject;ListItem;Offer;OfferCatalog;Organization;Question;Service;WebPage;WebSite,Informational (brand),True
https://www.kudozz.in/blog/what-is-ugc-marketing,Blog (brand),UGC Marketing: The Complete Guide for Indian Brands — Kudozz,60,UGC Marketing: The Complete Guide for Indian Brands,"What UGC marketing actually is, how it works, the difference between customer and creator-generated content, and how Indian and D2C brands can build a UGC strategy that actually gets used across the funnel.",https://www.kudozz.in/blog/what-is-ugc-marketing,yes,2101,20,31,13,Answer;BlogPosting;BreadcrumbList;ContactPoint;Country;FAQPage;ImageObject;ListItem;Offer;OfferCatalog;Organization;Question;Service;WebPage;WebSite,Informational (brand),True
https://www.kudozz.in/blog/whatsapp-community-for-creators,Creator resource,WhatsApp Community for Creators: Build and Monetize It,54,WhatsApp Community for Creators: How to Build and Monetize an Owned Audience,"WhatsApp community for creators in India: Channels vs Communities vs groups, setting up, growing members, content rhythm, moderation and privacy, and monetization options including channel subscriptions where available.",https://www.kudozz.in/blog/whatsapp-community-for-creators,yes,1279,12,17,9,Answer;BlogPosting;BreadcrumbList;ContactPoint;Country;FAQPage;ImageObject;ListItem;Offer;OfferCatalog;Organization;Question;Service;WebPage;WebSite,Informational (creator),True
https://www.kudozz.in/blog/x-ads-vs-creator-marketing,Blog (brand),X Ads vs. Creator Marketing: Which Strategy Should Brands Choose?,65,X Ads vs. Creator Marketing: Which Strategy Should Brands Choose?,One gives a brand precise targeting and full creative control. The other gives it credibility a brand account can't manufacture on its own. Most serious X strategies eventually need both.,https://www.kudozz.in/blog/x-ads-vs-creator-marketing,yes,855,7,13,1,Answer;BlogPosting;BreadcrumbList;ContactPoint;Country;FAQPage;ImageObject;ListItem;Offer;OfferCatalog;Organization;Question;Service;WebPage;WebSite,Comparison,True
https://www.kudozz.in/blog/x-brand-advocacy,Blog (brand),"X Brand Advocacy: How to Turn Customers, Experts and Employees Into Brand Voices",80,"X Brand Advocacy: How to Turn Customers, Experts and Employees Into Brand Voices","Four different kinds of advocates, customers, employees, experts, founders, each credible for a different reason and each requiring a different kind of support, not a single generic program.",https://www.kudozz.in/blog/x-brand-advocacy,yes,825,7,15,1,Answer;BlogPosting;BreadcrumbList;ContactPoint;Country;FAQPage;ImageObject;ListItem;Offer;OfferCatalog;Organization;Question;Service;WebPage;WebSite,Informational (brand),True
https://www.kudozz.in/blog/x-community-marketing,Blog (brand),X Community Marketing: How Brands Can Build Conversations and Communities,73,X Community Marketing: How Brands Can Build Conversations and Communities,A brand's replies section is a community whether anyone's managing it or not. How to build genuine conversation and community presence on X instead of just broadcasting into it.,https://www.kudozz.in/blog/x-community-marketing,yes,992,9,14,1,Answer;BlogPosting;BreadcrumbList;ContactPoint;Country;FAQPage;ImageObject;ListItem;Offer;OfferCatalog;Organization;Question;Service;WebPage;WebSite,Informational (brand),True
https://www.kudozz.in/blog/x-creator-ads-paid-amplification,Blog (brand),X Creator Ads and Paid Amplification: How Brands Can Scale Creator Content,74,X Creator Ads and Paid Amplification: How Brands Can Scale Creator Content,X doesn't have a direct equivalent of Instagram's Partnership Ads that run under a creator's own handle. What's actually available for scaling creator content with paid budget on X.,https://www.kudozz.in/blog/x-creator-ads-paid-amplification,yes,1021,8,13,4,Answer;BlogPosting;BreadcrumbList;ContactPoint;Country;FAQPage;ImageObject;ListItem;Offer;OfferCatalog;Organization;Question;Service;WebPage;WebSite,Informational (brand),True
https://www.kudozz.in/blog/x-creator-campaign-brief,Blog (brand),X Creator Campaign Brief: How to Brief Creators for Better Content,66,X Creator Campaign Brief: How to Brief Creators for Better Content,A brief written for a visual platform over-specifies the wrong things for X. A copy-paste template built around what actually needs to be locked down versus left to the creator's own voice.,https://www.kudozz.in/blog/x-creator-campaign-brief,yes,875,6,14,2,Answer;BlogPosting;BreadcrumbList;ContactPoint;Country;FAQPage;ImageObject;ListItem;Offer;OfferCatalog;Organization;Question;Service;WebPage;WebSite,Informational (brand),True
https://www.kudozz.in/blog/x-creator-discovery-vetting,Blog (brand),X Creator Discovery: How to Vet Creators Beyond Follower Count,62,X Creator Discovery: How to Vet Creators Beyond Follower Count,"Finding a candidate and clearing them to sign are two different steps. The due-diligence process that happens after the shortlist, before the contract.",https://www.kudozz.in/blog/x-creator-discovery-vetting,yes,898,7,16,1,Answer;BlogPosting;BreadcrumbList;ContactPoint;Country;FAQPage;ImageObject;ListItem;Offer;OfferCatalog;Organization;Question;Service;WebPage;WebSite,Informational (brand),True
https://www.kudozz.in/blog/x-creator-marketing,Blog (brand),X Creator Marketing: Complete Guide for Brands — Kudozz,55,X Creator Marketing: Complete Guide for Brands,"Creator, influencer, expert, thought leader, founder, employee advocate, X's ecosystem has more distinct roles than most platforms, and follower count barely distinguishes between them.",https://www.kudozz.in/blog/x-creator-marketing,yes,1014,8,17,4,Answer;BlogPosting;BreadcrumbList;ContactPoint;Country;FAQPage;ImageObject;ListItem;Offer;OfferCatalog;Organization;Question;Service;WebPage;WebSite,Informational (brand),True
https://www.kudozz.in/blog/x-creator-marketing-costs,Blog (brand),X Creator Marketing Costs: How Much Should Brands Pay X Creators?,65,X Creator Marketing Costs: How Much Should Brands Pay X Creators?,A founder with modest followers and real category standing can reasonably charge more than an account with ten times the audience and no credibility in your space. There is no universal X rate card.,https://www.kudozz.in/blog/x-creator-marketing-costs,yes,1125,7,13,4,Answer;BlogPosting;BreadcrumbList;ContactPoint;Country;FAQPage;ImageObject;ListItem;Offer;OfferCatalog;Organization;Question;Service;WebPage;WebSite,Commercial investigation (pricing),True
https://www.kudozz.in/blog/x-creator-marketing-trends-2026,Blog (brand),X Creator Marketing Trends: What Brands Should Watch in 2026,60,X Creator Marketing Trends: What Brands Should Watch in 2026,"Confirmed platform changes, broader industry patterns, and Kudozz's own strategic read, kept clearly separate, rather than blended into one confident-sounding trends list.",https://www.kudozz.in/blog/x-creator-marketing-trends-2026,yes,909,6,13,1,Answer;BlogPosting;BreadcrumbList;ContactPoint;Country;FAQPage;ImageObject;ListItem;Offer;OfferCatalog;Organization;Question;Service;WebPage;WebSite,Informational (brand),True
https://www.kudozz.in/blog/x-creator-marketing-vs-influencer-marketing,Blog (brand),X Creator Marketing vs. Influencer Marketing: What's the Difference?,68,X Creator Marketing vs. Influencer Marketing: What's the Difference?,"Not a semantic debate. The two approaches call for different creator types, different formats, and different ways of judging success on a conversation-driven platform.",https://www.kudozz.in/blog/x-creator-marketing-vs-influencer-marketing,yes,877,5,13,2,Answer;BlogPosting;BreadcrumbList;ContactPoint;Country;FAQPage;ImageObject;ListItem;Offer;OfferCatalog;Organization;Question;Service;WebPage;WebSite,Comparison,True
https://www.kudozz.in/blog/x-creator-monetization,Blog (brand),X Creator Monetization: What Brands Need to Know About X's Creator Economy,74,X Creator Monetization: What Brands Need to Know About X's Creator Economy,A creator earning through X's own monetization tools isn't the same as a creator available for brand partnerships. What brands actually need to understand about how creators make money on X.,https://www.kudozz.in/blog/x-creator-monetization,yes,943,6,14,1,Answer;BlogPosting;BreadcrumbList;ContactPoint;Country;FAQPage;ImageObject;ListItem;Offer;OfferCatalog;Organization;Question;Service;WebPage;WebSite,Informational (brand),True
https://www.kudozz.in/blog/x-creator-partnerships,Blog (brand),X Creator Partnerships: How Brands Can Work With X Creators,59,X Creator Partnerships: How Brands Can Work With X Creators,"A single sponsored post on X rarely builds the kind of standing that makes a creator's word carry weight in a conversation. The relationship-building work that turns a paid post into genuine, ongoing credibility.",https://www.kudozz.in/blog/x-creator-partnerships,yes,1138,10,19,2,Answer;BlogPosting;BreadcrumbList;ContactPoint;Country;FAQPage;ImageObject;ListItem;Offer;OfferCatalog;Organization;Question;Service;WebPage;WebSite,Informational (brand),True
https://www.kudozz.in/blog/x-creator-revenue-sharing,Blog (brand),X Creator Revenue Sharing: How It Works and What Brands Should Know,67,X Creator Revenue Sharing: How It Works and What Brands Should Know,"Revenue sharing pays for advertising performance among a specific audience segment, not general popularity. What the current eligibility bar actually measures, and why it matters for brands.",https://www.kudozz.in/blog/x-creator-revenue-sharing,yes,906,6,13,3,Answer;BlogPosting;BreadcrumbList;ContactPoint;Country;FAQPage;ImageObject;ListItem;Offer;OfferCatalog;Organization;Question;Service;WebPage;WebSite,Informational (brand),True
https://www.kudozz.in/blog/x-creator-subscriptions,Blog (brand),X Creator Subscriptions: How Creators Can Build Paid Communities,64,X Creator Subscriptions: How Creators Can Build Paid Communities,"A creator's paying subscribers are a different, more committed audience than their general following, and not automatically an audience a brand sponsorship reaches.",https://www.kudozz.in/blog/x-creator-subscriptions,yes,861,6,12,4,Answer;BlogPosting;BreadcrumbList;ContactPoint;Country;FAQPage;ImageObject;ListItem;Offer;OfferCatalog;Organization;Question;Service;WebPage;WebSite,Informational (brand),True
https://www.kudozz.in/blog/x-creator-takeovers,Blog (brand),X Creator Takeovers: How Brands Can Collaborate With Creators,61,X Creator Takeovers: How Brands Can Collaborate With Creators,"X supports secure, permission-based account access through Delegate, distinct from an old-style password handoff. What a genuine, currently-supported creator takeover actually looks like.",https://www.kudozz.in/blog/x-creator-takeovers,yes,929,7,12,1,Answer;BlogPosting;BreadcrumbList;ContactPoint;Country;FAQPage;ImageObject;ListItem;Offer;OfferCatalog;Organization;Question;Service;WebPage;WebSite,Informational (brand),True
https://www.kudozz.in/blog/x-employee-advocacy,Blog (brand),X Employee Advocacy: How Brands Can Turn Employees Into Trusted Voices,70,X Employee Advocacy: How Brands Can Turn Employees Into Trusted Voices,"An engineer explaining a technical decision reads as more credible than the same explanation from the company account. Employee advocacy, employee influencer marketing, and executive thought leadership are three different things, though they get conflated constantly.",https://www.kudozz.in/blog/x-employee-advocacy,yes,1020,8,16,3,Answer;BlogPosting;BreadcrumbList;ContactPoint;Country;FAQPage;ImageObject;ListItem;Offer;OfferCatalog;Organization;Question;Service;WebPage;WebSite,Informational (brand),True
https://www.kudozz.in/blog/x-founder-led-creator-marketing,Blog (brand),X Founder-Led Creator Marketing: How Founders Can Build Influence on X,70,X Founder-Led Creator Marketing: How Founders Can Build Influence on X,A founder's own account is often the single most valuable creator relationship a brand already has and doesn't manage. What founder-led marketing actually looks like on a conversation-driven platform.,https://www.kudozz.in/blog/x-founder-led-creator-marketing,yes,1022,8,15,4,Answer;BlogPosting;BreadcrumbList;ContactPoint;Country;FAQPage;ImageObject;ListItem;Offer;OfferCatalog;Organization;Question;Service;WebPage;WebSite,Informational (brand),True
https://www.kudozz.in/blog/x-influencer-contracts,Blog (brand),X Influencer Contracts: Clauses Brands Should Include for Creator Campaigns,75,X Influencer Contracts: Clauses Brands Should Include for Creator Campaigns,"A practical agreement framework covering scope, compensation, rights, and cancellation, for brands structuring X creator deals without treating a template as a substitute for legal review.",https://www.kudozz.in/blog/x-influencer-contracts,yes,828,6,14,4,Answer;BlogPosting;BreadcrumbList;ContactPoint;Country;FAQPage;ImageObject;ListItem;Offer;OfferCatalog;Organization;Question;Service;WebPage;WebSite,Informational (brand),True
https://www.kudozz.in/blog/x-influencer-marketing-b2b-brands,Blog (brand),X Influencer Marketing for B2B Brands: Complete Guide,53,X Influencer Marketing for B2B Brands: Complete Guide,"B2B buyers read X for industry commentary, not entertainment, which is exactly why a credible expert thread can move a deal further than a polished case study.",https://www.kudozz.in/blog/x-influencer-marketing-b2b-brands,yes,1161,12,14,2,Answer;BlogPosting;BreadcrumbList;ContactPoint;Country;FAQPage;ImageObject;ListItem;Offer;OfferCatalog;Organization;Question;Service;WebPage;WebSite,Informational (brand),True
https://www.kudozz.in/blog/x-influencer-marketing-campaign-ideas,Blog (brand),X Influencer Marketing Campaign Ideas: 20 Campaigns Brands Can Try,66,X Influencer Marketing Campaign Ideas: 20 Campaigns Brands Can Try,"Twenty campaign formats built around what X actually does well, conversation, timing, and credibility, rather than formats borrowed from a visual feed.",https://www.kudozz.in/blog/x-influencer-marketing-campaign-ideas,yes,1114,6,14,2,Answer;BlogPosting;BreadcrumbList;ContactPoint;Country;FAQPage;ImageObject;ListItem;Offer;OfferCatalog;Organization;Question;Service;WebPage;WebSite,Informational (brand),True
https://www.kudozz.in/blog/x-influencer-marketing-compliance,Blog (brand),"X Influencer Marketing Compliance: Disclosures, Advertising and Platform Rules",78,"X Influencer Marketing Compliance: Disclosures, Advertising and Platform Rules","X's own rules prohibit deceptive practices and platform manipulation, and that's separate from what advertising regulators expect. What brands and creators actually need to get right.",https://www.kudozz.in/blog/x-influencer-marketing-compliance,yes,992,8,14,2,Answer;BlogPosting;BreadcrumbList;ContactPoint;Country;FAQPage;ImageObject;ListItem;Offer;OfferCatalog;Organization;Question;Service;WebPage;WebSite,Informational (brand),True
https://www.kudozz.in/blog/x-influencer-marketing-india,Blog (brand),X Influencer Marketing: Complete Guide for Indian Brands,56,X Influencer Marketing: Complete Guide for Indian Brands,"X runs on real-time conversation, not curated feeds, which changes who's worth partnering with and how. A complete guide to finding, briefing, and measuring creator work on X for Indian brands.",https://www.kudozz.in/blog/x-influencer-marketing-india,yes,1765,14,25,2,Answer;BlogPosting;BreadcrumbList;ContactPoint;Country;FAQPage;ImageObject;ListItem;Offer;OfferCatalog;Organization;Question;Service;WebPage;WebSite,Informational (brand),True
https://www.kudozz.in/blog/x-influencer-marketing-metrics,Blog (brand),X Influencer Marketing Metrics: 15 KPIs Brands Should Track,59,X Influencer Marketing Metrics: 15 KPIs Brands Should Track,"A scannable reference to the 15 metrics that actually matter on X, what each one measures, and when to reach for it.",https://www.kudozz.in/blog/x-influencer-marketing-metrics,yes,816,4,15,1,Answer;BlogPosting;BreadcrumbList;ContactPoint;Country;FAQPage;ImageObject;ListItem;Offer;OfferCatalog;Organization;Question;Service;WebPage;WebSite,Informational (brand),True
https://www.kudozz.in/blog/x-influencer-marketing-mistakes,Blog (brand),X Influencer Marketing Mistakes: 20 Things Brands Should Avoid,62,X Influencer Marketing Mistakes: 20 Things Brands Should Avoid,"Most of these aren't exotic errors. They're the same handful of habits, borrowed from other platforms or from treating X as a broadcast channel, that quietly undermine a campaign.",https://www.kudozz.in/blog/x-influencer-marketing-mistakes,yes,922,5,12,1,Answer;BlogPosting;BreadcrumbList;ContactPoint;Country;FAQPage;ImageObject;ListItem;Offer;OfferCatalog;Organization;Question;Service;WebPage;WebSite,Informational (brand),True
https://www.kudozz.in/blog/x-influencer-marketing-roi,Blog (brand),"How to Measure X Influencer Marketing ROI: Metrics, Attribution and Reporting",77,"How to Measure X Influencer Marketing ROI: Metrics, Attribution and Reporting",Likes and reposts measure reach. Replies and quote posts measure whether a conversation actually started. A measurement framework built around what X uniquely makes visible.,https://www.kudozz.in/blog/x-influencer-marketing-roi,yes,1129,10,14,9,Answer;BlogPosting;BreadcrumbList;ContactPoint;Country;FAQPage;ImageObject;ListItem;Offer;OfferCatalog;Organization;Question;Service;WebPage;WebSite,Informational (brand),True
https://www.kudozz.in/blog/x-influencer-marketing-strategy,Blog (brand),X Influencer Marketing Strategy: Complete Campaign Framework for Brands,71,X Influencer Marketing Strategy: Complete Campaign Framework for Brands,"A repeatable, twelve-step framework from business goal to optimization, built around X's actual mechanics, conversation research, credibility-based discovery, and fast-turnaround briefing.",https://www.kudozz.in/blog/x-influencer-marketing-strategy,yes,978,7,12,3,Answer;BlogPosting;BreadcrumbList;ContactPoint;Country;FAQPage;ImageObject;ListItem;Offer;OfferCatalog;Organization;Question;Service;WebPage;WebSite,Informational (brand),True
https://www.kudozz.in/blog/x-influencer-outreach,Blog (brand),X Influencer Outreach: How to Contact Creators and Experts,58,X Influencer Outreach: How to Contact Creators and Experts,"A public reply that shows you actually read their work often opens a door a cold DM never will. Practical outreach approaches for X, without mass unsolicited messaging.",https://www.kudozz.in/blog/x-influencer-outreach,yes,1035,9,14,4,Answer;BlogPosting;BreadcrumbList;ContactPoint;Country;FAQPage;ImageObject;ListItem;Offer;OfferCatalog;Organization;Question;Service;WebPage;WebSite,Informational (brand),True
https://www.kudozz.in/blog/x-influencer-whitelisting-content-licensing,Blog (brand),X Influencer Whitelisting and Content Licensing: What Brands Need to Know,73,X Influencer Whitelisting and Content Licensing: What Brands Need to Know,"Instagram's whitelisting terminology doesn't map directly onto X. What content licensing and paid usage actually mean on this platform, in its own terms.",https://www.kudozz.in/blog/x-influencer-whitelisting-content-licensing,yes,965,6,15,3,Answer;BlogPosting;BreadcrumbList;ContactPoint;Country;FAQPage;ImageObject;ListItem;Offer;OfferCatalog;Organization;Question;Service;WebPage;WebSite,Informational (brand),True
https://www.kudozz.in/blog/x-product-launch-marketing,Blog (brand),X Product Launch Marketing: How Brands Can Use Creators to Build Buzz,69,X Product Launch Marketing: How Brands Can Use Creators to Build Buzz,"X is one of the few platforms where a launch can generate real-time discussion while it's happening, not just a burst of posts about it afterward. A complete creator-led launch framework.",https://www.kudozz.in/blog/x-product-launch-marketing,yes,1051,9,15,1,Answer;BlogPosting;BreadcrumbList;ContactPoint;Country;FAQPage;ImageObject;ListItem;Offer;OfferCatalog;Organization;Question;Service;WebPage;WebSite,Informational (brand),True
https://www.kudozz.in/blog/x-real-time-marketing,Blog (brand),X Real-Time Marketing: How Brands Can Work With Creators Around Trending Events,79,X Real-Time Marketing: How Brands Can Work With Creators Around Trending Events,"The window to say something relevant about a trending moment closes fast, and the cost of getting it wrong, jumping in with no real connection, is public and immediate.",https://www.kudozz.in/blog/x-real-time-marketing,yes,1017,8,12,3,Answer;BlogPosting;BreadcrumbList;ContactPoint;Country;FAQPage;ImageObject;ListItem;Offer;OfferCatalog;Organization;Question;Service;WebPage;WebSite,Informational (brand),True
https://www.kudozz.in/blog/x-social-listening,Blog (brand),X Social Listening: How Brands Can Find Customer Insights and Trends,68,X Social Listening: How Brands Can Find Customer Insights and Trends,"Customers say things on X they'd never put in a survey, complaints, comparisons, genuine reactions, in public, in real time. How to actually listen to it without crossing into scraping or manipulation.",https://www.kudozz.in/blog/x-social-listening,yes,900,7,13,1,Answer;BlogPosting;BreadcrumbList;ContactPoint;Country;FAQPage;ImageObject;ListItem;Offer;OfferCatalog;Organization;Question;Service;WebPage;WebSite,Informational (brand),True
https://www.kudozz.in/blog/x-spaces-marketing,Blog (brand),X Spaces Marketing: How Brands Can Use Creator-Led Live Audio Conversations,75,X Spaces Marketing: How Brands Can Use Creator-Led Live Audio Conversations,"X Spaces remains an active, promoted live-audio feature, with a dedicated discovery tab and recordings that live on afterward. How brands can use creator-hosted Spaces well.",https://www.kudozz.in/blog/x-spaces-marketing,yes,951,8,12,5,Answer;BlogPosting;BreadcrumbList;ContactPoint;Country;FAQPage;ImageObject;ListItem;Offer;OfferCatalog;Organization;Question;Service;WebPage;WebSite,Informational (brand),True
https://www.kudozz.in/blog/x-thought-leaders-vs-influencers,Blog (brand),X Thought Leaders vs. Influencers: Who Should Your Brand Work With?,67,X Thought Leaders vs. Influencers: Who Should Your Brand Work With?,"Four roles get used almost interchangeably in creator marketing conversations, and they're not the same job. A clear framework for picking the right one for a specific goal.",https://www.kudozz.in/blog/x-thought-leaders-vs-influencers,yes,801,6,13,2,Answer;BlogPosting;BreadcrumbList;ContactPoint;Country;FAQPage;ImageObject;ListItem;Offer;OfferCatalog;Organization;Question;Service;WebPage;WebSite,Comparison,True
https://www.kudozz.in/blog/x-thought-leadership-marketing,Blog (brand),X Thought Leadership Marketing: How Brands Can Work With Experts and Creators,77,X Thought Leadership Marketing: How Brands Can Work With Experts and Creators,"The goal isn't content that mentions the brand. It's content good enough that people would read it even if it didn't. A pillar guide to collaborating with experts, executives, and industry voices on X.",https://www.kudozz.in/blog/x-thought-leadership-marketing,yes,989,8,17,4,Answer;BlogPosting;BreadcrumbList;ContactPoint;Country;FAQPage;ImageObject;ListItem;Offer;OfferCatalog;Organization;Question;Service;WebPage;WebSite,Informational (brand),True
https://www.kudozz.in/blog/x-threads-for-brands,Blog (brand),X Threads for Brands: How to Work With Creators on Long-Form Content,68,X Threads for Brands: How to Work With Creators on Long-Form Content,"A thread, a long-form post, and an Article are three different things on X with different reach and access requirements. What's actually available before briefing a creator on long-form content.",https://www.kudozz.in/blog/x-threads-for-brands,yes,1036,8,13,4,Answer;BlogPosting;BreadcrumbList;ContactPoint;Country;FAQPage;ImageObject;ListItem;Offer;OfferCatalog;Organization;Question;Service;WebPage;WebSite,Informational (brand),True
https://www.kudozz.in/blog/x-video-marketing-with-creators,Blog (brand),X Video Marketing With Creators: Complete Guide for Brands,58,X Video Marketing With Creators: Complete Guide for Brands,"Video on X sits inside a conversation, not a separate feed, which changes what makes a video actually work there. A guide to creator-led video for demonstrations, commentary, and event content.",https://www.kudozz.in/blog/x-video-marketing-with-creators,yes,913,8,15,2,Answer;BlogPosting;BreadcrumbList;ContactPoint;Country;FAQPage;ImageObject;ListItem;Offer;OfferCatalog;Organization;Question;Service;WebPage;WebSite,Informational (brand),True
https://www.kudozz.in/blog/x-vs-instagram-creator-marketing,Blog (brand),X Influencer Marketing vs. Instagram Influencer Marketing: Which Should Brands Choose?,86,X Influencer Marketing vs. Instagram Influencer Marketing: Which Should Brands Choose?,"One rewards visual polish and broad discovery. The other rewards real-time credibility and conversation. Most brands with both audiences on tap need a strategy for each, not a single winner.",https://www.kudozz.in/blog/x-vs-instagram-creator-marketing,yes,817,7,13,1,Answer;BlogPosting;BreadcrumbList;ContactPoint;Country;FAQPage;ImageObject;ListItem;Offer;OfferCatalog;Organization;Question;Service;WebPage;WebSite,Comparison,True
https://www.kudozz.in/blog/x-vs-linkedin-b2b-creator-marketing,Blog (brand),X Influencer Marketing vs. LinkedIn Creator Marketing: Which Is Better for B2B?,79,X Influencer Marketing vs. LinkedIn Creator Marketing: Which Is Better for B2B?,"LinkedIn is built for structured professional content and career-context credibility. X is built for faster, more candid industry conversation. Most serious B2B strategies eventually use both.",https://www.kudozz.in/blog/x-vs-linkedin-b2b-creator-marketing,yes,791,7,14,1,Answer;BlogPosting;BreadcrumbList;ContactPoint;Country;FAQPage;ImageObject;ListItem;Offer;OfferCatalog;Organization;Question;Service;WebPage;WebSite,Comparison,True
https://www.kudozz.in/blog/youtube-affiliate-marketing,Creator resource,YouTube Affiliate Marketing for Creators: A Practical Guide,59,YouTube Affiliate Marketing: How Creators Can Earn From Product Recommendations,"YouTube affiliate marketing for Indian creators: Shopping tags vs description links, programmes, formats that convert, link placement, disclosure and tracking.",https://www.kudozz.in/blog/youtube-affiliate-marketing,yes,1286,12,17,9,Answer;BlogPosting;BreadcrumbList;ContactPoint;Country;FAQPage;ImageObject;ListItem;Offer;OfferCatalog;Organization;Question;Service;WebPage;WebSite,Informational (creator),True
https://www.kudozz.in/blog/youtube-analytics-for-creators,Creator resource,YouTube Analytics for Creators: 20 Metrics Explained,52,YouTube Analytics for Creators: 20 Metrics You Should Understand,"YouTube Analytics for creators: 20 metrics explained, including impressions, CTR, views, engaged views, watch time, average view duration, retention, returning viewers, traffic sources, viewed vs swiped away and RPM.",https://www.kudozz.in/blog/youtube-analytics-for-creators,yes,1117,11,14,15,Answer;BlogPosting;BreadcrumbList;ContactPoint;Country;FAQPage;ImageObject;ListItem;Offer;OfferCatalog;Organization;Question;Service;WebPage;WebSite,Informational (creator),True
https://www.kudozz.in/blog/youtube-brand-deals,Creator resource,YouTube Brand Deals: Turn One Video Into Long-Term Sponsors,59,YouTube Brand Deals: How Creators Can Turn Videos Into Long-Term Partnerships,"How YouTube creators turn one sponsored video into long-term brand deals: integration choices, segments that perform, reporting, evergreen value and series proposals.",https://www.kudozz.in/blog/youtube-brand-deals,yes,1369,12,20,7,Answer;BlogPosting;BreadcrumbList;ContactPoint;Country;FAQPage;ImageObject;ListItem;Offer;OfferCatalog;Organization;Question;Service;WebPage;WebSite,Informational (creator),True
https://www.kudozz.in/blog/youtube-brandconnect-vs-creator-partnerships,Creator resource,YouTube BrandConnect vs Creator Partnerships Explained,54,YouTube BrandConnect vs Creator Partnerships: What Creators Need to Know,"What happened to YouTube BrandConnect: the history from FameBit to BrandConnect to YouTube Creator Partnerships, what changed for creators and how to read old advice.",https://www.kudozz.in/blog/youtube-brandconnect-vs-creator-partnerships,yes,1013,9,14,6,Answer;BlogPosting;BreadcrumbList;ContactPoint;Country;FAQPage;ImageObject;ListItem;Offer;OfferCatalog;Organization;Question;Service;WebPage;WebSite,Comparison,True
https://www.kudozz.in/blog/youtube-channel-membership-strategy,Creator resource,"YouTube Channel Membership Strategy: Perks, Tiers, Retention",60,YouTube Channel Membership Strategy: How to Build a Valuable Paid Community,"YouTube channel membership strategy: readiness, tier design, allowed perks, members-only content calendar, launch plan, retention and what to measure.",https://www.kudozz.in/blog/youtube-channel-membership-strategy,yes,1159,13,14,10,Answer;BlogPosting;BreadcrumbList;ContactPoint;Country;FAQPage;ImageObject;ListItem;Offer;OfferCatalog;Organization;Question;Service;WebPage;WebSite,Informational (creator),True
https://www.kudozz.in/blog/youtube-content-strategy,Creator resource,YouTube Content Strategy: Build a Channel Into a Business,57,YouTube Content Strategy: How to Build a Channel That Can Grow Into a Business,"YouTube channel strategy for Indian creators: channel promise, content pillars, series, search vs browse, Shorts plus long-form, and linking content to income streams.",https://www.kudozz.in/blog/youtube-content-strategy,yes,1434,14,26,8,Answer;BlogPosting;BreadcrumbList;ContactPoint;Country;FAQPage;ImageObject;ListItem;Offer;OfferCatalog;Organization;Question;Service;WebPage;WebSite,Informational (creator),True
https://www.kudozz.in/blog/youtube-creator-monetization,Creator resource,YouTube Monetization: How Creators Earn From YouTube,52,YouTube Creator Monetization: Complete Guide to Building Multiple Revenue Streams,"YouTube creator monetization: YouTube Partner Program eligibility and tiers, ad revenue, Shorts revenue sharing, memberships, Super Chat, Super Thanks, Gifts, YouTube Shopping, Creator Partnerships and brand deals.",https://www.kudozz.in/blog/youtube-creator-monetization,yes,1430,12,25,13,Answer;BlogPosting;BreadcrumbList;ContactPoint;Country;FAQPage;ImageObject;ListItem;Offer;OfferCatalog;Organization;Question;Service;WebPage;WebSite,Informational (creator),True
https://www.kudozz.in/blog/youtube-creator-partnerships,Blog (brand),YouTube Creator Partnerships: Long-Term Guide for Brands,56,YouTube Creator Partnerships: How Brands Can Build Long-Term Creator Relationships,"A one-off sponsored video and a sustained YouTube relationship are different investments with different payoffs. Criteria for when to graduate a creator, and a framework for the relationship once you do.",https://www.kudozz.in/blog/youtube-creator-partnerships,yes,1467,12,20,4,Answer;BlogPosting;BreadcrumbList;ContactPoint;Country;FAQPage;ImageObject;ListItem;Offer;OfferCatalog;Organization;Question;Service;WebPage;WebSite,Informational (brand),True
https://www.kudozz.in/blog/youtube-creator-partnerships-india,Creator resource,YouTube Creator Partnerships in India: A Creator's Guide,56,YouTube Creator Partnerships: Complete Guide for Indian Creators,"YouTube Creator Partnerships for Indian creators: eligibility, the Earn tab in Studio, media kit, rates, inquiries, partner access, boosts and dynamic brand segments.",https://www.kudozz.in/blog/youtube-creator-partnerships-india,yes,1405,12,18,11,Answer;BlogPosting;BreadcrumbList;ContactPoint;Country;FAQPage;ImageObject;ListItem;Offer;OfferCatalog;Organization;Question;Service;WebPage;WebSite,Informational (creator),True
https://www.kudozz.in/blog/youtube-gifts-memberships-super-thanks,Creator resource,"YouTube Gifts, Memberships and Super Thanks in India",52,"YouTube Gifts, Memberships and Super Thanks: Complete Monetization Guide for Indian Creators","YouTube fan funding for Indian creators: Gifts with Jewels and Rubies, channel memberships, Super Chat, Super Stickers and Super Thanks, eligibility, setup in YouTube Studio, best practices and disclosure.",https://www.kudozz.in/blog/youtube-gifts-memberships-super-thanks,yes,1342,12,17,9,Answer;BlogPosting;BreadcrumbList;ContactPoint;Country;FAQPage;ImageObject;ListItem;Offer;OfferCatalog;Organization;Question;Service;WebPage;WebSite,Informational (creator),True
https://www.kudozz.in/blog/youtube-influencer-marketing-campaign-ideas,Blog (brand),YouTube Influencer Marketing Campaign Ideas: 25 Campaign Formats for Brands,75,YouTube Influencer Marketing Campaign Ideas: 25 Campaign Formats for Brands,"YouTube's search-driven discovery and long-form structure enable campaign formats that don't really exist on other platforms. Twenty-five YouTube-native formats, with the creator type, KPI, and industries each one fits.",https://www.kudozz.in/blog/youtube-influencer-marketing-campaign-ideas,yes,1386,6,15,2,Answer;BlogPosting;BreadcrumbList;ContactPoint;Country;FAQPage;ImageObject;ListItem;Offer;OfferCatalog;Organization;Question;Service;WebPage;WebSite,Informational (brand),True
https://www.kudozz.in/blog/youtube-influencer-marketing-india,Blog (brand),YouTube Influencer Marketing in India: Brand Guide — Kudozz,59,YouTube Influencer Marketing: Complete Guide for Indian Brands,"How YouTube influencer marketing actually works, how it differs from Instagram, the full creator taxonomy, and a complete workflow from objective through measurement, with a practical selection scorecard.",https://www.kudozz.in/blog/youtube-influencer-marketing-india,yes,1989,21,28,6,Answer;BlogPosting;BreadcrumbList;ContactPoint;Country;FAQPage;ImageObject;ListItem;Offer;OfferCatalog;Organization;Question;Service;WebPage;WebSite,Informational (brand),True
https://www.kudozz.in/blog/youtube-influencer-marketing-roi,Blog (brand),"How to Measure YouTube Influencer Marketing ROI: Metrics, Attribution and Reporting",83,"How to Measure YouTube Influencer Marketing ROI: Metrics, Attribution and Reporting","A view isn't a result. A practical framework for choosing the right YouTube metrics by funnel stage, tracking conversions honestly, and building a reporting structure that survives a second look.",https://www.kudozz.in/blog/youtube-influencer-marketing-roi,yes,1480,11,15,3,Answer;BlogPosting;BreadcrumbList;ContactPoint;Country;FAQPage;ImageObject;ListItem;Offer;OfferCatalog;Organization;Question;Service;WebPage;WebSite,Informational (brand),True
https://www.kudozz.in/blog/youtube-influencer-rates-india,Blog (brand),YouTube Influencer Rates in India: Pricing Guide — Kudozz,57,YouTube Influencer Rates in India: Complete Pricing Guide for Brands,"A dedicated review, a short integration, and a Shorts collaboration are priced differently, and so are two creators with identical subscriber counts. A practical framework for budgeting YouTube sponsorships.",https://www.kudozz.in/blog/youtube-influencer-rates-india,yes,1344,8,15,5,Answer;BlogPosting;BreadcrumbList;ContactPoint;Country;FAQPage;ImageObject;ListItem;Offer;OfferCatalog;Organization;Question;Service;WebPage;WebSite,Commercial investigation (pricing),True
https://www.kudozz.in/blog/youtube-keyword-research,Creator resource,YouTube Keyword Research: Find Topics People Search For,55,YouTube Keyword Research for Creators: How to Find Topics People Actually Search For,"YouTube keyword research for creators: using search suggestions, YouTube Studio Trends and content gaps, competitor channels, comments and your search traffic to find and prioritise topics, with a scoring template.",https://www.kudozz.in/blog/youtube-keyword-research,yes,1140,9,17,15,Answer;BlogPosting;BreadcrumbList;ContactPoint;Country;FAQPage;ImageObject;ListItem;Offer;OfferCatalog;Organization;Question;Service;WebPage;WebSite,Informational (creator),True
https://www.kudozz.in/blog/youtube-live-monetization,Creator resource,YouTube Live Monetization: How Creators Earn From Streams,57,YouTube Live Monetization: How Creators Can Earn From Live Audiences,"YouTube live monetization for Indian creators: live requirements, ads, Super Chat, Gifts, memberships, live shopping, sponsored segments and formats that earn.",https://www.kudozz.in/blog/youtube-live-monetization,yes,1258,13,15,10,Answer;BlogPosting;BreadcrumbList;ContactPoint;Country;FAQPage;ImageObject;ListItem;Offer;OfferCatalog;Organization;Question;Service;WebPage;WebSite,Informational (creator),True
https://www.kudozz.in/blog/youtube-media-kit,Creator resource,YouTube Media Kit: What to Include (With Template) — Kudozz,59,YouTube Media Kit: How Creators Can Present Their Channel to Brands,"Build a YouTube media kit brands trust: channel summary, YouTube Analytics audience data, average views, integration formats, sponsor results, rates and a template.",https://www.kudozz.in/blog/youtube-media-kit,yes,1341,12,20,7,Answer;BlogPosting;BreadcrumbList;ContactPoint;Country;FAQPage;ImageObject;ListItem;Offer;OfferCatalog;Organization;Question;Service;WebPage;WebSite,Informational (creator),True
https://www.kudozz.in/blog/youtube-product-reviews,Blog (brand),YouTube Product Reviews: How Brands Can Work With Review Creators,65,YouTube Product Reviews: How Brands Can Work With Review Creators,"Consumers watch reviews to find out what a creator actually thinks, not what a brand paid them to say. How to work with review creators without asking them to compromise the thing that makes reviews valuable.",https://www.kudozz.in/blog/youtube-product-reviews,yes,1421,12,14,6,Answer;BlogPosting;BreadcrumbList;ContactPoint;Country;FAQPage;ImageObject;ListItem;Offer;OfferCatalog;Organization;Question;Service;WebPage;WebSite,Informational (brand),True
https://www.kudozz.in/blog/youtube-product-tagging,Creator resource,"YouTube Product Tagging: Tips for Videos, Shorts and Live",57,YouTube Product Tagging: How Creators Can Use Shopping Features Effectively,"YouTube product tagging tips: which products to tag, list order, timestamps, the Shorts sticker, live tagging, updating old videos and measuring tag clicks.",https://www.kudozz.in/blog/youtube-product-tagging,yes,1260,14,15,7,Answer;BlogPosting;BreadcrumbList;ContactPoint;Country;FAQPage;ImageObject;ListItem;Offer;OfferCatalog;Organization;Question;Service;WebPage;WebSite,Informational (creator),True
https://www.kudozz.in/blog/youtube-search-vs-recommendations,Creator resource,YouTube Search vs Recommendations: Optimise for Both,52,YouTube Search vs Recommendations: How Creators Can Optimize for Both,"YouTube search vs recommendations: how each discovery system works, key signals, traffic sources in YouTube Analytics, search-led vs browse-led content, and a plan to optimise for both.",https://www.kudozz.in/blog/youtube-search-vs-recommendations,yes,945,10,16,8,Answer;BlogPosting;BreadcrumbList;ContactPoint;Country;FAQPage;ImageObject;ListItem;Offer;OfferCatalog;Organization;Question;Service;WebPage;WebSite,Comparison,True
https://www.kudozz.in/blog/youtube-seo-for-creators,Creator resource,YouTube SEO for Creators: Rank Videos and Shorts — Kudozz,57,YouTube SEO for Creators: Complete Guide to Ranking Videos and Shorts,"YouTube SEO for creators: how YouTube search ranks by relevance, engagement and quality, and how to optimise titles, thumbnails, descriptions, chapters, captions, Shorts and playlists, with a checklist.",https://www.kudozz.in/blog/youtube-seo-for-creators,yes,1129,9,19,15,Answer;BlogPosting;BreadcrumbList;ContactPoint;Country;FAQPage;ImageObject;ListItem;Offer;OfferCatalog;Organization;Question;Service;WebPage;WebSite,Informational (creator),True
https://www.kudozz.in/blog/youtube-shopping-india-creators,Creator resource,"YouTube Shopping India: Eligibility, Retailers and Commissions",62,YouTube Shopping for Indian Creators: How Affiliate Product Tagging Works,"YouTube Shopping for Indian creators: eligibility, participating retailers, product tagging in long-form, Shorts and Live, affiliate commissions and payouts, disclosure, and how to decide if Shopping fits your channel.",https://www.kudozz.in/blog/youtube-shopping-india-creators,yes,1440,11,17,13,Answer;BlogPosting;BreadcrumbList;ContactPoint;Country;FAQPage;ImageObject;ListItem;Offer;OfferCatalog;Organization;Question;Service;WebPage;WebSite,Informational (creator),True
https://www.kudozz.in/blog/youtube-shorts-content-strategy,Creator resource,YouTube Shorts Strategy: Build a Channel Around Shorts,54,YouTube Shorts Content Strategy: How to Build a Channel Around Short-Form Video,"YouTube Shorts content strategy: Shorts-only vs hybrid channels, formats that work, titles and search, linking Shorts to long videos, views vs engaged views, monetization basics and key metrics.",https://www.kudozz.in/blog/youtube-shorts-content-strategy,yes,969,11,15,11,Answer;BlogPosting;BreadcrumbList;ContactPoint;Country;FAQPage;ImageObject;ListItem;Offer;OfferCatalog;Organization;Question;Service;WebPage;WebSite,Informational (creator),True
https://www.kudozz.in/blog/youtube-shorts-influencer-marketing,Blog (brand),YouTube Shorts Influencer Marketing: Complete Guide for Brands,62,YouTube Shorts Influencer Marketing: Complete Guide for Brands,"Shorts now run up to three minutes, but the best-performing ones still act fast. What Shorts are actually good for, how they differ from long-form YouTube and Instagram Reels, and 20 campaign ideas.",https://www.kudozz.in/blog/youtube-shorts-influencer-marketing,yes,1567,15,14,3,Answer;BlogPosting;BreadcrumbList;ContactPoint;Country;FAQPage;ImageObject;ListItem;Offer;OfferCatalog;Organization;Question;Service;WebPage;WebSite,Informational (brand),True
https://www.kudozz.in/blog/youtube-shorts-vs-long-form,Creator resource,YouTube Shorts vs Long-Form Videos: How to Use Both — Kudozz,60,YouTube Shorts vs Long-Form: How Creators Can Use Both Formats Together,"YouTube Shorts vs long-form compared: discovery, depth, views vs engaged views, monetization, brand value and analytics, with five ways to use both together.",https://www.kudozz.in/blog/youtube-shorts-vs-long-form,yes,1048,11,16,8,Answer;BlogPosting;BreadcrumbList;ContactPoint;Country;FAQPage;ImageObject;ListItem;Offer;OfferCatalog;Organization;Question;Service;WebPage;WebSite,Comparison,True
https://www.kudozz.in/blog/youtube-sponsorships,Blog (brand),YouTube Sponsorships: Complete Guide for Brands and Creators,60,YouTube Sponsorships: Complete Guide for Brands and Creators,"A sponsored video, an integration, and a Shorts sponsorship are different commercial products with different pricing logic. What every sponsorship structure actually involves, and what a solid deal needs to cover.",https://www.kudozz.in/blog/youtube-sponsorships,yes,1337,9,15,6,Answer;BlogPosting;BreadcrumbList;ContactPoint;Country;FAQPage;ImageObject;ListItem;Offer;OfferCatalog;Organization;Question;Service;WebPage;WebSite,Informational (brand),True
https://www.kudozz.in/contact,Static,"Get in Touch: Brand, Creator & Press Inquiries — Kudozz",55,Let's talk.,"Get in touch with Kudozz for general inquiries, partnerships, or press. Brands starting a campaign should use our brand inquiry form for a faster response.",https://www.kudozz.in/contact,yes,37,0,8,692,ContactPoint;Country;ImageObject;Offer;OfferCatalog;Organization;Service;WebSite,Informational (brand),True
https://www.kudozz.in/creator-resources,Static,"Creator Resources: Brand Deals, Platforms, Commerce & Business",62,Work with brands professionally.,"Free guides for Indian creators: media kits, pricing, contracts, Instagram, YouTube and TikTok, trust-first commerce, audience ownership and running a creator business.",https://www.kudozz.in/creator-resources,yes,14624,18,362,692,BreadcrumbList;CollectionPage;ContactPoint;Country;ImageObject;ItemList;ListItem;Offer;OfferCatalog;Organization;Service;WebSite,Informational (brand),True
https://www.kudozz.in/creator-resources/after-the-campaign,Creator resource hub,After the Campaign: Creator Resources — Kudozz,46,After the Campaign,"After a brand collaboration: campaign reporting, case studies, managing brand clients, retainer deals and turning one brand deal into a long-term partnership.",https://www.kudozz.in/creator-resources/after-the-campaign,yes,386,3,69,61,BreadcrumbList;CollectionPage;ContactPoint;Country;ImageObject;ItemList;ListItem;Offer;OfferCatalog;Organization;Service;WebSite,Informational (brand),True
https://www.kudozz.in/creator-resources/agency-growth,Creator resource hub,Agency Growth & Commercials: Creator Resources — Kudozz,55,Agency Growth & Commercials,"Creator agency growth and commercials: growth strategy, the agency revenue model and commission, pricing and retainers, profitability, client acquisition and the sales funnel, and client retention and account growth.",https://www.kudozz.in/creator-resources/agency-growth,yes,630,4,72,62,BreadcrumbList;CollectionPage;ContactPoint;Country;ImageObject;ItemList;ListItem;Offer;OfferCatalog;Organization;Service;WebSite,Informational (brand),True
https://www.kudozz.in/creator-resources/ai-for-creators,Creator resource hub,AI for Creators: Creator Resources — Kudozz,43,AI for Creators,"AI for creators: choosing AI tools, an AI content workflow, AI for brand collaborations, AI disclosure rules in India and AI influencers vs human creators.",https://www.kudozz.in/creator-resources/ai-for-creators,yes,401,3,69,61,BreadcrumbList;CollectionPage;ContactPoint;Country;ImageObject;ItemList;ListItem;Offer;OfferCatalog;Organization;Service;WebSite,Informational (brand),True
https://www.kudozz.in/creator-resources/analytics,Creator resource hub,Business & Brand Analytics: Creator Resources — Kudozz,54,Business & Brand Analytics,"Creator business and brand analytics: analytics dashboard, engagement rate, engagement vs reach and analytics for brand deals.",https://www.kudozz.in/creator-resources/analytics,yes,334,3,68,59,BreadcrumbList;CollectionPage;ContactPoint;Country;ImageObject;ItemList;ListItem;Offer;OfferCatalog;Organization;Service;WebSite,Informational (brand),True
https://www.kudozz.in/creator-resources/audience-and-community,Creator resource hub,Audience & Community: Creator Resources — Kudozz,48,Audience & Community,"Guides to building a creator audience and community: audience quality, communities, WhatsApp, email newsletters and newsletter monetization.",https://www.kudozz.in/creator-resources/audience-and-community,yes,472,3,71,63,BreadcrumbList;CollectionPage;ContactPoint;Country;ImageObject;ItemList;ListItem;Offer;OfferCatalog;Organization;Service;WebSite,Informational (brand),True
https://www.kudozz.in/creator-resources/audience-and-goals,Creator resource hub,Audience & Goals: Creator Resources — Kudozz,44,Audience & Goals,"Creator audience strategy and goals: identifying your ideal audience, audience research methods and setting creator goals that improve your business.",https://www.kudozz.in/creator-resources/audience-and-goals,yes,319,3,67,59,BreadcrumbList;CollectionPage;ContactPoint;Country;ImageObject;ItemList;ListItem;Offer;OfferCatalog;Organization;Service;WebSite,Informational (brand),True
https://www.kudozz.in/creator-resources/audience-growth,Creator resource hub,Audience Growth: Creator Resources — Kudozz,43,Audience Growth,"Creator growth guides: a 90-day plan from zero, sustainable growth strategy, converting viral views, measuring real audience growth and growing regional audiences in India.",https://www.kudozz.in/creator-resources/audience-growth,yes,387,3,69,61,BreadcrumbList;CollectionPage;ContactPoint;Country;ImageObject;ItemList;ListItem;Offer;OfferCatalog;Organization;Service;WebSite,Informational (brand),True
https://www.kudozz.in/creator-resources/brand-and-authority,Creator resource hub,Personal Brand & Authority: Creator Resources — Kudozz,54,Personal Brand & Authority,"Personal branding for creators: personal brand, niche selection, positioning, authority, thought leadership and founder creator brands.",https://www.kudozz.in/creator-resources/brand-and-authority,yes,450,3,70,62,BreadcrumbList;CollectionPage;ContactPoint;Country;ImageObject;ItemList;ListItem;Offer;OfferCatalog;Organization;Service;WebSite,Informational (brand),True
https://www.kudozz.in/creator-resources/business-foundations,Creator resource hub,Business Foundations: Creator Resources — Kudozz,48,Business Foundations,"Creator business foundations: business plan, creator website, link in bio and the creator business kit.",https://www.kudozz.in/creator-resources/business-foundations,yes,415,4,69,60,BreadcrumbList;CollectionPage;ContactPoint;Country;ImageObject;ItemList;ListItem;Offer;OfferCatalog;Organization;Service;WebSite,Informational (brand),True
https://www.kudozz.in/creator-resources/business-infrastructure,Creator resource hub,Business Infrastructure: Creator Resources — Kudozz,51,Business Infrastructure,"Creator business infrastructure: a professional business email, file and brand asset management, and a backup strategy for content and business data.",https://www.kudozz.in/creator-resources/business-infrastructure,yes,532,4,71,59,BreadcrumbList;CollectionPage;ContactPoint;Country;ImageObject;ItemList;ListItem;Offer;OfferCatalog;Organization;Service;WebSite,Informational (brand),True
https://www.kudozz.in/creator-resources/business-model-and-strategy,Creator resource hub,Business Model & Strategy: Creator Resources — Kudozz,53,Business Model & Strategy,"Advanced creator business strategy: choosing a business model, diversifying revenue and building a pricing strategy across brand work, services, products and memberships.",https://www.kudozz.in/creator-resources/business-model-and-strategy,yes,311,3,67,59,BreadcrumbList;CollectionPage;ContactPoint;Country;ImageObject;ItemList;ListItem;Offer;OfferCatalog;Organization;Service;WebSite,Informational (brand),True
https://www.kudozz.in/creator-resources/campaign-operations,Creator resource hub,Campaign Operations: Creator Resources — Kudozz,47,Campaign Operations,"Creator campaign operations for agencies: running campaigns at scale, capacity and resource planning, quality assurance, escalation, post-mortems and a campaign knowledge base.",https://www.kudozz.in/creator-resources/campaign-operations,yes,571,4,72,61,BreadcrumbList;CollectionPage;ContactPoint;Country;ImageObject;ItemList;ListItem;Offer;OfferCatalog;Organization;Service;WebSite,Informational (brand),True
https://www.kudozz.in/creator-resources/choosing-deals,Creator resource hub,Choosing the Right Deals: Creator Resources — Kudozz,52,Choosing the Right Deals,"Choosing brand collaborations as a creator: brand fit scorecard, opportunity cost, saying no professionally and turning product seeding into relationships.",https://www.kudozz.in/creator-resources/choosing-deals,yes,375,3,68,60,BreadcrumbList;CollectionPage;ContactPoint;Country;ImageObject;ItemList;ListItem;Offer;OfferCatalog;Organization;Service;WebSite,Informational (brand),True
https://www.kudozz.in/creator-resources/commerce-measurement,Creator resource hub,Commerce Measurement: Creator Resources — Kudozz,48,Commerce Measurement,"Measuring creator commerce: attribution methods, conversion rates and discount codes, with honest reporting of tracked sales.",https://www.kudozz.in/creator-resources/commerce-measurement,yes,302,3,67,59,BreadcrumbList;CollectionPage;ContactPoint;Country;ImageObject;ItemList;ListItem;Offer;OfferCatalog;Organization;Service;WebSite,Informational (brand),True
https://www.kudozz.in/creator-resources/content-ideas,Creator resource hub,Content Ideas & Research: Creator Resources — Kudozz,52,Content Ideas & Research,"Content ideas and research for creators: trend vs evergreen content, trend research, evergreen content ideas and studying other creators without copying.",https://www.kudozz.in/creator-resources/content-ideas,yes,358,3,68,60,BreadcrumbList;CollectionPage;ContactPoint;Country;ImageObject;ItemList;ListItem;Offer;OfferCatalog;Organization;Service;WebSite,Informational (brand),True
https://www.kudozz.in/creator-resources/content-performance,Creator resource hub,Content Performance: Creator Resources — Kudozz,47,Content Performance,"Creator content analytics: what content works, engagement analytics, analysing viral videos, a 30-post audit, A/B testing and content ROI.",https://www.kudozz.in/creator-resources/content-performance,yes,436,3,70,62,BreadcrumbList;CollectionPage;ContactPoint;Country;ImageObject;ItemList;ListItem;Offer;OfferCatalog;Organization;Service;WebSite,Informational (brand),True
https://www.kudozz.in/creator-resources/content-production,Creator resource hub,Content Production: Creator Resources — Kudozz,46,Content Production,"Content production for creators: repurposing, turning long videos into shorts, batching and a 30-day content calendar.",https://www.kudozz.in/creator-resources/content-production,yes,339,3,68,60,BreadcrumbList;CollectionPage;ContactPoint;Country;ImageObject;ItemList;ListItem;Offer;OfferCatalog;Organization;Service;WebSite,Informational (brand),True
https://www.kudozz.in/creator-resources/content-protection,Creator resource hub,Content & Identity Protection: Creator Resources — Kudozz,57,Content & Identity Protection,"Creator protection: account security, protecting videos from reuploads, impersonation and spotting fake brand offers.",https://www.kudozz.in/creator-resources/content-protection,yes,357,3,68,60,BreadcrumbList;CollectionPage;ContactPoint;Country;ImageObject;ItemList;ListItem;Offer;OfferCatalog;Organization;Service;WebSite,Informational (brand),True
https://www.kudozz.in/creator-resources/content-strategy,Creator resource hub,Content Strategy: Creator Resources — Kudozz,44,Content Strategy,"Creator content strategy: the six-part content system, content pillars, planning frameworks, the production workflow and content distribution.",https://www.kudozz.in/creator-resources/content-strategy,yes,394,3,69,61,BreadcrumbList;CollectionPage;ContactPoint;Country;ImageObject;ItemList;ListItem;Offer;OfferCatalog;Organization;Service;WebSite,Informational (brand),True
https://www.kudozz.in/creator-resources/contracts-and-rights,Creator resource hub,Contracts & Rights: Creator Resources — Kudozz,46,Contracts & Rights,"Creator contracts and rights explained: influencer contracts, usage rights, exclusivity, content licensing and whitelisting.",https://www.kudozz.in/creator-resources/contracts-and-rights,yes,385,3,69,61,BreadcrumbList;CollectionPage;ContactPoint;Country;ImageObject;ItemList;ListItem;Offer;OfferCatalog;Organization;Service;WebSite,Informational (brand),True
https://www.kudozz.in/creator-resources/courses-and-workshops,Creator resource hub,Courses & Workshops: Creator Resources — Kudozz,47,Courses & Workshops,"Creator education products: the course business, choosing a course topic, course pricing, course launches, paid workshops and webinars.",https://www.kudozz.in/creator-resources/courses-and-workshops,yes,452,3,70,62,BreadcrumbList;CollectionPage;ContactPoint;Country;ImageObject;ItemList;ListItem;Offer;OfferCatalog;Organization;Service;WebSite,Informational (brand),True
https://www.kudozz.in/creator-resources/creator-agencies,Creator resource hub,Start & Run an Agency: Creator Resources — Kudozz,49,Start & Run an Agency,"Start and run a creator agency: starting a creator management agency in India, the agency business plan, agency operations and money flow, and the creator studio model.",https://www.kudozz.in/creator-resources/creator-agencies,yes,560,4,71,60,BreadcrumbList;CollectionPage;ContactPoint;Country;ImageObject;ItemList;ListItem;Offer;OfferCatalog;Organization;Service;WebSite,Informational (brand),True
https://www.kudozz.in/creator-resources/creator-commerce,Creator resource hub,Creator Commerce: Creator Resources — Kudozz,44,Creator Commerce,"Creator commerce in India: turning content into sales, affiliate marketing and building a creator storefront.",https://www.kudozz.in/creator-resources/creator-commerce,yes,301,3,67,59,BreadcrumbList;CollectionPage;ContactPoint;Country;ImageObject;ItemList;ListItem;Offer;OfferCatalog;Organization;Service;WebSite,Informational (brand),True
https://www.kudozz.in/creator-resources/creator-finance,Creator resource hub,Creator Finance: Creator Resources — Kudozz,43,Creator Finance,"Creator finance: financial planning for irregular income, revenue forecasting with a free calculator, cash flow, business budgets and profit margin. General information, not financial advice.",https://www.kudozz.in/creator-resources/creator-finance,yes,514,3,71,63,BreadcrumbList;CollectionPage;ContactPoint;Country;ImageObject;ItemList;ListItem;Offer;OfferCatalog;Organization;Service;WebSite,Informational (brand),True
https://www.kudozz.in/creator-resources/creator-operations,Creator resource hub,Creator Operations: Creator Resources — Kudozz,46,Creator Operations,"Creator operations: the eight business systems, an interactive operations checklist, the brand deal workflow, SOPs, project and task management, and workflow automation.",https://www.kudozz.in/creator-resources/creator-operations,yes,638,4,74,63,BreadcrumbList;CollectionPage;ContactPoint;Country;ImageObject;ItemList;ListItem;Offer;OfferCatalog;Organization;Service;WebSite,Informational (brand),True
https://www.kudozz.in/creator-resources/creator-relationships,Creator resource hub,Creator Relationships: Creator Resources — Kudozz,49,Creator Relationships,"Creator relationships: finding creators to collaborate with, cross-promotion, networking and joint brand campaigns.",https://www.kudozz.in/creator-resources/creator-relationships,yes,330,3,68,60,BreadcrumbList;CollectionPage;ContactPoint;Country;ImageObject;ItemList;ListItem;Offer;OfferCatalog;Organization;Service;WebSite,Informational (brand),True
https://www.kudozz.in/creator-resources/creator-services,Creator resource hub,Creator Services: Creator Resources — Kudozz,44,Creator Services,"Creator services: turning expertise into paid services, consulting, coaching, offer packaging, service pricing, discovery calls and client onboarding.",https://www.kudozz.in/creator-resources/creator-services,yes,486,3,71,63,BreadcrumbList;CollectionPage;ContactPoint;Country;ImageObject;ItemList;ListItem;Offer;OfferCatalog;Organization;Service;WebSite,Informational (brand),True
https://www.kudozz.in/creator-resources/deal-operations,Creator resource hub,Deal Operations: Creator Resources — Kudozz,43,Deal Operations,"Creator deal operations: building a brand partnership pipeline, a creator CRM, handling inbound leads, contracts vs emails and campaign documentation.",https://www.kudozz.in/creator-resources/deal-operations,yes,405,3,69,61,BreadcrumbList;CollectionPage;ContactPoint;Country;ImageObject;ItemList;ListItem;Offer;OfferCatalog;Organization;Service;WebSite,Informational (brand),True
https://www.kudozz.in/creator-resources/digital-products,Creator resource hub,Digital Products: Creator Resources — Kudozz,44,Digital Products,"Digital products for creators: product ideas, validation, launching, pricing, templates and toolkits, Notion templates, ebooks and printables.",https://www.kudozz.in/creator-resources/digital-products,yes,564,3,73,65,BreadcrumbList;CollectionPage;ContactPoint;Country;ImageObject;ItemList;ListItem;Offer;OfferCatalog;Organization;Service;WebSite,Informational (brand),True
https://www.kudozz.in/creator-resources/funnels-and-audience-ownership,Creator resource hub,Funnels & Audience Ownership: Creator Resources — Kudozz,56,Funnels & Audience Ownership,"Creator sales funnels: audience ownership, the creator-to-customer journey, lead magnets, email funnels, landing pages, checkout and product analytics.",https://www.kudozz.in/creator-resources/funnels-and-audience-ownership,yes,532,3,72,64,BreadcrumbList;CollectionPage;ContactPoint;Country;ImageObject;ItemList;ListItem;Offer;OfferCatalog;Organization;Service;WebSite,Informational (brand),True
https://www.kudozz.in/creator-resources/get-brand-deals,Creator resource hub,Get Brand Deals: Creator Resources — Kudozz,43,Get Brand Deals,"Guides to getting brand deals as a creator: the brand deal lifecycle, pitching, email templates, finding brands, pricing and negotiation.",https://www.kudozz.in/creator-resources/get-brand-deals,yes,456,3,71,63,BreadcrumbList;CollectionPage;ContactPoint;Country;ImageObject;ItemList;ListItem;Offer;OfferCatalog;Organization;Service;WebSite,Informational (brand),True
https://www.kudozz.in/creator-resources/get-brand-ready,Creator resource hub,Get Brand-Ready: Creator Resources — Kudozz,43,Get Brand-Ready,"How creators get brand-ready: media kit, rate card, portfolio, UGC portfolio and pitch deck guides for Indian creators.",https://www.kudozz.in/creator-resources/get-brand-ready,yes,408,3,69,61,BreadcrumbList;CollectionPage;ContactPoint;Country;ImageObject;ItemList;ListItem;Offer;OfferCatalog;Organization;Service;WebSite,Informational (brand),True
https://www.kudozz.in/creator-resources/instagram-creator-resources,Creator resource hub,Instagram for Creators: Creator Resources — Kudozz,50,Instagram for Creators,"Instagram creator resources for Indian creators: monetization (Gifts, Subscriptions, badges), Creator Marketplace, brand-ready profiles, broadcast channels, Collab posts, Trial Reels, Reels analytics and content strategy.",https://www.kudozz.in/creator-resources/instagram-creator-resources,yes,791,7,78,66,BreadcrumbList;CollectionPage;ContactPoint;Country;ImageObject;ItemList;ListItem;Offer;OfferCatalog;Organization;Service;WebSite,Informational (brand),True
https://www.kudozz.in/creator-resources/instagram-tiktok-search,Creator resource hub,Instagram & TikTok Search: Creator Resources — Kudozz,53,Instagram & TikTok Search,"Instagram SEO, Instagram keyword strategy and TikTok SEO with Creator Search Insights, including notes for Indian creators.",https://www.kudozz.in/creator-resources/instagram-tiktok-search,yes,313,3,67,59,BreadcrumbList;CollectionPage;ContactPoint;Country;ImageObject;ItemList;ListItem;Offer;OfferCatalog;Organization;Service;WebSite,Informational (brand),True
https://www.kudozz.in/creator-resources/legal-and-ip,Creator resource hub,Contracts & Intellectual Property: Creator Resources,52,Contracts & Intellectual Property,"Creator contracts and intellectual property in India: the agreements a creator business signs, what creators own, copyright and trademarks. General information, not legal advice.",https://www.kudozz.in/creator-resources/legal-and-ip,yes,555,4,72,60,BreadcrumbList;CollectionPage;ContactPoint;Country;ImageObject;ItemList;ListItem;Offer;OfferCatalog;Organization;Service;WebSite,Informational (brand),True
https://www.kudozz.in/creator-resources/manage-campaigns,Creator resource hub,Manage Campaigns: Creator Resources — Kudozz,44,Manage Campaigns,"How creators manage brand campaigns: proposals, briefs, creative control, deliverables, approvals and revisions, payment terms, late payments, cancellations and a brand deal checklist.",https://www.kudozz.in/creator-resources/manage-campaigns,yes,595,3,74,65,BreadcrumbList;CollectionPage;ContactPoint;Country;ImageObject;ItemList;ListItem;Offer;OfferCatalog;Organization;Service;WebSite,Informational (brand),True
https://www.kudozz.in/creator-resources/monetization,Creator resource hub,Monetization: Creator Resources — Kudozz,40,Monetization,"Creator monetization guides: income streams and monetization strategy, memberships and subscriptions, paid communities, free vs paid content and earning more from brand content.",https://www.kudozz.in/creator-resources/monetization,yes,395,3,69,61,BreadcrumbList;CollectionPage;ContactPoint;Country;ImageObject;ItemList;ListItem;Offer;OfferCatalog;Organization;Service;WebSite,Informational (brand),True
https://www.kudozz.in/creator-resources/money-and-tax,Creator resource hub,Money & Tax: Creator Resources — Kudozz,39,Money & Tax,"Money and tax basics for Indian creators: invoicing brands, TDS, GST, tracking income and expenses, and the tax records to keep.",https://www.kudozz.in/creator-resources/money-and-tax,yes,529,3,72,64,BreadcrumbList;CollectionPage;ContactPoint;Country;ImageObject;ItemList;ListItem;Offer;OfferCatalog;Organization;Service;WebSite,Informational (brand),True
https://www.kudozz.in/creator-resources/outsourcing-and-production,Creator resource hub,Outsourcing & Production: Creator Resources — Kudozz,52,Outsourcing & Production,"Creator outsourcing and production: what to delegate first (with a delegation calculator), outsourcing content without losing your voice, production team structure and content quality control.",https://www.kudozz.in/creator-resources/outsourcing-and-production,yes,510,4,71,60,BreadcrumbList;CollectionPage;ContactPoint;Country;ImageObject;ItemList;ListItem;Offer;OfferCatalog;Organization;Service;WebSite,Informational (brand),True
https://www.kudozz.in/creator-resources/platform-analytics,Creator resource hub,Platform Analytics: Creator Resources — Kudozz,46,Platform Analytics,"Platform analytics for creators: YouTube Analytics metrics, Instagram Insights, short-form analytics and watch time vs retention.",https://www.kudozz.in/creator-resources/platform-analytics,yes,336,3,68,60,BreadcrumbList;CollectionPage;ContactPoint;Country;ImageObject;ItemList;ListItem;Offer;OfferCatalog;Organization;Service;WebSite,Informational (brand),True
https://www.kudozz.in/creator-resources/pricing-and-profit,Creator resource hub,Pricing & Profit: Creator Resources — Kudozz,44,Pricing & Profit,"Creator pricing and profit: a free pricing calculator, raising rates, production cost per piece and calculating the real profit on brand deals.",https://www.kudozz.in/creator-resources/pricing-and-profit,yes,372,3,68,60,BreadcrumbList;CollectionPage;ContactPoint;Country;ImageObject;ItemList;ListItem;Offer;OfferCatalog;Organization;Service;WebSite,Commercial investigation (pricing),True
https://www.kudozz.in/creator-resources/recommendations-and-shopping-content,Creator resource hub,Recommendations & Shopping Content: Creator Resources,53,Recommendations & Shopping Content,"Trust-first creator commerce: product recommendations, affiliate links that don't spam, shopping content, authentic sponsored reviews and gift guides.",https://www.kudozz.in/creator-resources/recommendations-and-shopping-content,yes,395,3,69,61,BreadcrumbList;CollectionPage;ContactPoint;Country;ImageObject;ItemList;ListItem;Offer;OfferCatalog;Organization;Service;WebSite,Informational (brand),True
https://www.kudozz.in/creator-resources/reputation-and-crisis,Creator resource hub,Reputation & Crisis: Creator Resources — Kudozz,47,Reputation & Crisis,"Creator reputation management and crisis management: search results, audience perception, corrections, transparency and step-by-step responses to backlash and partnership problems.",https://www.kudozz.in/creator-resources/reputation-and-crisis,yes,312,3,67,59,BreadcrumbList;CollectionPage;ContactPoint;Country;ImageObject;ItemList;ListItem;Offer;OfferCatalog;Organization;Service;WebSite,Informational (brand),True
https://www.kudozz.in/creator-resources/responsible-partnerships,Creator resource hub,Responsible Partnerships: Creator Resources — Kudozz,52,Responsible Partnerships,Responsible brand partnerships: disclosing sponsored content in India and creator brand safety.,https://www.kudozz.in/creator-resources/responsible-partnerships,yes,328,3,67,59,BreadcrumbList;CollectionPage;ContactPoint;Country;ImageObject;ItemList;ListItem;Offer;OfferCatalog;Organization;Service;WebSite,Informational (brand),True
https://www.kudozz.in/creator-resources/scaling-and-resilience,Creator resource hub,Scaling & Resilience: Creator Resources — Kudozz,48,Scaling & Resilience,"Scaling a creator business and protecting it: growth stages, scalability, business risk management, platform risk and business continuity planning.",https://www.kudozz.in/creator-resources/scaling-and-resilience,yes,580,4,72,60,BreadcrumbList;CollectionPage;ContactPoint;Country;ImageObject;ItemList;ListItem;Offer;OfferCatalog;Organization;Service;WebSite,Informational (brand),True
https://www.kudozz.in/creator-resources/search-foundations,Creator resource hub,Search Foundations: Creator Resources — Kudozz,46,Search Foundations,"Creator SEO foundations: discovery across Google, YouTube, Instagram, TikTok and AI search, social search, content gaps and creator website SEO.",https://www.kudozz.in/creator-resources/search-foundations,yes,351,3,68,60,BreadcrumbList;CollectionPage;ContactPoint;Country;ImageObject;ItemList;ListItem;Offer;OfferCatalog;Organization;Service;WebSite,Informational (brand),True
https://www.kudozz.in/creator-resources/short-form-content,Creator resource hub,Short-Form Content: Creator Resources — Kudozz,46,Short-Form Content,"Short-form video strategy for creators: Reels and Shorts strategy, hooks, scripts and repeatable content series.",https://www.kudozz.in/creator-resources/short-form-content,yes,437,3,70,62,BreadcrumbList;CollectionPage;ContactPoint;Country;ImageObject;ItemList;ListItem;Offer;OfferCatalog;Organization;Service;WebSite,Informational (brand),True
https://www.kudozz.in/creator-resources/sponsored-content-and-trust,Creator resource hub,Sponsored Content & Trust: Creator Resources — Kudozz,53,Sponsored Content & Trust,"Sponsored content and audience trust: keeping brand content authentic, avoiding sponsored content fatigue and balancing sponsored and organic content.",https://www.kudozz.in/creator-resources/sponsored-content-and-trust,yes,306,3,67,59,BreadcrumbList;CollectionPage;ContactPoint;Country;ImageObject;ItemList;ListItem;Offer;OfferCatalog;Organization;Service;WebSite,Informational (brand),True
https://www.kudozz.in/creator-resources/talent-and-roster,Creator resource hub,Talent & Roster: Creator Resources — Kudozz,43,Talent & Roster,"Creator talent and roster management for agencies: talent management and retention, talent acquisition and recruitment, screening with a scorecard, roster strategy and diversity, the talent database, roster evaluation and talent development.",https://www.kudozz.in/creator-resources/talent-and-roster,yes,631,4,73,63,BreadcrumbList;CollectionPage;ContactPoint;Country;ImageObject;ItemList;ListItem;Offer;OfferCatalog;Organization;Service;WebSite,Informational (brand),True
https://www.kudozz.in/creator-resources/team-and-representation,Creator resource hub,"Team, Hiring & Representation: Creator Resources — Kudozz",57,"Team, Hiring & Representation","Creator team building and hiring: when to hire, 15 team roles, virtual assistants, video editors, social media managers, team compensation, team management and a neutral comparison of managers, agencies and MCNs.",https://www.kudozz.in/creator-resources/team-and-representation,yes,587,3,72,64,BreadcrumbList;CollectionPage;ContactPoint;Country;ImageObject;ItemList;ListItem;Offer;OfferCatalog;Organization;Service;WebSite,Informational (brand),True
https://www.kudozz.in/creator-resources/tiktok-creator-resources,Creator resource hub,TikTok for Creators: Creator Resources — Kudozz,47,TikTok for Creators,"TikTok creator resources: monetization, Creator Rewards Program, profile optimisation, content strategy, TikTok SEO and content gaps, LIVE, affiliate, analytics and adapting content between TikTok and Reels, with clear notes on TikTok's unavailability in India.",https://www.kudozz.in/creator-resources/tiktok-creator-resources,yes,727,7,76,65,BreadcrumbList;CollectionPage;ContactPoint;Country;ImageObject;ItemList;ListItem;Offer;OfferCatalog;Organization;Service;WebSite,Informational (brand),True
https://www.kudozz.in/creator-resources/tools-and-automation,Creator resource hub,Tools & Automation: Creator Resources — Kudozz,46,Tools & Automation,"Creator tools and automation: building a creator tech stack, connecting tools with no-code automation and what AI agents can safely do in a creator business.",https://www.kudozz.in/creator-resources/tools-and-automation,yes,466,4,70,59,BreadcrumbList;CollectionPage;ContactPoint;Country;ImageObject;ItemList;ListItem;Offer;OfferCatalog;Organization;Service;WebSite,Informational (brand),True
https://www.kudozz.in/creator-resources/video-craft,Creator resource hub,Video Craft: Creator Resources — Kudozz,39,Video Craft,"Video craft for creators: storytelling frameworks for Reels, Shorts and YouTube, thumbnail strategy and titles that work for search and clicks.",https://www.kudozz.in/creator-resources/video-craft,yes,315,3,67,59,BreadcrumbList;CollectionPage;ContactPoint;Country;ImageObject;ItemList;ListItem;Offer;OfferCatalog;Organization;Service;WebSite,Informational (brand),True
https://www.kudozz.in/creator-resources/youtube,Creator resource hub,YouTube Monetization: Creator Resources — Kudozz,48,YouTube Monetization,"YouTube monetization for Indian creators: Partner Program, Shorts, fan funding including Gifts and memberships, and YouTube Shopping.",https://www.kudozz.in/creator-resources/youtube,yes,307,3,67,59,BreadcrumbList;CollectionPage;ContactPoint;Country;ImageObject;ItemList;ListItem;Offer;OfferCatalog;Organization;Service;WebSite,Informational (brand),True
https://www.kudozz.in/creator-resources/youtube-creator-resources,Creator resource hub,YouTube for Creators: Creator Resources — Kudozz,48,YouTube for Creators,"YouTube creator resources for Indian creators: YouTube Creator Partnerships, YouTube media kits, long-term brand deals, BrandConnect history, affiliate marketing, product tagging, live monetization, memberships, Shorts vs long-form and channel strategy.",https://www.kudozz.in/creator-resources/youtube-creator-resources,yes,870,7,80,66,BreadcrumbList;CollectionPage;ContactPoint;Country;ImageObject;ItemList;ListItem;Offer;OfferCatalog;Organization;Service;WebSite,Informational (brand),True
https://www.kudozz.in/creator-resources/youtube-search,Creator resource hub,YouTube Search: Creator Resources — Kudozz,42,YouTube Search,"YouTube SEO for creators: ranking videos and Shorts, keyword research and how search differs from recommendations.",https://www.kudozz.in/creator-resources/youtube-search,yes,291,3,67,59,BreadcrumbList;CollectionPage;ContactPoint;Country;ImageObject;ItemList;ListItem;Offer;OfferCatalog;Organization;Service;WebSite,Informational (brand),True
https://www.kudozz.in/for-brands,Static,Influencer Marketing Services for Brands: Strategy to Reporting,63,Stop chasing attention. Start building influence.,"Partner with Kudozz, an influencer marketing agency for brands offering campaign strategy, creator discovery, outreach, and transparent reporting end to end.",https://www.kudozz.in/for-brands,yes,867,6,8,692,Answer;BreadcrumbList;ContactPoint;Country;FAQPage;ImageObject;ListItem;Offer;OfferCatalog;Organization;Question;Service;WebSite,Informational (brand),True
https://www.kudozz.in/for-creators,Static,For Creators: Join Our Influencer & Content Creator Network,59,Great brands are looking for creators like you.,"Apply to join Kudozz's creator network and get matched with relevant brand partnerships, clear communication, and professional campaign coordination.",https://www.kudozz.in/for-creators,yes,314,4,14,692,ContactPoint;Country;ImageObject;Offer;OfferCatalog;Organization;Service;WebSite,Informational (brand),True
https://www.kudozz.in/privacy-policy,Static,Privacy Policy — Kudozz,23,Privacy Policy,"How Kudozz collects, uses, and protects your information.",https://www.kudozz.in/privacy-policy,yes,226,6,9,0,ContactPoint;Country;ImageObject;Offer;OfferCatalog;Organization;Service;WebSite,Informational (brand),True
https://www.kudozz.in/services,Static,Influencer Marketing Services: What We Do — Kudozz,50,Eight services. One coordinated engine.,"Explore Kudozz's influencer marketing services — strategy, creator discovery, outreach and management, UGC campaigns, product launches, ambassador programs, and reporting.",https://www.kudozz.in/services,yes,815,3,16,692,Answer;BreadcrumbList;ContactPoint;Country;FAQPage;ImageObject;ItemList;ListItem;Offer;OfferCatalog;Organization;Question;Service;WebSite,Informational (brand),True
https://www.kudozz.in/services/ambassador-programs,Service,Brand Ambassador Program Services — Kudozz,42,Brand Ambassador Programs,"Brand ambassador marketing programs: incentive design, ambassador recruitment, and ongoing relationship management for creator partnerships that compound over time.",https://www.kudozz.in/services/ambassador-programs,yes,445,7,16,21,Answer;BreadcrumbList;BusinessAudience;ContactPoint;Country;FAQPage;ImageObject;ListItem;Offer;OfferCatalog;Organization;Question;Service;WebSite,Commercial/transactional,True
https://www.kudozz.in/services/campaign-strategy,Service,Influencer Marketing Strategy Services in India — Kudozz,56,Influencer Marketing Strategy,"Influencer marketing strategy services from Kudozz: audience research, platform and format planning, creator tiering, and a KPI framework before outreach begins.",https://www.kudozz.in/services/campaign-strategy,yes,517,7,17,49,Answer;BreadcrumbList;BusinessAudience;ContactPoint;Country;FAQPage;ImageObject;ListItem;Offer;OfferCatalog;Organization;Question;Service;WebSite,Commercial/transactional,True
https://www.kudozz.in/services/creator-discovery,Service,Creator Discovery & Influencer Matchmaking Services — Kudozz,60,Creator Discovery & Matchmaking,"Influencer discovery services that screen for audience overlap, engagement quality, and authenticity — not follower count. Curated creator shortlists with a documented rationale.",https://www.kudozz.in/services/creator-discovery,yes,557,7,17,74,Answer;BreadcrumbList;BusinessAudience;ContactPoint;Country;FAQPage;ImageObject;ListItem;Offer;OfferCatalog;Organization;Question;Service;WebSite,Commercial/transactional,True
https://www.kudozz.in/services/outreach-management,Service,Influencer Outreach & Campaign Management Services — Kudozz,59,Influencer Outreach & Management,"Influencer outreach and campaign management services: negotiation, contracting, usage rights, and deliverable tracking handled by a single point of contact.",https://www.kudozz.in/services/outreach-management,yes,518,7,17,52,Answer;BreadcrumbList;BusinessAudience;ContactPoint;Country;FAQPage;ImageObject;ListItem;Offer;OfferCatalog;Organization;Question;Service;WebSite,Commercial/transactional,True
https://www.kudozz.in/services/product-launches,Service,Influencer Marketing for Product Launches — Kudozz,50,Product Launch Campaigns,"Product launch influencer marketing: pre-launch seeding, embargo management, day-of creator coordination, and post-launch content extension built around your launch date.",https://www.kudozz.in/services/product-launches,yes,442,7,16,23,Answer;BreadcrumbList;BusinessAudience;ContactPoint;Country;FAQPage;ImageObject;ListItem;Offer;OfferCatalog;Organization;Question;Service;WebSite,Commercial/transactional,True
https://www.kudozz.in/services/reporting,Service,Influencer Campaign Reporting & ROI Tracking — Kudozz,53,Campaign Reporting & Performance Tracking,"Influencer campaign reporting and ROI tracking: unified dashboards, KPI-vs-actual scorecards, and a plain-language debrief tied to the goals set before launch.",https://www.kudozz.in/services/reporting,yes,500,7,17,30,Answer;BreadcrumbList;BusinessAudience;ContactPoint;Country;FAQPage;ImageObject;ListItem;Offer;OfferCatalog;Organization;Question;Service;WebSite,Commercial/transactional,True
https://www.kudozz.in/services/social-campaigns,Service,Multi-Creator Social Media Campaign Services — Kudozz,53,Social Media Campaigns,"Social media influencer campaigns coordinated across multiple creators and platforms — publishing calendar, creative direction, and real-time performance monitoring.",https://www.kudozz.in/services/social-campaigns,yes,425,7,17,21,Answer;BreadcrumbList;BusinessAudience;ContactPoint;Country;FAQPage;ImageObject;ListItem;Offer;OfferCatalog;Organization;Question;Service;WebSite,Commercial/transactional,True
https://www.kudozz.in/services/ugc-campaigns,Service,UGC Campaign Services for Brands in India — Kudozz,50,UGC Campaigns,"UGC marketing agency services: creator-shot content produced for your paid social, website, and email, with usage rights cleared for owned and paid media.",https://www.kudozz.in/services/ugc-campaigns,yes,478,7,17,34,Answer;BreadcrumbList;BusinessAudience;ContactPoint;Country;FAQPage;ImageObject;ListItem;Offer;OfferCatalog;Organization;Question;Service;WebSite,Commercial/transactional,True
https://www.kudozz.in/terms,Static,Terms & Conditions — Kudozz,27,Terms & Conditions,The terms governing use of the Kudozz website.,https://www.kudozz.in/terms,yes,189,6,9,0,ContactPoint;Country;ImageObject;Offer;OfferCatalog;Organization;Service;WebSite,Informational (brand),True
